timestamp,gpu0_used_mb,gpu1_used_mb,gpu2_used_mb,gpu3_used_mb,gpu4_used_mb,gpu5_used_mb
2026-05-24 17:04:03,64523,61650,61650,61650,61650,61814
2026-05-24 17:04:13,64535,61664,61664,61664,61664,61828
2026-05-24 17:04:23,19271,13526,13526,13526,13526,13690
2026-05-24 17:04:33,19271,13526,13526,13526,13526,13690
2026-05-24 17:04:44,19271,13526,13526,13526,13526,13690
2026-05-24 17:04:54,19271,13526,13526,13526,13526,13690
2026-05-24 17:05:04,19271,13526,13526,13526,13526,13690
2026-05-24 17:05:14,19271,13526,13526,13526,13526,13690
2026-05-24 17:05:24,19271,13526,13526,13526,13526,13690
2026-05-24 17:05:34,19271,13526,13526,13526,13526,13690
2026-05-24 17:05:44,19271,13526,13526,13526,13526,13690
2026-05-24 17:05:54,19271,13526,13526,13526,13526,13690
2026-05-24 17:06:04,19271,13526,13526,13526,13526,13690
2026-05-24 17:06:14,19271,13526,13526,13526,13526,13690
2026-05-24 17:06:24,19271,13526,13526,13526,13526,13690
2026-05-24 17:06:34,19271,13526,13526,13526,13526,13690
2026-05-24 17:06:44,19271,13526,13526,13526,13526,13690
2026-05-24 17:06:55,19271,13526,13526,13526,13526,13690
2026-05-24 17:07:05,19271,13526,13526,13526,13526,13690
2026-05-24 17:07:15,19271,13526,13526,13526,13526,13690
2026-05-24 17:07:25,19271,13526,13526,13526,13526,13690
2026-05-24 17:07:35,19271,13526,13526,13526,13526,13690
2026-05-24 17:07:45,19271,13526,13526,13526,13526,13690
2026-05-24 17:07:55,19271,13526,13526,13526,13526,13690
2026-05-24 17:08:05,19271,13526,13526,13526,13526,13690
2026-05-24 17:08:15,19271,13526,13526,13526,13526,13690
2026-05-24 17:08:25,19271,13526,13526,13526,13526,13690
2026-05-24 17:08:36,19271,13526,13526,13526,13526,13690
2026-05-24 17:08:46,8480,5554,5554,5554,5552,5554
2026-05-24 17:08:58,8480,5554,5554,5554,5552,5554
2026-05-24 17:09:08,8480,5554,5554,5554,5552,5554
2026-05-24 17:09:18,8480,5554,5554,5554,5552,5554
2026-05-24 17:09:28,8480,5554,5554,5554,5552,5554
2026-05-24 17:09:38,8480,5974,5974,5974,5972,5974
2026-05-24 17:09:48,14403,11724,11724,11724,11722,11852
2026-05-24 17:09:58,67211,66520,66520,66520,66518,66480
2026-05-24 17:10:08,64233,63648,63648,63648,63648,63600
2026-05-24 17:10:19,69217,68560,68560,68560,68560,68494
2026-05-24 17:10:29,69217,68560,68560,68560,68560,68494
2026-05-24 17:10:39,69217,68560,68560,68560,68560,68494
2026-05-24 17:10:49,69217,68560,68560,68560,68560,68494
2026-05-24 17:10:59,69217,68560,68560,68560,68560,68494
2026-05-24 17:11:09,69217,68560,68560,68560,68560,68494
2026-05-24 17:11:19,69217,68560,68560,68560,68560,68494
2026-05-24 17:11:29,69217,68560,68560,68560,68560,68494
2026-05-24 17:11:40,69217,68560,68560,68560,68560,68494
2026-05-24 17:11:50,69217,68560,68560,68560,68560,68494
2026-05-24 17:12:00,30959,45204,45204,45204,45204,45368
2026-05-24 17:12:10,63891,60976,60976,60976,60976,61140
2026-05-24 17:12:20,63893,60978,60978,60978,60978,61142
2026-05-24 17:12:30,63893,60978,60978,60978,60978,61142
2026-05-24 17:12:40,19271,13526,13526,13526,13526,13690
2026-05-24 17:12:50,19271,13526,13526,13526,13526,13690
2026-05-24 17:13:00,19271,13526,13526,13526,13526,13690
2026-05-24 17:13:10,19271,13526,13526,13526,13526,13690
2026-05-24 17:13:20,19271,13526,13526,13526,13526,13690
2026-05-24 17:13:30,19271,13526,13526,13526,13526,13690
2026-05-24 17:13:40,19271,13526,13526,13526,13526,13690
2026-05-24 17:13:51,19271,13526,13526,13526,13526,13690
2026-05-24 17:14:01,19271,13526,13526,13526,13526,13690
2026-05-24 17:14:11,19271,13526,13526,13526,13526,13690
2026-05-24 17:14:21,19271,13526,13526,13526,13526,13690
2026-05-24 17:14:31,19271,13526,13526,13526,13526,13690
2026-05-24 17:14:41,19271,13526,13526,13526,13526,13690
2026-05-24 17:14:51,19271,13526,13526,13526,13526,13690
2026-05-24 17:15:01,19271,13526,13526,13526,13526,13690
2026-05-24 17:15:11,19271,13526,13526,13526,13526,13690
2026-05-24 17:15:21,19271,13526,13526,13526,13526,13690
2026-05-24 17:15:32,19271,13526,13526,13526,13526,13690
2026-05-24 17:15:42,19271,13526,13526,13526,13526,13690
2026-05-24 17:15:52,19271,13526,13526,13526,13526,13690
2026-05-24 17:16:02,19271,13526,13526,13526,13526,13690
2026-05-24 17:16:12,19271,13526,13526,13526,13526,13690
2026-05-24 17:16:22,19271,13526,13526,13526,13526,13690
2026-05-24 17:16:33,19271,13526,13526,13526,13526,13690
2026-05-24 17:16:43,19271,13526,13526,13526,13526,13690
2026-05-24 17:16:53,19271,13526,13526,13526,13526,13690
2026-05-24 17:17:03,19271,13526,13526,13526,13526,13690
2026-05-24 17:17:13,19271,13526,13526,13526,13526,13690
2026-05-24 17:17:23,8480,5554,5554,5554,5552,5554
2026-05-24 17:17:39,8480,5554,5554,5554,5552,5554
2026-05-24 17:17:49,8480,5554,5554,5554,5552,5554
2026-05-24 17:18:00,8480,5554,5554,5554,5552,5554
2026-05-24 17:18:10,8480,5554,5554,5554,5552,5554
2026-05-24 17:18:20,8480,6393,6393,6393,6391,6393
2026-05-24 17:18:30,14403,12562,12562,12562,12560,12690
2026-05-24 17:18:40,42924,40446,40446,40446,40890,40606
2026-05-24 17:18:50,58577,57432,57432,57432,57432,57216
2026-05-24 17:19:00,63561,62342,62344,62344,62342,62110
2026-05-24 17:19:11,8480,5554,5554,5554,5552,5554
2026-05-24 17:19:21,8480,5554,5554,5554,5552,5554
2026-05-24 17:19:31,8480,5554,5554,5554,5552,5554
2026-05-24 17:19:41,8480,5554,5554,5554,5552,5554
2026-05-24 17:19:51,8480,5554,5554,5554,5552,5554
2026-05-24 17:20:01,8480,5974,5974,5974,5972,5974
2026-05-24 17:20:11,15753,13074,13074,13074,13072,13202
2026-05-24 17:20:22,68723,68088,68088,68088,68086,68104
2026-05-24 17:20:32,65745,65216,65216,65216,65216,65224
2026-05-24 17:20:42,70729,70128,70128,70128,70128,70118
2026-05-24 17:20:52,70729,70128,70128,70128,70128,70118
2026-05-24 17:21:02,70729,70128,70128,70128,70128,70118
2026-05-24 17:21:12,70729,70128,70128,70128,70128,70118
2026-05-24 17:21:22,70729,70128,70128,70128,70128,70118
2026-05-24 17:21:32,70729,70128,70128,70128,70128,70118
2026-05-24 17:21:42,70729,70128,70128,70128,70128,70118
2026-05-24 17:21:52,70729,70128,70128,70128,70128,70118
2026-05-24 17:22:02,70729,70128,70128,70128,70128,70118
2026-05-24 17:22:12,70729,70128,70128,70128,70128,70118
2026-05-24 17:22:22,58941,57852,57852,57852,57852,58016
2026-05-24 17:22:32,58941,57852,57852,57852,57852,58016
2026-05-24 17:22:43,58943,57854,57854,57854,57854,58018
2026-05-24 17:22:53,58955,57868,57872,57868,57868,58032
2026-05-24 17:23:03,19121,13376,13376,13376,13376,13540
2026-05-24 17:23:13,19121,13376,13376,13376,13376,13540
2026-05-24 17:23:23,19121,13376,13376,13376,13376,13540
2026-05-24 17:23:33,19121,13376,13376,13376,13376,13540
2026-05-24 17:23:43,19121,13376,13376,13376,13376,13540
2026-05-24 17:23:53,19121,13376,13376,13376,13376,13540
2026-05-24 17:24:03,19121,13376,13376,13376,13376,13540
2026-05-24 17:24:13,19121,13376,13376,13376,13376,13540
2026-05-24 17:24:23,19121,13376,13376,13376,13376,13540
2026-05-24 17:24:33,19121,13376,13376,13376,13376,13540
2026-05-24 17:24:43,19121,13376,13376,13376,13376,13540
2026-05-24 17:24:54,19121,13376,13376,13376,13376,13540
2026-05-24 17:25:04,19121,13376,13376,13376,13376,13540
2026-05-24 17:25:15,19121,13376,13376,13376,13376,13540
2026-05-24 17:25:25,19121,13376,13376,13376,13376,13540
2026-05-24 17:25:35,19121,13376,13376,13376,13376,13540
2026-05-24 17:25:45,19121,13376,13376,13376,13376,13540
2026-05-24 17:25:55,19121,13376,13376,13376,13376,13540
2026-05-24 17:26:05,19121,13376,13376,13376,13376,13540
2026-05-24 17:26:16,19121,13376,13376,13376,13376,13540
2026-05-24 17:26:26,19121,13376,13376,13376,13376,13540
2026-05-24 17:26:36,19121,13376,13376,13376,13376,13540
2026-05-24 17:26:46,19121,13376,13376,13376,13376,13540
2026-05-24 17:26:56,19121,13376,13376,13376,13376,13540
2026-05-24 17:27:06,19121,13376,13376,13376,13376,13540
2026-05-24 17:27:16,19121,13376,13376,13376,13376,13540
2026-05-24 17:27:26,19121,13376,13376,13376,13376,13540
2026-05-24 17:27:36,19121,13376,13376,13376,13376,13540
2026-05-24 17:27:46,19121,13376,13376,13376,13376,13540
2026-05-24 17:27:56,19121,13376,13376,13376,13376,13540
2026-05-24 17:28:06,19121,13376,13376,13376,13376,13540
2026-05-24 17:28:16,19121,13376,13376,13376,13376,13540
2026-05-24 17:28:26,19121,13376,13376,13376,13376,13540
2026-05-24 17:28:37,19121,13376,13376,13376,13376,13540
2026-05-24 17:28:47,19121,13376,13376,13376,13376,13540
2026-05-24 17:28:57,19121,13376,13376,13376,13376,13540
2026-05-24 17:29:07,19121,13376,13376,13376,13376,13540
2026-05-24 17:29:17,19121,13376,13376,13376,13376,13540
2026-05-24 17:29:27,19121,13376,13376,13376,13376,13540
2026-05-24 17:29:37,19121,13376,13376,13376,13376,13540
2026-05-24 17:29:47,19121,13376,13376,13376,13376,13540
2026-05-24 17:29:57,19121,13376,13376,13376,13376,13540
2026-05-24 17:30:07,19121,13376,13376,13376,13376,13540
2026-05-24 17:30:17,19121,13376,13376,13376,13376,13540
2026-05-24 17:30:27,19121,13376,13376,13376,13376,13540
2026-05-24 17:30:38,19121,13376,13376,13376,13376,13540
2026-05-24 17:30:48,19121,13376,13376,13376,13376,13540
2026-05-24 17:30:58,19121,13376,13376,13376,13376,13540
2026-05-24 17:31:08,19121,13376,13376,13376,13376,13540
2026-05-24 17:31:18,19121,13376,13376,13376,13376,13540
2026-05-24 17:31:29,19121,13376,13376,13376,13376,13540
2026-05-24 17:31:39,19121,13376,13376,13376,13376,13540
2026-05-24 17:31:49,19121,13376,13376,13376,13376,13540
2026-05-24 17:31:59,19121,13376,13376,13376,13376,13540
2026-05-24 17:32:09,19121,13376,13376,13376,13376,13540
2026-05-24 17:32:19,19121,13376,13376,13376,13376,13540
2026-05-24 17:32:29,19121,13376,13376,13376,13376,13540
2026-05-24 17:32:40,19121,13376,13376,13376,13376,13540
2026-05-24 17:32:50,19121,13376,13376,13376,13376,13540
2026-05-24 17:33:00,19121,13376,13376,13376,13376,13540
2026-05-24 17:33:10,19121,13376,13376,13376,13376,13540
2026-05-24 17:33:20,19121,13376,13376,13376,13376,13540
2026-05-24 17:33:30,19121,13376,13376,13376,13376,13540
2026-05-24 17:33:40,19121,13376,13376,13376,13376,13540
2026-05-24 17:33:50,19121,13376,13376,13376,13376,13540
2026-05-24 17:34:00,19121,13376,13376,13376,13376,13540
2026-05-24 17:34:10,19121,13376,13376,13376,13376,13540
2026-05-24 17:34:20,19121,13376,13376,13376,13376,13540
2026-05-24 17:34:30,19121,13376,13376,13376,13376,13540
2026-05-24 17:34:41,19121,13376,13376,13376,13376,13540
2026-05-24 17:34:51,19121,13376,13376,13376,13376,13540
2026-05-24 17:35:01,19121,13376,13376,13376,13376,13540
2026-05-24 17:35:11,19121,13376,13376,13376,13376,13540
2026-05-24 17:35:21,19121,13376,13376,13376,13376,13540
2026-05-24 17:35:31,19121,13376,13376,13376,13376,13540
2026-05-24 17:35:41,19121,13376,13376,13376,13376,13540
2026-05-24 17:35:51,19121,13376,13376,13376,13376,13540
2026-05-24 17:36:01,19121,13376,13376,13376,13376,13540
2026-05-24 17:36:11,19121,13376,13376,13376,13376,13540
2026-05-24 17:36:21,19121,13376,13376,13376,13376,13540
2026-05-24 17:36:31,19121,13376,13376,13376,13376,13540
2026-05-24 17:36:41,19121,13376,13376,13376,13376,13540
2026-05-24 17:36:51,19121,13376,13376,13376,13376,13540
2026-05-24 17:37:01,19121,13376,13376,13376,13376,13540
2026-05-24 17:37:11,19121,13376,13376,13376,13376,13540
2026-05-24 17:37:21,19121,13376,13376,13376,13376,13540
2026-05-24 17:37:31,19121,13376,13376,13376,13376,13540
2026-05-24 17:37:42,19121,13376,13376,13376,13376,13540
2026-05-24 17:37:52,19121,13376,13376,13376,13376,13540
2026-05-24 17:38:02,19121,13376,13376,13376,13376,13540
2026-05-24 17:38:12,19121,13376,13376,13376,13376,13540
2026-05-24 17:38:22,19121,13376,13376,13376,13376,13540
2026-05-24 17:38:33,19121,13376,13376,13376,13376,13540
2026-05-24 17:38:43,19121,13376,13376,13376,13376,13540
2026-05-24 17:38:53,19121,13376,13376,13376,13376,13540
2026-05-24 17:39:03,19121,13376,13376,13376,13376,13540
2026-05-24 17:39:13,19121,13376,13376,13376,13376,13540
2026-05-24 17:39:23,19121,13376,13376,13376,13376,13540
2026-05-24 17:39:34,19121,13376,13376,13376,13376,13540
2026-05-24 17:39:44,19121,13376,13376,13376,13376,13540
2026-05-24 17:39:54,19121,13376,13376,13376,13376,13540
2026-05-24 17:40:04,19121,13376,13376,13376,13376,13540
2026-05-24 17:40:14,19121,13376,13376,13376,13376,13540
2026-05-24 17:40:24,19121,13376,13376,13376,13376,13540
2026-05-24 17:40:34,25105,22060,13376,13376,13376,13540
2026-05-24 17:40:44,25105,22060,22060,22060,22060,13540
2026-05-24 17:40:54,79757,76712,76712,76712,76712,76726
2026-05-24 17:41:04,79757,76712,76712,76712,76712,76726
2026-05-24 17:41:14,79757,76712,76712,76712,76712,76726
2026-05-24 17:41:24,79757,76712,76712,76712,76712,76726
2026-05-24 17:41:35,79757,76712,76712,76712,76712,76726
2026-05-24 17:41:45,79757,76712,76712,76712,76712,76726
2026-05-24 17:41:55,79757,76712,76712,76712,76712,76726
2026-05-24 17:42:05,79757,76712,76712,76712,76712,76726
2026-05-24 17:42:15,79757,76712,76712,76712,76712,76726
2026-05-24 17:42:25,79757,76712,76712,76712,76712,76726
2026-05-24 17:42:35,79757,76712,76712,76712,76712,76726
2026-05-24 17:42:45,79757,76712,76712,76712,76712,76726
2026-05-24 17:42:55,79757,76712,76712,76712,76712,76726
2026-05-24 17:43:05,79757,76712,76712,76712,76712,76726
2026-05-24 17:43:15,79757,76712,76712,76712,76712,76726
2026-05-24 17:43:25,37193,34148,34148,34148,34148,34162
2026-05-24 17:43:35,80943,79308,79308,79308,79308,79636
2026-05-24 17:43:46,80943,79308,79308,79308,79308,79636
2026-05-24 17:43:56,80943,79308,79308,79308,79308,79636
2026-05-24 17:44:06,80943,79308,79308,79308,79308,79636
2026-05-24 17:44:16,80943,79308,79308,79308,79308,79636
2026-05-24 17:44:26,80943,79308,79308,79308,79308,79636
2026-05-24 17:44:36,80943,79308,79308,79308,79308,79636
2026-05-24 17:44:47,80943,79308,79308,79308,79308,79636
2026-05-24 17:44:57,80943,79308,79308,79308,79308,79636
2026-05-24 17:45:07,80943,79308,79308,79308,79308,79636
2026-05-24 17:45:17,43137,36366,36368,36368,36368,39094
2026-05-24 17:45:27,72653,65882,65884,65884,65884,68610
2026-05-24 17:45:37,72653,65884,65884,65884,65884,68612
2026-05-24 17:45:48,31055,24430,24430,24430,24430,26414
2026-05-24 17:45:58,31055,24430,24430,24430,24430,26414
2026-05-24 17:46:08,31055,24430,24430,24430,24430,26414
2026-05-24 17:46:18,31055,24430,24430,24430,24430,26414
2026-05-24 17:46:28,31055,24430,24430,24430,24430,26414
2026-05-24 17:46:38,31055,24430,24430,24430,24430,26414
2026-05-24 17:46:48,31055,24430,24430,24430,24430,26414
2026-05-24 17:46:58,31055,24430,24430,24430,24430,26414
2026-05-24 17:47:08,31055,24430,24430,24430,24430,26414
2026-05-24 17:47:18,31055,24430,24430,24430,24430,26414
2026-05-24 17:47:28,31055,24430,24430,24430,24430,26414
2026-05-24 17:47:38,31055,24430,24430,24430,24430,26414
2026-05-24 17:47:48,31055,24430,24430,24430,24430,26414
2026-05-24 17:47:59,31055,24430,24430,24430,24430,26414
2026-05-24 17:48:09,31055,24430,24430,24430,24430,26414
2026-05-24 17:48:19,31055,24430,24430,24430,24430,26414
2026-05-24 17:48:29,31055,24430,24430,24430,24430,26414
2026-05-24 17:48:39,31055,24430,24430,24430,24430,26414
2026-05-24 17:48:49,31055,24430,24430,24430,24430,26414
2026-05-24 17:48:59,31055,24430,24430,24430,24430,26414
2026-05-24 17:49:09,31055,24430,24430,24430,24430,26414
2026-05-24 17:49:19,31055,24430,24430,24430,24430,26414
2026-05-24 17:49:29,31055,24430,24430,24430,24430,26414
2026-05-24 17:49:39,31055,24430,24430,24430,24430,26414
2026-05-24 17:49:49,31055,24430,24430,24430,24430,26414
2026-05-24 17:49:59,31055,24430,24430,24430,24430,26414
2026-05-24 17:50:10,31055,24430,24430,24430,24430,26414
2026-05-24 17:50:20,31055,24430,24430,24430,24430,26414
2026-05-24 17:50:30,31055,24430,24430,24430,24430,26414
2026-05-24 17:50:40,31055,24430,24430,24430,24430,26414
2026-05-24 17:50:50,31055,24430,24430,24430,24430,26414
2026-05-24 17:51:00,31055,24430,24430,24430,24430,26414
2026-05-24 17:51:11,31055,24430,24430,24430,24430,26414
2026-05-24 17:51:21,31055,24430,24430,24430,24430,26414
2026-05-24 17:51:31,31055,24430,24430,24430,24430,26414
2026-05-24 17:51:41,31055,24430,24430,24430,24430,26414
2026-05-24 17:51:51,31055,24430,24430,24430,24430,26414
2026-05-24 17:52:01,31055,24430,24430,24430,24430,26414
2026-05-24 17:52:11,31055,24430,24430,24430,24430,26414
2026-05-24 17:52:21,31055,24430,24430,24430,24430,26414
2026-05-24 17:52:31,31055,24430,24430,24430,24430,26414
2026-05-24 17:52:41,31055,24430,24430,24430,24430,26414
2026-05-24 17:52:51,31055,24430,24430,24430,24430,26414
2026-05-24 17:53:01,31055,24430,24430,24430,24430,26414
2026-05-24 17:53:11,31055,24430,24430,24430,24430,26414
2026-05-24 17:53:21,31055,24430,24430,24430,24430,26414
2026-05-24 17:53:32,31055,24430,24430,24430,24430,26414
2026-05-24 17:53:42,31055,24430,24430,24430,24430,26414
2026-05-24 17:53:52,31055,24430,24430,24430,24430,26414
2026-05-24 17:54:02,31055,24430,24430,24430,24430,26414
2026-05-24 17:54:12,31055,24430,24430,24430,24430,26414
2026-05-24 17:54:22,31055,24430,24430,24430,24430,26414
2026-05-24 17:54:32,31055,24430,24430,24430,24430,26414
2026-05-24 17:54:42,31055,24430,24430,24430,24430,26414
2026-05-24 17:54:52,31055,24430,24430,24430,24430,26414
2026-05-24 17:55:02,31055,24430,24430,24430,24430,26414
2026-05-24 17:55:12,31055,24430,24430,24430,24430,26414
2026-05-24 17:55:22,31055,24430,24430,24430,24430,26414
2026-05-24 17:55:32,31055,24430,24430,24430,24430,26414
2026-05-24 17:55:42,31055,24430,24430,24430,24430,26414
2026-05-24 17:55:53,31055,24430,24430,24430,24430,26414
2026-05-24 17:56:03,31055,24430,24430,24430,24430,26414
2026-05-24 17:56:13,31055,24430,24430,24430,24430,26414
2026-05-24 17:56:24,31055,24430,24430,24430,24430,26414
2026-05-24 17:56:34,31055,24430,24430,24430,24430,26414
2026-05-24 17:56:44,31055,24430,24430,24430,24430,26414
2026-05-24 17:56:54,31055,24430,24430,24430,24430,26414
2026-05-24 17:57:04,31055,24430,24430,24430,24430,26414
2026-05-24 17:57:14,31055,24430,24430,24430,24430,26414
2026-05-24 17:57:25,31055,24430,24430,24430,24430,26414
2026-05-24 17:57:35,31055,24430,24430,24430,24430,26414
2026-05-24 17:57:45,31055,24430,24430,24430,24430,26414
2026-05-24 17:57:55,31055,24430,24430,24430,24430,26414
2026-05-24 17:58:05,31055,24430,24430,24430,24430,26414
2026-05-24 17:58:15,31055,24430,24430,24430,24430,26414
2026-05-24 17:58:25,31055,24430,24430,24430,24430,26414
2026-05-24 17:58:35,31055,24430,24430,24430,24430,26414
2026-05-24 17:58:45,31055,24430,24430,24430,24430,26414
2026-05-24 17:58:55,31055,24430,24430,24430,24430,26414
2026-05-24 17:59:05,31055,24430,24430,24430,24430,26414
2026-05-24 17:59:15,31055,24430,24430,24430,24430,26414
2026-05-24 17:59:25,31055,24430,24430,24430,24430,26414
2026-05-24 17:59:36,31055,24430,24430,24430,24430,26414
2026-05-24 17:59:46,31055,24430,24430,24430,24430,26414
2026-05-24 17:59:56,31055,24430,24430,24430,24430,26414
2026-05-24 18:00:06,31055,24430,24430,24430,24430,26414
2026-05-24 18:00:16,31055,24430,24430,24430,24430,26414
2026-05-24 18:00:26,31055,24430,24430,24430,24430,26414
2026-05-24 18:00:36,31055,24430,24430,24430,24430,26414
2026-05-24 18:00:46,31055,24430,24430,24430,24430,26414
2026-05-24 18:00:56,31055,24430,24430,24430,24430,26414
2026-05-24 18:01:06,31055,24430,24430,24430,24430,26414
2026-05-24 18:01:16,31055,24430,24430,24430,24430,26414
2026-05-24 18:01:26,31055,24430,24430,24430,24430,26414
2026-05-24 18:01:36,31055,24430,24430,24430,24430,26414
2026-05-24 18:01:46,31055,24430,24430,24430,24430,26414
2026-05-24 18:01:56,31055,24430,24430,24430,24430,26414
2026-05-24 18:02:06,31055,24430,24430,24430,24430,26414
2026-05-24 18:02:16,31055,24430,24430,24430,24430,26414
2026-05-24 18:02:26,31055,24430,24430,24430,24430,26414
2026-05-24 18:02:37,31055,24430,24430,24430,24430,26414
2026-05-24 18:02:47,31055,24430,24430,24430,24430,26414
2026-05-24 18:02:57,31055,24430,24430,24430,24430,26414
2026-05-24 18:03:07,31055,24430,24430,24430,24430,26414
2026-05-24 18:03:17,31055,24430,24430,24430,24430,26414
2026-05-24 18:03:27,31055,24430,24430,24430,24430,26414
2026-05-24 18:03:38,31055,24430,24430,24430,24430,26414
2026-05-24 18:03:48,34751,32048,24430,24430,24430,26414
2026-05-24 18:03:58,34751,32048,32048,32048,32048,26414
2026-05-24 18:04:08,74235,79784,79784,79784,79784,80074
2026-05-24 18:04:18,74235,80478,80478,80478,80478,80420
2026-05-24 18:04:28,48025,43524,43522,43524,43524,46900
2026-05-24 18:04:39,74235,71758,71758,71758,71758,80420
2026-05-24 18:04:49,74311,71834,71758,71758,71758,80420
2026-05-24 18:04:59,73789,71388,71312,71312,71312,79974
2026-05-24 18:05:09,48025,45968,45966,45966,45968,46900
2026-05-24 18:05:19,80475,80478,80478,80478,80478,80420
2026-05-24 18:05:29,74235,80478,80478,80478,80478,80420
2026-05-24 18:05:39,48025,43202,43202,43202,43202,46900
2026-05-24 18:05:49,74235,71758,71758,71758,71758,80420
2026-05-24 18:05:59,74235,71758,71758,71758,71758,80420
2026-05-24 18:06:09,73789,71312,71312,71312,71312,79974
2026-05-24 18:06:20,48025,45968,45966,45966,45968,46900
2026-05-24 18:06:30,80475,80478,80478,80478,80478,80420
2026-05-24 18:06:40,74235,80478,80478,80478,80478,80420
2026-05-24 18:06:50,67021,63164,63164,63164,63164,63550
2026-05-24 18:07:00,46015,41192,41192,41192,41192,46550
2026-05-24 18:07:11,37193,34148,34148,34148,34148,34052
2026-05-24 18:07:21,81093,79308,79606,79608,79608,79324
2026-05-24 18:07:31,81093,79308,79608,79608,79608,79324
2026-05-24 18:07:41,81093,79308,79608,79608,79608,79324
2026-05-24 18:07:51,81093,79308,79608,79608,79608,79324
2026-05-24 18:08:01,81093,79308,79608,79608,79608,79324
2026-05-24 18:08:11,81093,79308,79608,79608,79608,79324
2026-05-24 18:08:21,81093,79308,79608,79608,79608,79324
2026-05-24 18:08:31,81093,79308,79608,79608,79608,79324
2026-05-24 18:08:41,81093,79308,79608,79608,79608,79324
2026-05-24 18:08:52,81093,79308,79608,79608,79608,79324
2026-05-24 18:09:02,41627,36900,36900,36898,36900,36802
2026-05-24 18:09:12,73277,68552,68550,68548,68550,68452
2026-05-24 18:09:22,73277,68552,68550,68550,68550,68454
2026-05-24 18:09:32,73277,68552,68550,68550,68550,68454
2026-05-24 18:09:42,31203,24578,24578,24578,24578,24482
2026-05-24 18:09:53,31203,24578,24578,24578,24578,24482
2026-05-24 18:10:03,31203,24578,24578,24578,24578,24482
2026-05-24 18:10:13,31203,24578,24578,24578,24578,24482
2026-05-24 18:10:23,31203,24578,24578,24578,24578,24482
2026-05-24 18:10:33,31203,24578,24578,24578,24578,24482
2026-05-24 18:10:43,31203,24578,24578,24578,24578,24482
2026-05-24 18:10:53,31203,24578,24578,24578,24578,24482
2026-05-24 18:11:03,31203,24578,24578,24578,24578,24482
2026-05-24 18:11:14,31203,24578,24578,24578,24578,24482
2026-05-24 18:11:24,31203,24578,24578,24578,24578,24482
2026-05-24 18:11:34,31203,24578,24578,24578,24578,24482
2026-05-24 18:11:44,31203,24578,24578,24578,24578,24482
2026-05-24 18:11:54,31203,24578,24578,24578,24578,24482
2026-05-24 18:12:04,31203,24578,24578,24578,24578,24482
2026-05-24 18:12:14,31203,24578,24578,24578,24578,24482
2026-05-24 18:12:24,31203,24578,24578,24578,24578,24482
2026-05-24 18:12:34,31203,24578,24578,24578,24578,24482
2026-05-24 18:12:44,31203,24578,24578,24578,24578,24482
2026-05-24 18:12:54,31203,24578,24578,24578,24578,24482
2026-05-24 18:13:04,31203,24578,24578,24578,24578,24482
2026-05-24 18:13:14,31203,24578,24578,24578,24578,24482
2026-05-24 18:13:25,31203,24578,24578,24578,24578,24482
2026-05-24 18:13:35,31203,24578,24578,24578,24578,24482
2026-05-24 18:13:45,31203,24578,24578,24578,24578,24482
2026-05-24 18:13:55,31203,24578,24578,24578,24578,24482
2026-05-24 18:14:05,31203,24578,24578,24578,24578,24482
2026-05-24 18:14:15,31203,24578,24578,24578,24578,24482
2026-05-24 18:14:25,31203,24578,24578,24578,24578,24482
2026-05-24 18:14:35,31203,24578,24578,24578,24578,24482
2026-05-24 18:14:45,31203,24578,24578,24578,24578,24482
2026-05-24 18:14:55,31203,24578,24578,24578,24578,24482
2026-05-24 18:15:06,31203,24578,24578,24578,24578,24482
2026-05-24 18:15:16,31203,24578,24578,24578,24578,24482
2026-05-24 18:15:26,31203,24578,24578,24578,24578,24482
2026-05-24 18:15:36,31203,24578,24578,24578,24578,24482
2026-05-24 18:15:46,31203,24578,24578,24578,24578,24482
2026-05-24 18:15:56,31203,24578,24578,24578,24578,24482
2026-05-24 18:16:07,31203,24578,24578,24578,24578,24482
2026-05-24 18:16:17,31203,24578,24578,24578,24578,24482
2026-05-24 18:16:27,31203,24578,24578,24578,24578,24482
2026-05-24 18:16:37,31203,24578,24578,24578,24578,24482
2026-05-24 18:16:47,31203,24578,24578,24578,24578,24482
2026-05-24 18:16:57,31203,24578,24578,24578,24578,24482
2026-05-24 18:17:07,31203,24578,24578,24578,24578,24482
2026-05-24 18:17:17,31203,24578,24578,24578,24578,24482
2026-05-24 18:17:27,31203,24578,24578,24578,24578,24482
2026-05-24 18:17:37,31203,24578,24578,24578,24578,24482
2026-05-24 18:17:47,31203,24578,24578,24578,24578,24482
2026-05-24 18:17:57,31203,24578,24578,24578,24578,24482
2026-05-24 18:18:07,31203,24578,24578,24578,24578,24482
2026-05-24 18:18:18,31203,24578,24578,24578,24578,24482
2026-05-24 18:18:28,31203,24578,24578,24578,24578,24482
2026-05-24 18:18:38,31203,24578,24578,24578,24578,24482
2026-05-24 18:18:48,31203,24578,24578,24578,24578,24482
2026-05-24 18:18:58,31203,24578,24578,24578,24578,24482
2026-05-24 18:19:08,31203,24578,24578,24578,24578,24482
2026-05-24 18:19:18,31203,24578,24578,24578,24578,24482
2026-05-24 18:19:28,31203,24578,24578,24578,24578,24482
2026-05-24 18:19:38,31203,24578,24578,24578,24578,24482
2026-05-24 18:19:48,31203,24578,24578,24578,24578,24482
2026-05-24 18:19:58,31203,24578,24578,24578,24578,24482
2026-05-24 18:20:08,31203,24578,24578,24578,24578,24482
2026-05-24 18:20:18,31203,24578,24578,24578,24578,24482
2026-05-24 18:20:29,31203,24578,24578,24578,24578,24482
2026-05-24 18:20:39,31203,24578,24578,24578,24578,24482
2026-05-24 18:20:49,31203,24578,24578,24578,24578,24482
2026-05-24 18:20:59,31203,24578,24578,24578,24578,24482
2026-05-24 18:21:09,31203,24578,24578,24578,24578,24482
2026-05-24 18:21:19,31203,24578,24578,24578,24578,24482
2026-05-24 18:21:29,31203,24578,24578,24578,24578,24482
2026-05-24 18:21:40,31203,24578,24578,24578,24578,24482
2026-05-24 18:21:50,31203,24578,24578,24578,24578,24482
2026-05-24 18:22:00,31203,24578,24578,24578,24578,24482
2026-05-24 18:22:10,31203,24578,24578,24578,24578,24482
2026-05-24 18:22:20,31203,24578,24578,24578,24578,24482
2026-05-24 18:22:30,31203,24578,24578,24578,24578,24482
2026-05-24 18:22:41,31203,24578,24578,24578,24578,24482
2026-05-24 18:22:51,31203,24578,24578,24578,24578,24482
2026-05-24 18:23:01,31203,24578,24578,24578,24578,24482
2026-05-24 18:23:11,31203,24578,24578,24578,24578,24482
2026-05-24 18:23:21,31203,24578,24578,24578,24578,24482
2026-05-24 18:23:31,31203,24578,24578,24578,24578,24482
2026-05-24 18:23:41,31203,24578,24578,24578,24578,24482
2026-05-24 18:23:51,31203,24578,24578,24578,24578,24482
2026-05-24 18:24:01,31203,24578,24578,24578,24578,24482
2026-05-24 18:24:11,31203,24578,24578,24578,24578,24482
2026-05-24 18:24:21,31203,24578,24578,24578,24578,24482
2026-05-24 18:24:31,31203,24578,24578,24578,24578,24482
2026-05-24 18:24:41,31203,24578,24578,24578,24578,24482
2026-05-24 18:24:51,31203,24578,24578,24578,24578,24482
2026-05-24 18:25:01,31203,24578,24578,24578,24578,24482
2026-05-24 18:25:11,31203,24578,24578,24578,24578,24482
2026-05-24 18:25:21,31203,24578,24578,24578,24578,24482
2026-05-24 18:25:31,31203,24578,24578,24578,24578,24482
2026-05-24 18:25:41,31203,24578,24578,24578,24578,24482
2026-05-24 18:25:51,31203,24578,24578,24578,24578,24482
2026-05-24 18:26:01,31203,24578,24578,24578,24578,24482
2026-05-24 18:26:12,31203,24578,24578,24578,24578,24482
2026-05-24 18:26:22,31203,24578,24578,24578,24578,24482
2026-05-24 18:26:32,31203,24578,24578,24578,24578,24482
2026-05-24 18:26:42,31203,24578,24578,24578,24578,24482
2026-05-24 18:26:52,31203,24578,24578,24578,24578,24482
2026-05-24 18:27:02,31203,24578,24578,24578,24578,24482
2026-05-24 18:27:12,31203,24578,24578,24578,24578,24482
2026-05-24 18:27:22,31203,24578,24578,24578,24578,24482
2026-05-24 18:27:33,35067,24578,24578,24578,24578,24482
2026-05-24 18:27:43,35067,32580,32580,24578,24578,24482
2026-05-24 18:27:53,55445,52958,52958,52958,52958,52592
2026-05-24 18:28:03,63827,79224,79568,79224,78880,78784
2026-05-24 18:28:13,76775,73328,73328,73328,73328,73232
2026-05-24 18:28:23,48191,43368,43368,43368,43368,43272
2026-05-24 18:28:34,76851,73328,73328,73328,73328,73232
2026-05-24 18:28:44,48191,43712,43712,43712,43712,43616
2026-05-24 18:28:54,76775,73328,73328,73328,73404,73232
2026-05-24 18:29:04,68569,65122,65122,65122,65122,64682
2026-05-24 18:29:14,76775,73328,73328,73328,73328,73232
2026-05-24 18:29:25,76329,72882,72882,72882,72882,72786
2026-05-24 18:29:35,46161,41338,41338,41338,41338,41242
2026-05-24 18:29:46,76775,73328,73404,73328,73404,73232
2026-05-24 18:29:56,48191,43712,43712,43712,43712,43616
2026-05-24 18:30:06,76775,73328,73328,73404,73404,73308
2026-05-24 18:30:16,48191,44056,44056,44056,44056,43616
2026-05-24 18:30:26,76775,73328,73328,73328,73404,73232
2026-05-24 18:30:36,46161,41338,41338,41338,41338,41242
2026-05-24 18:30:46,76775,73328,73328,73404,73328,73232
2026-05-24 18:30:56,48191,43368,43368,43368,43368,43272
2026-05-24 18:31:07,76775,73404,73328,73328,73328,73232
2026-05-24 18:31:17,48191,43712,43712,43712,43712,43616
2026-05-24 18:31:27,37153,34148,34148,34148,34148,34052
2026-05-24 18:31:37,80047,79306,79306,79306,79306,79322
2026-05-24 18:31:47,8480,5554,5554,5554,5552,5554
2026-05-24 18:31:57,8480,5554,5554,5554,5552,5554
2026-05-24 18:32:07,8480,5554,5554,5554,5552,5554
2026-05-24 18:32:17,8480,5554,5554,5554,5552,5554
2026-05-24 18:32:27,8480,5554,5554,5554,5552,5554
2026-05-24 18:32:37,8480,5554,5554,5554,5552,5554
2026-05-24 18:32:47,8480,5554,5554,5554,5552,5554
2026-05-24 18:32:57,8480,5554,5554,5554,5552,5554
2026-05-24 18:33:07,8480,5554,5554,5554,5552,5554
2026-05-24 18:33:18,8480,5554,5554,5554,5552,5554
2026-05-24 18:33:28,8480,5554,5554,5554,5552,5554
2026-05-24 18:33:38,8480,5554,5554,5554,5552,5554
2026-05-24 18:33:48,8480,5554,5554,5554,5552,5554
2026-05-24 18:33:58,8480,5554,5554,5554,5552,5554
2026-05-24 18:34:08,8480,5554,5554,5554,5552,5554
2026-05-24 18:34:18,8480,5554,5554,5554,5552,5554
2026-05-24 18:34:28,8480,5554,5554,5554,5552,5554
2026-05-24 18:34:38,8480,5554,5554,5554,5552,5554
2026-05-24 18:34:49,8480,6393,6391,6391,6391,6393
2026-05-24 18:34:59,13353,11093,11093,11093,11091,11221
2026-05-24 18:35:09,35375,32435,32435,32435,32433,32317
2026-05-24 18:35:19,8480,26486,26486,78499,26484,78659
2026-05-24 18:35:31,8480,5554,5554,5554,5552,5554
2026-05-24 18:35:41,8480,5554,5554,5554,5552,5554
2026-05-24 18:35:51,8480,5554,5554,5554,5552,5554
2026-05-24 18:36:01,8480,5554,5554,5554,5552,5554
2026-05-24 18:36:11,8480,5554,5554,5554,5552,5554
2026-05-24 18:36:21,8480,5554,5554,5554,5552,5554
2026-05-24 18:36:31,8480,5974,5974,5974,5972,5974
2026-05-24 18:36:41,14631,11606,11606,11606,11604,11584
2026-05-24 18:36:51,68723,68088,68088,68088,68086,68104
2026-05-24 18:37:02,65745,65216,65216,65216,65216,65224
2026-05-24 18:37:12,70729,70128,70128,70128,70128,70118
2026-05-24 18:37:22,70729,70128,70128,70128,70128,70118
2026-05-24 18:37:32,70729,70128,70128,70128,70128,70118
2026-05-24 18:37:42,70729,70128,70128,70128,70128,70118
2026-05-24 18:37:52,70729,70128,70128,70128,70128,70118
2026-05-24 18:38:02,70729,70128,70128,70128,70128,70118
2026-05-24 18:38:12,70729,70128,70128,70128,70128,70118
2026-05-24 18:38:22,70729,70128,70128,70128,70128,70118
2026-05-24 18:38:32,70729,70128,70128,70128,70128,70118
2026-05-24 18:38:42,70729,70128,70128,70128,70128,70118
2026-05-24 18:38:52,37647,36478,36478,36478,36478,36642
2026-05-24 18:39:02,56273,51220,51220,51220,51220,51384
2026-05-24 18:39:12,8480,5554,5554,5554,5552,5554
2026-05-24 18:39:22,8480,5554,5554,5554,5552,5554
2026-05-24 18:39:33,8480,5554,5554,5554,5552,5554
2026-05-24 18:39:43,8480,5554,5554,5554,5552,5554
2026-05-24 18:39:53,8480,5554,5554,5554,5552,5554
2026-05-24 18:40:03,8480,5554,5554,5554,5552,5554
2026-05-24 18:40:13,8480,5974,5974,5974,5972,5974
2026-05-24 18:40:23,14631,11606,11606,11606,11604,11584
2026-05-24 18:40:33,68723,68088,53452,68088,68088,68104
2026-05-24 18:40:43,65745,65216,65216,65216,65216,65224
2026-05-24 18:40:53,70729,70128,70128,70128,70128,70118
2026-05-24 18:41:03,70729,70128,70128,70128,70128,70118
2026-05-24 18:41:13,70729,70128,70128,70128,70128,70118
2026-05-24 18:41:24,70729,70128,70128,70128,70128,70118
2026-05-24 18:41:34,70729,70128,70128,70128,70128,70118
2026-05-24 18:41:44,70729,70128,70128,70128,70128,70118
2026-05-24 18:41:54,70729,70128,70128,70128,70128,70118
2026-05-24 18:42:04,70729,70128,70128,70128,70128,70118
2026-05-24 18:42:14,70729,70128,70128,70128,70128,70118
2026-05-24 18:42:24,28489,27380,27380,27380,27380,27544
2026-05-24 18:42:34,58681,57572,57572,57572,57572,57736
2026-05-24 18:42:44,58683,57574,57574,57574,57574,57738
2026-05-24 18:42:54,58683,57574,57574,57574,57574,57738
2026-05-24 18:43:04,19121,13376,13376,13376,13376,13540
2026-05-24 18:43:14,19121,13376,13376,13376,13376,13540
2026-05-24 18:43:25,19121,13376,13376,13376,13376,13540
2026-05-24 18:43:35,19121,13376,13376,13376,13376,13540
2026-05-24 18:43:45,19121,13376,13376,13376,13376,13540
2026-05-24 18:43:55,19121,13376,13376,13376,13376,13540
2026-05-24 18:44:05,19121,13376,13376,13376,13376,13540
2026-05-24 18:44:15,19121,13376,13376,13376,13376,13540
2026-05-24 18:44:25,19121,13376,13376,13376,13376,13540
2026-05-24 18:44:35,19121,13376,13376,13376,13376,13540
2026-05-24 18:44:45,19121,13376,13376,13376,13376,13540
2026-05-24 18:44:55,19121,13376,13376,13376,13376,13540
2026-05-24 18:45:05,19121,13376,13376,13376,13376,13540
2026-05-24 18:45:15,19121,13376,13376,13376,13376,13540
2026-05-24 18:45:25,19121,13376,13376,13376,13376,13540
2026-05-24 18:45:36,19121,13376,13376,13376,13376,13540
2026-05-24 18:45:46,19121,13376,13376,13376,13376,13540
2026-05-24 18:45:56,19121,13376,13376,13376,13376,13540
2026-05-24 18:46:06,19121,13376,13376,13376,13376,13540
2026-05-24 18:46:16,19121,13376,13376,13376,13376,13540
2026-05-24 18:46:27,19121,13376,13376,13376,13376,13540
2026-05-24 18:46:37,19121,13376,13376,13376,13376,13540
2026-05-24 18:46:47,19121,13376,13376,13376,13376,13540
2026-05-24 18:46:57,19121,13376,13376,13376,13376,13540
2026-05-24 18:47:07,19121,13376,13376,13376,13376,13540
2026-05-24 18:47:17,19121,13376,13376,13376,13376,13540
2026-05-24 18:47:28,19121,13376,13376,13376,13376,13540
2026-05-24 18:47:38,19121,13376,13376,13376,13376,13540
2026-05-24 18:47:48,19121,13376,13376,13376,13376,13540
2026-05-24 18:47:58,19121,13376,13376,13376,13376,13540
2026-05-24 18:48:08,19121,13376,13376,13376,13376,13540
2026-05-24 18:48:18,19121,13376,13376,13376,13376,13540
2026-05-24 18:48:28,19121,13376,13376,13376,13376,13540
2026-05-24 18:48:38,19121,13376,13376,13376,13376,13540
2026-05-24 18:48:48,19121,13376,13376,13376,13376,13540
2026-05-24 18:48:58,19121,13376,13376,13376,13376,13540
2026-05-24 18:49:08,19121,13376,13376,13376,13376,13540
2026-05-24 18:49:18,19121,13376,13376,13376,13376,13540
2026-05-24 18:49:28,19121,13376,13376,13376,13376,13540
2026-05-24 18:49:38,19121,13376,13376,13376,13376,13540
2026-05-24 18:49:49,19121,13376,13376,13376,13376,13540
2026-05-24 18:49:59,19121,13376,13376,13376,13376,13540
2026-05-24 18:50:09,19121,13376,13376,13376,13376,13540
2026-05-24 18:50:19,19121,13376,13376,13376,13376,13540
2026-05-24 18:50:29,19121,13376,13376,13376,13376,13540
2026-05-24 18:50:39,19121,13376,13376,13376,13376,13540
2026-05-24 18:50:49,8480,5554,5554,5554,5552,5554
2026-05-24 18:51:00,8480,5554,5554,5554,5552,5554
2026-05-24 18:51:10,8480,5554,5554,5554,5552,5554
2026-05-24 18:51:20,8480,5554,5554,5554,5552,5554
2026-05-24 18:51:30,8480,5554,5554,5554,5552,5554
2026-05-24 18:51:40,8480,5554,5554,5554,5552,5554
2026-05-24 18:51:50,8480,5554,5554,5554,5552,5554
2026-05-24 18:52:01,8480,5554,5554,5554,5552,5554
2026-05-24 18:52:11,8480,5974,5974,5974,5972,5974
2026-05-24 18:52:21,8949,6024,6024,6024,6022,6024
2026-05-24 18:52:31,14631,11606,11606,11606,11604,11584
2026-05-24 18:52:41,54209,53008,53008,53008,53008,52960
2026-05-24 18:52:51,59191,57918,57918,57918,57918,57852
2026-05-24 18:53:01,59191,57918,57918,57918,57918,57852
2026-05-24 18:53:11,59191,57918,57918,57918,57918,57852
2026-05-24 18:53:21,59193,57918,57918,57920,57918,57852
2026-05-24 18:53:31,59193,57918,57920,57920,57920,57852
2026-05-24 18:53:41,59193,57920,57920,57920,57920,57854
2026-05-24 18:53:51,59193,57920,57920,57920,57920,57854
2026-05-24 18:54:01,59193,57920,57920,57920,57920,57854
2026-05-24 18:54:11,8480,5554,5554,5554,5552,5554
2026-05-24 18:54:21,8480,5554,5554,5554,5552,5554
2026-05-24 18:54:31,8480,5554,5554,5554,5552,5554
2026-05-24 18:54:41,8480,5554,5554,5554,5552,5554
2026-05-24 18:54:52,8480,5554,5554,5554,5552,5554
2026-05-24 18:55:02,8480,5554,5554,5554,5552,5554
2026-05-24 18:55:12,8480,5554,5554,5554,5552,5554
2026-05-24 18:55:22,8480,5554,5554,5554,5552,5554
2026-05-24 18:55:32,8480,5554,5554,5554,5552,5554
2026-05-24 18:55:42,8480,5554,5554,5554,5552,5554
2026-05-24 18:55:52,8480,5554,5554,5554,5552,5554
2026-05-24 18:56:02,8480,5554,5554,5554,5552,5554
2026-05-24 18:56:12,8480,5554,5554,5554,5552,5554
2026-05-24 18:56:22,8480,5554,5554,5554,5552,5554
2026-05-24 18:56:32,8480,5974,5974,5974,5972,5974
2026-05-24 18:56:42,14631,11606,11606,11606,11604,11584
2026-05-24 18:56:52,57187,55880,55880,55880,55880,55840
2026-05-24 18:57:03,54209,53008,53008,53008,53008,52960
2026-05-24 18:57:13,59191,57918,57918,57918,57918,57852
2026-05-24 18:57:23,59191,57920,57918,57918,57918,57852
2026-05-24 18:57:33,59191,57920,57918,57918,57918,57852
2026-05-24 18:57:43,59191,57920,57918,57920,57918,57854
2026-05-24 18:57:53,59193,57920,57918,57920,57920,57854
2026-05-24 18:58:03,59193,57920,57920,57920,57920,57854
2026-05-24 18:58:13,59193,57920,57920,57920,57920,57854
2026-05-24 18:58:23,56493,53498,53498,53498,53498,53402
2026-05-24 18:58:33,12885,9220,9220,9220,9220,9124
2026-05-24 18:58:44,12885,9220,9220,9220,9220,9124
2026-05-24 18:58:54,12885,9220,9220,9220,9220,9124
2026-05-24 18:59:04,12885,9220,9220,9220,9220,9124
2026-05-24 18:59:14,12885,9220,9220,9220,9220,9124
2026-05-24 18:59:24,12885,9220,9220,9220,9220,9124
2026-05-24 18:59:34,12885,9220,9220,9220,9220,9124
2026-05-24 18:59:45,12885,9220,9220,9220,9220,9124
2026-05-24 18:59:55,12885,9220,9220,9220,9220,9124
2026-05-24 19:00:05,12885,9220,9220,9220,9220,9124
2026-05-24 19:00:15,12885,9220,9220,9220,9220,9124
2026-05-24 19:00:25,12885,9220,9220,9220,9220,9124
2026-05-24 19:00:35,12885,9220,9220,9220,9220,9124
2026-05-24 19:00:45,12885,9220,9220,9220,9220,9124
2026-05-24 19:00:55,12885,9220,9220,9220,9220,9124
2026-05-24 19:01:05,12885,9220,9220,9220,9220,9124
2026-05-24 19:01:15,12885,9220,9220,9220,9220,9124
2026-05-24 19:01:25,12885,9220,9220,9220,9220,9124
2026-05-24 19:01:36,12885,9220,9220,9220,9220,9124
2026-05-24 19:01:46,12885,9220,9220,9220,9220,9124
2026-05-24 19:01:56,12885,9220,9220,9220,9220,9124
2026-05-24 19:02:06,12885,9220,9220,9220,9220,9124
2026-05-24 19:02:16,12885,9220,9220,9220,9220,9124
2026-05-24 19:02:26,12885,9220,9220,9220,9220,9124
2026-05-24 19:02:36,12885,9220,9220,9220,9220,9124
2026-05-24 19:02:46,12885,9220,9220,9220,9220,9124
2026-05-24 19:02:56,12885,9220,9220,9220,9220,9124
2026-05-24 19:03:06,12885,9220,9220,9220,9220,9124
2026-05-24 19:03:16,12885,9220,9220,9220,9220,9124
2026-05-24 19:03:26,12885,9220,9220,9220,9220,9124
2026-05-24 19:03:36,12885,9220,9220,9220,9220,9124
2026-05-24 19:03:46,12885,9220,9220,9220,9220,9124
2026-05-24 19:03:56,12885,9220,9220,9220,9220,9124
2026-05-24 19:04:06,12885,9220,9220,9220,9220,9124
2026-05-24 19:04:16,12885,9220,9220,9220,9220,9124
2026-05-24 19:04:26,12885,9220,9220,9220,9220,9124
2026-05-24 19:04:36,12885,9220,9220,9220,9220,9124
2026-05-24 19:04:46,12885,9220,9220,9220,9220,9124
2026-05-24 19:04:57,12885,9220,9220,9220,9220,9124
2026-05-24 19:05:07,12885,9220,9220,9220,9220,9124
2026-05-24 19:05:18,12885,9220,9220,9220,9220,9124
2026-05-24 19:05:28,12885,9220,9220,9220,9220,9124
2026-05-24 19:05:38,12885,9220,9220,9220,9220,9124
2026-05-24 19:05:48,12885,9220,9220,9220,9220,9124
2026-05-24 19:05:58,12885,9220,9220,9220,9220,9124
2026-05-24 19:06:08,12885,9220,9220,9220,9220,9124
2026-05-24 19:06:18,12885,9220,9220,9220,9220,9124
2026-05-24 19:06:29,12885,9220,9220,9220,9220,9124
2026-05-24 19:06:39,12885,9220,9220,9220,9220,9124
2026-05-24 19:06:49,12885,9220,9220,9220,9220,9124
2026-05-24 19:06:59,64191,61192,61192,61192,61192,61096
2026-05-24 19:07:09,77189,74190,74190,74190,74190,74094
2026-05-24 19:07:19,77189,74190,74190,74190,74190,74094
2026-05-24 19:07:29,77189,74190,74190,74190,74190,74094
2026-05-24 19:07:39,77189,74190,74190,74190,74190,74094
2026-05-24 19:07:49,37145,34146,34146,34146,34146,34050
2026-05-24 19:07:59,68083,66628,66606,66618,66622,66588
2026-05-24 19:08:09,68415,66630,66606,66618,66622,66588
2026-05-24 19:08:19,68415,66630,66606,66618,66622,66588
2026-05-24 19:08:29,68415,66630,66606,66620,66622,66590
2026-05-24 19:08:40,68417,66630,66606,66620,66624,66590
2026-05-24 19:08:50,68417,66630,66608,66620,66624,66590
2026-05-24 19:09:00,68417,66630,66608,66620,66624,66590
2026-05-24 19:09:10,37461,34510,34510,34510,34510,34414
2026-05-24 19:09:20,22911,19396,19396,19396,19396,19300
2026-05-24 19:09:30,22911,19396,19396,19396,19396,19300
2026-05-24 19:09:40,22911,19396,19396,19396,19396,19300
2026-05-24 19:09:50,22911,19396,19396,19396,19396,19300
2026-05-24 19:10:00,22911,19396,19396,19396,19396,19300
2026-05-24 19:10:10,22911,19396,19396,19396,19396,19300
2026-05-24 19:10:20,22911,19396,19396,19396,19396,19300
2026-05-24 19:10:30,22911,19396,19396,19396,19396,19300
2026-05-24 19:10:41,22911,19396,19396,19396,19396,19300
2026-05-24 19:10:51,22911,19396,19396,19396,19396,19300
2026-05-24 19:11:01,22911,19396,19396,19396,19396,19300
2026-05-24 19:11:11,22911,19396,19396,19396,19396,19300
2026-05-24 19:11:21,22911,19396,19396,19396,19396,19300
2026-05-24 19:11:31,22911,19396,19396,19396,19396,19300
2026-05-24 19:11:41,22911,19396,19396,19396,19396,19300
2026-05-24 19:11:51,22911,19396,19396,19396,19396,19300
2026-05-24 19:12:01,22911,19396,19396,19396,19396,19300
2026-05-24 19:12:12,22911,19396,19396,19396,19396,19300
2026-05-24 19:12:22,22911,19396,19396,19396,19396,19300
2026-05-24 19:12:32,22911,19396,19396,19396,19396,19300
2026-05-24 19:12:42,22911,19396,19396,19396,19396,19300
2026-05-24 19:12:52,22911,19396,19396,19396,19396,19300
2026-05-24 19:13:02,22911,19396,19396,19396,19396,19300
2026-05-24 19:13:12,22911,19396,19396,19396,19396,19300
2026-05-24 19:13:22,22911,19396,19396,19396,19396,19300
2026-05-24 19:13:33,22911,19396,19396,19396,19396,19300
2026-05-24 19:13:43,22911,19396,19396,19396,19396,19300
2026-05-24 19:13:53,22911,19396,19396,19396,19396,19300
2026-05-24 19:14:03,22911,19396,19396,19396,19396,19300
2026-05-24 19:14:13,22911,19396,19396,19396,19396,19300
2026-05-24 19:14:23,8480,5554,5554,5554,5552,5554
2026-05-24 19:14:37,8480,5554,5554,5554,5552,5554
2026-05-24 19:14:47,8480,5554,5554,5554,5552,5554
2026-05-24 19:14:57,8480,5974,5974,5974,5972,5974
2026-05-24 19:15:07,11853,9174,9174,9174,9172,9302
2026-05-24 19:15:17,14631,11606,11606,11606,11604,11584
2026-05-24 19:15:27,54209,53008,53008,53008,53008,52960
2026-05-24 19:15:37,59191,57918,57918,57918,57918,57852
2026-05-24 19:15:47,59191,57918,57918,57918,57918,57852
2026-05-24 19:15:57,59191,57918,57918,57918,57918,57852
2026-05-24 19:16:07,59191,57918,57918,57918,57918,57854
2026-05-24 19:16:17,59193,57918,57920,57920,57920,57854
2026-05-24 19:16:28,59193,57920,57920,57920,57920,57854
2026-05-24 19:16:38,59193,57920,57920,57920,57920,57854
2026-05-24 19:16:48,27703,24692,24692,24692,24692,24596
2026-05-24 19:16:58,57725,54714,54714,54714,54714,54618
2026-05-24 19:17:08,24151,21178,9220,9220,9220,9124
2026-05-24 19:17:18,67125,64152,64152,64152,64152,64056
2026-05-24 19:17:28,78173,75200,75200,75200,75200,75104
2026-05-24 19:17:38,78173,75200,75200,75200,75200,75104
2026-05-24 19:17:48,78173,75200,75200,75200,75200,75104
2026-05-24 19:17:58,78173,75200,75200,75200,75200,75104
2026-05-24 19:18:08,36989,34166,34166,34166,34166,34070
2026-05-24 19:18:18,67897,66442,66444,66446,66440,66398
2026-05-24 19:18:28,67899,66442,66776,66446,66770,66398
2026-05-24 19:18:39,67899,66442,66776,66446,66770,66398
2026-05-24 19:18:49,67899,66444,66776,66446,66770,66400
2026-05-24 19:18:59,67899,66444,66776,66448,66772,66400
2026-05-24 19:19:09,67899,66444,66776,66448,66772,66400
2026-05-24 19:19:19,67899,66444,66776,66448,66772,66400
2026-05-24 19:19:29,39829,36856,36856,36856,36856,36760
2026-05-24 19:19:39,73533,70562,70562,70562,70562,70466
2026-05-24 19:19:49,34245,31728,31728,31728,19540,19444
2026-05-24 19:19:59,77149,74838,74838,74838,74838,74742
2026-05-24 19:20:10,79379,80760,80684,80684,80760,80664
2026-05-24 19:20:20,76853,73998,73998,73998,73998,73978
2026-05-24 19:20:30,79379,80684,80684,80684,80684,80588
2026-05-24 19:20:40,76929,74074,74074,74074,74074,73978
2026-05-24 19:20:50,77375,74520,74520,74520,74520,74424
2026-05-24 19:21:00,20977,17946,17946,17946,17946,17850
2026-05-24 19:21:11,8480,5554,5554,5554,5552,5554
2026-05-24 19:21:24,8480,5554,5554,5554,5552,5554
2026-05-24 19:21:34,8480,5554,5554,5554,5552,5554
2026-05-24 19:21:45,8480,5974,5974,5974,5972,5974
2026-05-24 19:21:55,12153,9324,8062,8434,8432,8040
2026-05-24 19:22:05,29191,24864,24448,23968,23998,25086
2026-05-24 19:22:15,54209,53008,53008,53008,53008,52960
2026-05-24 19:22:25,59193,57920,57920,57920,57920,57854
2026-05-24 19:22:36,59193,57920,57920,57920,57920,57854
2026-05-24 19:22:46,59193,57920,57920,57920,57920,57854
2026-05-24 19:22:56,59193,57920,57920,57920,57920,57854
2026-05-24 19:23:06,59193,57920,57920,57920,57920,57854
2026-05-24 19:23:16,59193,57920,57920,57920,57920,57854
2026-05-24 19:23:26,59193,57920,57920,57920,57920,57854
2026-05-24 19:23:36,59193,57920,57920,57920,57920,57854
2026-05-24 19:23:46,59193,57920,57920,57920,57920,57854
2026-05-24 19:23:56,59193,57920,57920,57920,57920,57854
2026-05-24 19:24:07,28641,25636,25636,25636,25636,25800
2026-05-24 19:24:17,60047,57042,57042,57042,57042,57206
2026-05-24 19:24:27,60049,57044,57044,57044,57044,57208
2026-05-24 19:24:37,60053,57050,57050,57050,57050,57214
2026-05-24 19:24:47,19121,13526,13526,13526,13526,13690
2026-05-24 19:24:57,25125,20576,13526,13526,13526,13690
2026-05-24 19:25:07,25125,22380,22380,22380,13526,13690
2026-05-24 19:25:17,68025,65280,65280,65280,65280,65294
2026-05-24 19:25:27,80873,78128,78128,78128,78128,78142
2026-05-24 19:25:37,80873,78128,78128,78128,78128,78142
2026-05-24 19:25:47,80873,78128,78128,78128,78128,78142
2026-05-24 19:25:57,80873,78128,78128,78128,78128,78142
2026-05-24 19:26:08,80873,78128,78128,78128,78128,78142
2026-05-24 19:26:18,80873,78128,78128,78128,78128,78142
2026-05-24 19:26:28,80873,78128,78128,78128,78128,78142
2026-05-24 19:26:38,80873,78128,78128,78128,78128,78142
2026-05-24 19:26:48,80873,78128,78128,78128,78128,78142
2026-05-24 19:26:58,80873,78128,78128,78128,78128,78142
2026-05-24 19:27:08,80873,78128,78128,78128,78128,78142
2026-05-24 19:27:18,80873,78128,78128,78128,78128,78142
2026-05-24 19:27:28,80873,78128,78128,78128,78128,78142
2026-05-24 19:27:38,80873,78128,78128,78128,78128,78142
2026-05-24 19:27:49,24827,20732,20732,20732,20732,20486
2026-05-24 19:27:59,36907,34012,34012,34012,34012,33916
2026-05-24 19:28:09,36907,34012,34012,34012,34012,33916
2026-05-24 19:28:19,69427,67378,67378,67378,67378,67494
2026-05-24 19:28:29,69427,67378,67378,67378,67378,67494
2026-05-24 19:28:39,69427,67378,67378,67378,67378,67494
2026-05-24 19:28:50,69427,67378,67378,67378,67378,67494
2026-05-24 19:29:00,69427,67378,67378,67378,67378,67494
2026-05-24 19:29:10,69427,67378,67378,67378,67378,67494
2026-05-24 19:29:20,69427,67378,67378,67378,67378,67494
2026-05-24 19:29:30,69427,67378,67378,67378,67378,67494
2026-05-24 19:29:40,69427,67378,67378,67378,67378,67494
2026-05-24 19:29:50,69427,67378,67378,67378,67378,67494
2026-05-24 19:30:00,8480,5554,5554,5554,5552,5554
2026-05-24 19:30:11,8480,5554,5554,5554,5552,5554
2026-05-24 19:30:21,8480,5554,5554,5554,5552,5554
2026-05-24 19:30:31,8480,5974,5974,5974,5972,5974
2026-05-24 19:30:41,10181,9024,9024,9024,9022,9078
2026-05-24 19:30:51,14631,11828,11606,11606,11604,11806
2026-05-24 19:31:01,64233,63534,63648,63648,63648,63594
2026-05-24 19:31:11,69215,71438,71480,68558,68558,71426
2026-05-24 19:31:21,69217,68562,68560,68560,68560,68690
2026-05-24 19:31:31,69217,68562,68560,68560,68560,68690
2026-05-24 19:31:41,69217,68562,68560,68560,68560,68690
2026-05-24 19:31:52,69217,68562,68560,68560,68560,68690
2026-05-24 19:32:02,69217,68562,68560,68560,68560,68690
2026-05-24 19:32:12,69217,68562,68560,68560,68560,68690
2026-05-24 19:32:22,69217,68562,68560,68560,68560,68690
2026-05-24 19:32:32,69217,68562,68560,68560,68560,68690
2026-05-24 19:32:42,69217,68562,68560,68560,68560,68690
2026-05-24 19:32:52,69217,68562,68560,68560,68560,68690
2026-05-24 19:33:02,63801,61018,60880,60880,60880,60954
2026-05-24 19:33:12,63803,61020,60882,60882,60882,60956
2026-05-24 19:33:22,63803,61020,60882,60882,60882,60956
2026-05-24 19:33:32,63815,61034,60900,60896,60896,60970
2026-05-24 19:33:42,23471,15946,13526,13526,13526,13750
2026-05-24 19:33:52,25659,22578,18776,13526,13526,13750
2026-05-24 19:34:03,25659,22578,22558,22558,22558,13750
2026-05-24 19:34:13,77845,80260,80240,80240,80240,80164
2026-05-24 19:34:23,80619,80260,80240,80240,80240,80164
2026-05-24 19:34:33,80619,80260,80240,80240,80240,80164
2026-05-24 19:34:43,80619,80260,80240,80240,80240,80164
2026-05-24 19:34:53,80619,80260,80240,80240,80240,80164
2026-05-24 19:35:04,80619,80260,80240,80240,80240,80164
2026-05-24 19:35:14,80619,80260,80240,80240,80240,80164
2026-05-24 19:35:24,80619,80260,80240,80240,80240,80164
2026-05-24 19:35:34,80619,80260,80240,80240,80240,80164
2026-05-24 19:35:44,80619,80260,80240,80240,80240,80164
2026-05-24 19:35:54,80619,80260,80240,80240,80240,80164
2026-05-24 19:36:04,80619,80260,80240,80240,80240,80164
2026-05-24 19:36:14,80619,80260,80240,80240,80240,80164
2026-05-24 19:36:24,80619,80260,80240,80240,80240,80164
2026-05-24 19:36:34,80619,80260,80240,80240,80240,80164
2026-05-24 19:36:44,80619,80260,80240,80240,80240,80164
2026-05-24 19:36:54,37103,34320,34150,34150,34150,34224
2026-05-24 19:37:05,37103,34320,34150,34150,34150,34224
2026-05-24 19:37:15,79869,78838,78190,78192,78192,78316
2026-05-24 19:37:25,79869,78838,78192,78192,78192,78316
2026-05-24 19:37:35,79869,78838,78192,78192,78192,78316
2026-05-24 19:37:45,79869,78838,78192,78192,78192,78316
2026-05-24 19:37:55,79869,78838,78192,78192,78192,78316
2026-05-24 19:38:05,79869,78838,78192,78192,78192,78316
2026-05-24 19:38:15,79869,78838,78192,78192,78192,78316
2026-05-24 19:38:25,79869,78838,78192,78192,78192,78316
2026-05-24 19:38:35,79869,78838,78192,78192,78192,78316
2026-05-24 19:38:45,79869,78838,78192,78192,78192,78316
2026-05-24 19:38:55,42025,40270,38024,38024,38022,39574
2026-05-24 19:39:06,71607,69852,67606,67606,67604,69156
2026-05-24 19:39:16,71609,69854,67606,67606,67606,69158
2026-05-24 19:39:26,30385,28332,25032,25032,25032,27186
2026-05-24 19:39:36,34831,31878,25032,25032,25032,27186
2026-05-24 19:39:46,34831,31878,32050,32050,32050,27186
2026-05-24 19:39:56,74155,81062,80228,80228,80228,80044
2026-05-24 19:40:06,74155,41670,80922,80922,80922,81034
2026-05-24 19:40:16,47805,45304,44470,44470,44470,47384
2026-05-24 19:40:26,45795,43294,41494,41494,41494,47034
2026-05-24 19:40:37,74231,71654,72286,72210,72286,81034
2026-05-24 19:40:47,74155,71654,72210,72210,72210,81034
2026-05-24 19:40:57,73709,71208,71840,71764,71840,80588
2026-05-24 19:41:08,47805,52418,46278,46280,46280,47384
2026-05-24 19:41:18,74155,41670,80922,80922,80922,81034
2026-05-24 19:41:29,74155,41670,80922,80922,80922,81034
2026-05-24 19:41:39,47805,45304,43826,43824,43826,47384
2026-05-24 19:41:49,80395,77894,78450,78450,78450,81034
2026-05-24 19:41:59,74231,71654,72286,72286,72286,81034
2026-05-24 19:42:09,73785,71284,71840,71840,71840,80588
2026-05-24 19:42:19,47805,52418,46280,46278,46280,47384
2026-05-24 19:42:29,80395,52070,80922,80922,80922,81034
2026-05-24 19:42:39,74155,41670,80922,80922,80922,81034
2026-05-24 19:42:49,73709,80864,80922,80922,80922,81034
2026-05-24 19:42:59,37103,34320,34130,34130,34130,34224
2026-05-24 19:43:09,79869,78838,79046,79046,79046,78198
2026-05-24 19:43:19,79869,78838,79046,79046,79046,78198
2026-05-24 19:43:30,79869,78840,79046,79046,79046,78198
2026-05-24 19:43:40,79869,78840,79046,79046,79046,78198
2026-05-24 19:43:50,79869,78840,79046,79046,79046,78198
2026-05-24 19:44:00,79869,78840,79046,79046,79046,78198
2026-05-24 19:44:10,79869,78840,79046,79046,79046,78198
2026-05-24 19:44:20,79869,78840,79046,79046,79046,78198
2026-05-24 19:44:30,79869,78840,79046,79046,79046,78198
2026-05-24 19:44:40,79869,78840,79046,79046,79046,78198
2026-05-24 19:44:50,41787,38506,37914,37914,37914,37810
2026-05-24 19:45:00,72107,68826,68234,68234,68234,68130
2026-05-24 19:45:10,72109,68828,68236,68236,68236,68132
2026-05-24 19:45:20,72109,68828,68236,68236,68236,68132
2026-05-24 19:45:31,30383,28330,25180,25180,25180,27184
2026-05-24 19:45:41,34833,32210,31880,25180,25180,27184
2026-05-24 19:45:51,76477,73778,73778,73854,73854,73760
2026-05-24 19:46:01,74421,71920,80418,80418,80418,71224
2026-05-24 19:46:11,45791,43290,46128,48536,48536,53186
2026-05-24 19:46:21,74867,72366,80864,80864,80864,42786
2026-05-24 19:46:32,74867,72366,80864,80864,80864,42786
2026-05-24 19:46:42,47807,45306,46476,48884,48884,44610
2026-05-24 19:46:52,74943,72442,80864,80864,80864,71670
2026-05-24 19:47:02,74867,72366,80864,80864,80864,71670
2026-05-24 19:47:12,47807,45306,46476,48884,48884,53534
2026-05-24 19:47:22,45791,43290,46128,48536,48536,53186
2026-05-24 19:47:33,74867,72366,80864,80864,80864,42786
2026-05-24 19:47:43,74421,71920,80418,80418,80418,80960
2026-05-24 19:47:54,45791,43290,46128,48536,48536,42594
2026-05-24 19:48:04,74943,72442,80864,80864,80864,71670
2026-05-24 19:48:15,74867,72366,80864,80864,80864,71670
2026-05-24 19:48:25,47807,45306,46476,48884,48884,53534
2026-05-24 19:48:35,74867,72366,80864,80864,80864,42786
2026-05-24 19:48:45,74867,72366,80864,80864,80864,42786
2026-05-24 19:48:56,47807,45306,46476,48884,48884,44610
2026-05-24 19:49:06,37103,34320,34130,34130,34130,34224
2026-05-24 19:49:16,79869,78838,79046,79046,79046,78198
2026-05-24 19:49:26,79869,78838,79046,79046,79046,78198
2026-05-24 19:49:36,79869,78838,79046,79046,79046,78198
2026-05-24 19:49:46,79869,78838,79046,79046,79046,78198
2026-05-24 19:49:56,79869,78838,79046,79046,79046,78198
2026-05-24 19:50:06,79869,78838,79046,79046,79046,78198
2026-05-24 19:50:16,79869,78838,79046,79046,79046,78198
2026-05-24 19:50:26,79869,78838,79046,79046,79046,78198
2026-05-24 19:50:36,79869,78838,79046,79046,79046,78198
2026-05-24 19:50:46,79869,78838,79046,79046,79046,78198
2026-05-24 19:50:56,79869,78838,79046,79046,79046,78198
2026-05-24 19:51:06,73579,72260,69680,69678,69680,71566
2026-05-24 19:51:16,73579,72262,69680,69680,69682,71568
2026-05-24 19:51:26,73579,72262,69680,69680,69682,71568
2026-05-24 19:51:36,30383,28480,25180,25180,25180,27334
2026-05-24 19:51:46,35337,32384,25180,25180,25180,27334
2026-05-24 19:51:56,35337,32384,32576,32576,32576,27334
2026-05-24 19:52:07,76277,73776,73152,73152,73152,73498
2026-05-24 19:52:17,45791,43290,41640,41640,41640,42594
2026-05-24 19:52:27,76277,73776,73152,73152,73152,73498
2026-05-24 19:52:37,47819,45318,44010,44010,44010,44622
2026-05-24 19:52:47,76277,73776,73152,73152,73152,73422
2026-05-24 19:52:57,68117,65616,64992,64992,64992,65262
2026-05-24 19:53:07,76277,73852,73152,73152,73152,73422
2026-05-24 19:53:17,75831,73330,72706,72706,72706,72976
2026-05-24 19:53:28,78357,80016,79392,79392,79392,79662
2026-05-24 19:53:38,75831,73330,72706,72706,72706,72976
2026-05-24 19:53:48,78433,80092,79468,79468,79468,79738
2026-05-24 19:53:58,75907,73330,72706,72706,72782,72976
2026-05-24 19:54:09,78357,80016,79392,79392,79392,79662
2026-05-24 19:54:19,76277,73776,73152,73152,73152,73422
2026-05-24 19:54:29,45791,43290,41640,41640,41640,42594
2026-05-24 19:54:40,76277,73776,73152,73152,73228,73422
2026-05-24 19:54:50,47819,45318,43668,43668,43668,44622
2026-05-24 19:55:00,76277,73776,73152,73152,73152,73422
2026-05-24 19:55:10,47819,45318,44010,44010,44010,44622
2026-05-24 19:55:20,76277,73776,73152,73152,73152,73422
2026-05-24 19:55:30,47441,44490,44340,44340,44340,44394
2026-05-24 19:55:40,44071,41360,38884,40098,41268,38938
2026-05-24 19:55:50,79869,78838,79046,79046,79046,78198
2026-05-24 19:56:01,79869,78838,79046,79046,79046,78198
2026-05-24 19:56:11,79869,78838,79046,79046,79046,78198
2026-05-24 19:56:21,79869,78838,79046,79046,79046,78198
2026-05-24 19:56:31,79869,78838,79046,79046,79046,78198
2026-05-24 19:56:41,79869,78838,79046,79046,79046,78198
2026-05-24 19:56:51,79869,78838,79046,79046,79046,78198
2026-05-24 19:57:01,79869,78838,79046,79046,79046,78198
2026-05-24 19:57:11,79869,78838,79046,79046,79046,78198
2026-05-24 19:57:21,79869,78838,79046,79046,79046,78198
2026-05-24 19:57:31,71571,70748,68928,68928,68926,70054
2026-05-24 19:57:41,71571,70748,68928,68928,68926,70054
2026-05-24 19:57:51,71573,70748,68928,68928,68928,70054
2026-05-24 19:58:01,30383,28330,25180,25180,25180,27184
2026-05-24 19:58:11,34833,32210,25180,25180,25180,27184
2026-05-24 19:58:21,34833,32210,31880,31880,31880,27184
2026-05-24 19:58:31,74755,41726,81080,81080,81080,81044
2026-05-24 19:58:41,74309,71808,80304,80304,80304,80846
2026-05-24 19:58:51,45791,43290,48520,48520,48520,42594
2026-05-24 19:59:02,74755,72330,80750,80750,80750,71558
2026-05-24 19:59:12,74309,71884,80304,80304,80304,71112
2026-05-24 19:59:23,47807,45306,48868,48868,48868,53518
2026-05-24 19:59:33,74755,72254,80750,80750,80750,42770
2026-05-24 19:59:43,74755,72254,80750,80750,80750,42248
2026-05-24 19:59:53,67247,64746,65908,65908,65908,64050
2026-05-24 20:00:04,74755,72254,80750,80750,80750,71558
2026-05-24 20:00:14,74755,72254,80750,80750,80750,71634
2026-05-24 20:00:24,47807,45306,48868,48868,48868,53518
2026-05-24 20:00:34,74755,72254,80750,80750,80750,42770
2026-05-24 20:00:44,74755,72330,80750,80750,80750,80846
2026-05-24 20:00:54,47807,45304,48868,48868,48868,44610
2026-05-24 20:01:04,74755,72254,80750,80750,80750,71558
2026-05-24 20:01:14,74309,71808,80304,80304,80304,71112
2026-05-24 20:01:25,45791,43290,48520,48520,48520,53170
2026-05-24 20:01:35,74755,72254,80750,80750,80750,42770
2026-05-24 20:01:45,37103,34320,34130,34130,34130,34224
2026-05-24 20:01:55,79869,78838,79046,79046,79046,78198
2026-05-24 20:02:05,79869,78838,79046,79046,79046,78198
2026-05-24 20:02:15,79869,78838,79046,79046,79046,78198
2026-05-24 20:02:25,79869,78838,79046,79046,79046,78198
2026-05-24 20:02:35,79869,78838,79046,79046,79046,78198
2026-05-24 20:02:45,79869,78838,79046,79046,79046,78198
2026-05-24 20:02:55,79869,78838,79046,79046,79046,78198
2026-05-24 20:03:06,79869,78838,79046,79046,79046,78198
2026-05-24 20:03:16,79869,78838,79046,79046,79046,78198
2026-05-24 20:03:26,79869,78838,79046,79046,79046,78198
2026-05-24 20:03:36,67275,65690,64554,64554,64552,64994
2026-05-24 20:03:46,67275,65690,64554,64554,64552,64994
2026-05-24 20:03:56,67277,65690,64554,64554,64554,64994
2026-05-24 20:04:06,33257,28332,25032,25032,25032,27186
2026-05-24 20:04:16,34681,31708,31558,31558,25032,27186
2026-05-24 20:04:26,80375,78602,77254,77254,77254,78056
2026-05-24 20:04:36,80761,79290,80028,80028,80028,80830
2026-05-24 20:04:46,80761,79290,80028,80028,80028,80830
2026-05-24 20:04:56,80761,79290,80028,80028,80028,80830
2026-05-24 20:05:06,80761,79290,80028,80028,80028,80830
2026-05-24 20:05:17,80761,79290,80028,80028,80028,80830
2026-05-24 20:05:27,80761,79290,80028,80028,80028,80830
2026-05-24 20:05:37,80761,79290,80028,80028,80028,80830
2026-05-24 20:05:47,80761,79290,80028,80028,80028,80830
2026-05-24 20:05:57,51103,47428,80028,80028,80028,80830
2026-05-24 20:06:08,51453,47778,80028,80028,80028,80830
2026-05-24 20:06:18,51103,47428,80028,80028,80028,80830
2026-05-24 20:06:28,51453,47778,80028,80028,80028,80830
2026-05-24 20:06:38,51453,47778,80028,80028,80028,80830
2026-05-24 20:06:48,51453,47778,80028,80028,80028,80830
2026-05-24 20:06:58,51103,47428,80028,80028,80028,80830
2026-05-24 20:07:08,37103,37054,37540,39390,38306,34224
2026-05-24 20:07:18,79869,78838,79046,79046,79046,78348
2026-05-24 20:07:28,8480,5554,78416,5554,5552,5554
2026-05-24 20:07:40,8480,5554,5554,5554,5552,5554
2026-05-24 20:07:50,8480,5554,5554,5554,5552,5554
2026-05-24 20:08:00,8480,5554,5554,5554,5552,5554
2026-05-24 20:08:10,8480,5554,5554,5554,5552,5554
2026-05-24 20:08:21,8480,5974,5974,5974,5972,5974
2026-05-24 20:08:31,28383,24086,24086,24086,24084,24758
2026-05-24 20:08:41,57187,41244,55880,55880,55880,55840
2026-05-24 20:08:51,54209,53008,53008,53008,53008,52960
2026-05-24 20:09:01,59193,57920,57920,57920,57920,57854
2026-05-24 20:09:11,59193,57920,57920,57920,57920,57854
2026-05-24 20:09:21,59193,57920,57920,57920,57920,57854
2026-05-24 20:09:31,59193,57920,57920,57920,57920,57854
2026-05-24 20:09:41,59193,57920,57920,57920,57920,57854
2026-05-24 20:09:51,59193,57920,57920,57920,57920,57854
2026-05-24 20:10:01,59193,57920,57920,57920,57920,57854
2026-05-24 20:10:11,59193,57920,57920,57920,57920,57854
2026-05-24 20:10:21,59193,57920,57920,57920,57920,57854
2026-05-24 20:10:31,59193,57920,57920,57920,57920,57854
2026-05-24 20:10:41,60255,57260,57260,57260,57260,57424
2026-05-24 20:10:51,60255,57260,57260,57260,57260,57424
2026-05-24 20:11:01,60255,57260,57260,57260,57260,57424
2026-05-24 20:11:11,23305,18252,18252,18252,18252,18416
2026-05-24 20:11:21,24425,18252,18252,18252,18252,18416
2026-05-24 20:11:32,24425,20058,20058,20058,18252,18416
2026-05-24 20:11:42,75657,72662,72662,72662,72662,72826
2026-05-24 20:11:52,8480,5554,5554,5554,5552,5554
2026-05-24 20:12:02,8480,5554,5554,5554,5552,5554
2026-05-24 20:12:12,8480,5554,5554,5554,5552,5554
2026-05-24 20:12:22,8480,5554,5554,5554,5552,5554
2026-05-24 20:12:33,8480,5554,5554,5554,5552,5554
2026-05-24 20:12:43,8480,5554,5554,5554,5552,5554
2026-05-24 20:12:53,8480,5554,5554,5554,5552,5554
2026-05-24 20:13:03,8480,5554,5554,5554,5552,5554
2026-05-24 20:13:13,8480,5554,5554,5554,5552,5554
2026-05-24 20:13:23,8480,5554,5554,5554,5552,5554
2026-05-24 20:13:34,8480,5554,5554,5554,5552,5554
2026-05-24 20:13:44,8480,6393,6393,6393,6391,6393
2026-05-24 20:13:54,15723,13043,13043,13043,13041,13171
2026-05-24 20:14:04,59923,58627,58627,58627,58625,58565
2026-05-24 20:14:14,73239,72923,72923,72923,72923,72827
2026-05-24 20:14:24,78223,79251,79121,77835,79251,79111
2026-05-24 20:14:34,55779,54618,54618,54618,54618,54552
2026-05-24 20:14:44,55779,54618,54618,54618,54618,54552
2026-05-24 20:14:54,55779,54618,54618,54618,54618,54552
2026-05-24 20:15:04,55779,54618,54618,54618,54618,54552
2026-05-24 20:15:14,55779,54618,54618,54618,54618,54552
2026-05-24 20:15:24,55779,54618,54618,54618,54618,54552
2026-05-24 20:15:35,55779,54618,54618,54618,54618,54552
2026-05-24 20:15:45,55779,54618,54618,54618,54618,54552
2026-05-24 20:15:55,55779,54618,54618,54618,54618,54552
2026-05-24 20:16:05,31205,26752,26752,26752,26752,28536
2026-05-24 20:16:15,65461,61008,61008,61008,61008,62792
2026-05-24 20:16:25,65463,61010,61010,61010,61010,62794
2026-05-24 20:16:35,65463,61010,61010,61010,61010,62794
2026-05-24 20:16:45,65479,61028,61028,61028,61028,62812
2026-05-24 20:16:55,19271,13526,13526,13526,13526,13690
2026-05-24 20:17:05,27801,24976,13526,13526,13526,13690
2026-05-24 20:17:15,27801,24976,24976,20876,13526,13690
2026-05-24 20:17:25,27801,24976,24976,24976,24976,13690
2026-05-24 20:17:36,79013,76258,76268,76272,5936,76484
2026-05-24 20:17:46,8480,5554,5554,5554,5552,5554
2026-05-24 20:17:56,8480,5554,5554,5554,5552,5554
2026-05-24 20:18:06,8480,5554,5554,5554,5552,5554
2026-05-24 20:18:16,8480,5554,5554,5554,5552,5554
2026-05-24 20:18:26,8480,5554,5554,5554,5552,5554
2026-05-24 20:18:36,8480,5554,5554,5554,5552,5554
2026-05-24 20:18:47,8480,5554,5554,5554,5552,5554
2026-05-24 20:18:57,8480,5554,5554,5554,5552,5554
2026-05-24 20:19:07,8480,5554,5554,5554,5552,5554
2026-05-24 20:19:17,8480,5554,5554,5554,5552,5554
2026-05-24 20:19:27,8480,5554,5554,5554,5552,5554
2026-05-24 20:19:37,8480,5554,5554,5554,5552,5554
2026-05-24 20:19:47,8480,5554,5554,5554,5552,5554
2026-05-24 20:19:58,8480,5574,5570,5569,5570,5572
2026-05-24 20:20:08,8480,5974,5974,5974,5972,5974
2026-05-24 20:20:18,14631,11606,11606,11606,11604,11584
2026-05-24 20:20:28,49169,47688,47688,47688,47688,47640
2026-05-24 20:20:38,53663,53454,51344,52598,53902,55446
2026-05-24 20:20:48,54153,52600,52600,52600,52600,52534
2026-05-24 20:20:58,54153,52600,52600,52600,52600,52534
2026-05-24 20:21:09,54153,52600,52600,52600,52600,52534
2026-05-24 20:21:19,54153,52600,52600,52600,52600,52534
2026-05-24 20:21:29,54153,52600,52600,52600,52600,52534
2026-05-24 20:21:39,54153,52600,52600,52600,52600,52534
2026-05-24 20:21:49,54153,52600,52600,52600,52600,52534
2026-05-24 20:21:59,54153,52600,52600,52600,52600,52534
2026-05-24 20:22:09,54153,52600,52600,52600,52600,52534
2026-05-24 20:22:19,28325,27052,27052,27052,27052,27216
2026-05-24 20:22:29,57295,56022,56022,56022,56022,56186
2026-05-24 20:22:39,57297,56024,56024,56024,56024,56188
2026-05-24 20:22:49,57299,56030,56030,56030,56030,56194
2026-05-24 20:22:59,19123,13378,13378,13378,13378,13542
2026-05-24 20:23:09,26667,23918,23918,13378,13378,13542
2026-05-24 20:23:20,26667,23918,23918,23918,23918,13542
2026-05-24 20:23:30,8480,5554,5554,5554,5552,5554
2026-05-24 20:23:46,8480,5554,5554,5554,5552,5554
2026-05-24 20:23:56,8480,5554,5554,5554,5552,5554
2026-05-24 20:24:07,8480,5554,5554,5554,5552,5554
2026-05-24 20:24:17,8480,5554,5554,5554,5552,5554
2026-05-24 20:24:27,8480,5554,5554,5554,5552,5554
2026-05-24 20:24:37,8480,5554,5554,5554,5552,5554
2026-05-24 20:24:47,8480,5554,5554,5554,5552,5554
2026-05-24 20:24:57,8480,5554,5554,5554,5552,5554
2026-05-24 20:25:07,8480,5554,5554,5554,5552,5554
2026-05-24 20:25:17,8480,5554,5554,5554,5552,5554
2026-05-24 20:25:27,8480,5554,5554,5554,5552,5554
2026-05-24 20:25:37,8480,5554,5554,5554,5552,5554
2026-05-24 20:25:48,8480,5974,5974,5974,5972,5974
2026-05-24 20:25:58,12153,9474,9474,9474,9472,9602
2026-05-24 20:26:08,14631,11606,11606,11606,11604,11584
2026-05-24 20:26:18,49169,47688,47688,47688,47688,47640
2026-05-24 20:26:28,54151,52598,52598,52598,52598,52532
2026-05-24 20:26:38,54153,52600,52600,52600,52600,52534
2026-05-24 20:26:48,54153,52600,52600,52600,52600,52534
2026-05-24 20:26:58,54153,52600,52600,52600,52600,52534
2026-05-24 20:27:08,54153,52600,52600,52600,52600,52534
2026-05-24 20:27:18,54153,52600,52600,52600,52600,52534
2026-05-24 20:27:28,54153,52600,52600,52600,52600,52534
2026-05-24 20:27:38,54153,52600,52600,52600,52600,52534
2026-05-24 20:27:48,54153,52600,52600,52600,52600,52534
2026-05-24 20:27:59,54153,52600,52600,52600,52600,52534
2026-05-24 20:28:09,28519,27438,27438,27438,27438,27602
2026-05-24 20:28:19,59117,58036,58036,58036,58036,58200
2026-05-24 20:28:29,59117,58036,58036,58036,58036,58200
2026-05-24 20:28:39,59117,58038,58038,58038,58038,58202
2026-05-24 20:28:49,19121,13376,13376,13376,13376,13540
2026-05-24 20:28:59,25105,22060,20798,13376,13376,13540
2026-05-24 20:29:09,25105,22060,22060,22060,22060,13540
2026-05-24 20:29:20,80055,77010,77010,77010,77010,77356
2026-05-24 20:29:30,80055,77010,77010,77010,77010,77356
2026-05-24 20:29:40,80055,77010,77010,77010,77010,77356
2026-05-24 20:29:50,80055,77010,77010,77010,77010,77356
2026-05-24 20:30:00,80055,77010,77010,77010,77010,77356
2026-05-24 20:30:10,80055,77010,77010,77010,77010,77356
2026-05-24 20:30:21,80055,77010,77010,77010,77010,77356
2026-05-24 20:30:31,80055,77010,77010,77010,77010,77356
2026-05-24 20:30:41,80055,77010,77010,77010,77010,77356
2026-05-24 20:30:51,80055,77010,77010,77010,77010,77356
2026-05-24 20:31:01,80055,77010,77010,77010,77010,77356
2026-05-24 20:31:11,80055,77010,77010,77010,77010,77356
2026-05-24 20:31:21,80055,77010,77010,77010,77010,77356
2026-05-24 20:31:31,80055,77010,77010,77010,77010,77356
2026-05-24 20:31:41,24703,20308,20308,20308,20308,20804
2026-05-24 20:31:51,37233,34038,34038,34038,34038,34234
2026-05-24 20:32:01,37233,34038,34038,34038,34038,34234
2026-05-24 20:32:11,64407,62058,62058,62058,62058,62214
2026-05-24 20:32:21,64407,62058,62058,62058,62058,62214
2026-05-24 20:32:31,64407,62058,62058,62058,62058,62214
2026-05-24 20:32:41,64407,62058,62058,62058,62058,62214
2026-05-24 20:32:52,64407,62058,62058,62058,62058,62214
2026-05-24 20:33:02,64407,62058,62058,62058,62058,62214
2026-05-24 20:33:12,64407,62058,62058,62058,62058,62214
2026-05-24 20:33:22,64407,62058,62058,62058,62058,62214
2026-05-24 20:33:32,64407,62058,62058,62058,62058,62214
2026-05-24 20:33:42,64407,62058,62058,62058,62058,62214
2026-05-24 20:33:52,67045,63402,63404,63404,63402,63488
2026-05-24 20:34:02,67045,63402,63404,63404,63402,63488
2026-05-24 20:34:12,67045,63404,63404,63404,63404,63490
2026-05-24 20:34:22,31095,22390,22390,22390,22390,22626
2026-05-24 20:34:32,34625,31564,31564,22390,22390,22626
2026-05-24 20:34:42,73003,69942,69942,70018,70018,70010
2026-05-24 20:34:52,72135,80020,80020,80020,80020,79944
2026-05-24 20:35:03,72135,80020,80020,80020,80020,79944
2026-05-24 20:35:13,46055,80020,80020,80020,80020,79944
2026-05-24 20:35:23,65857,80020,80020,80020,80020,79944
2026-05-24 20:35:34,8480,5554,5554,5554,5552,5554
2026-05-24 20:35:46,8480,5554,5554,5554,5552,5554
2026-05-24 20:35:56,8480,5554,5554,5554,5552,5554
2026-05-24 20:36:06,8480,5554,5554,5554,5552,5554
2026-05-24 20:36:16,8480,5554,5554,5554,5552,5554
2026-05-24 20:36:26,8480,5554,5554,5554,5552,5554
2026-05-24 20:36:36,8480,5974,5974,5974,5972,5974
2026-05-24 20:36:46,17983,24086,24086,24086,24084,24758
2026-05-24 20:36:56,57187,55880,55880,55880,55878,55840
2026-05-24 20:37:06,54209,53008,53008,53008,53008,52960
2026-05-24 20:37:16,59193,57920,57920,57920,57920,57854
2026-05-24 20:37:26,59193,57920,57920,57920,57920,57854
2026-05-24 20:37:37,59193,57920,57920,57920,57920,57854
2026-05-24 20:37:47,59193,57920,57920,57920,57920,57854
2026-05-24 20:37:57,59193,57920,57920,57920,57920,57854
2026-05-24 20:38:07,59193,57920,57920,57920,57920,57854
2026-05-24 20:38:18,59193,57920,57920,57920,57920,57854
2026-05-24 20:38:28,59193,57920,57920,57920,57920,57854
2026-05-24 20:38:38,59193,57920,57920,57920,57920,57854
2026-05-24 20:38:48,59193,57920,57920,57920,57920,57854
2026-05-24 20:38:58,59169,56116,56116,56116,56116,58280
2026-05-24 20:39:08,59171,56118,56118,56118,56118,58282
2026-05-24 20:39:18,59171,56118,56118,56118,56118,58282
2026-05-24 20:39:28,19121,13526,13526,13526,13526,13690
2026-05-24 20:39:38,25109,13526,13526,13526,13526,13690
2026-05-24 20:39:48,25109,22364,22364,22364,13526,13690
2026-05-24 20:39:58,68073,65328,65328,65328,65328,65342
2026-05-24 20:40:08,79871,77126,77126,77126,77126,77140
2026-05-24 20:40:18,79871,77126,77126,77126,77126,77140
2026-05-24 20:40:29,79871,77126,77126,77126,77126,77140
2026-05-24 20:40:39,79871,77126,77126,77126,77126,77140
2026-05-24 20:40:49,79871,77126,77126,77126,77126,77140
2026-05-24 20:40:59,79871,77126,77126,77126,77126,77140
2026-05-24 20:41:09,79871,77126,77126,77126,77126,77140
2026-05-24 20:41:19,79871,77126,77126,77126,77126,77140
2026-05-24 20:41:29,79871,77126,77126,77126,77126,77140
2026-05-24 20:41:39,79871,77126,77126,77126,77126,77140
2026-05-24 20:41:49,79871,77126,77126,77126,77126,77140
2026-05-24 20:41:59,79871,77126,77126,77126,77126,77140
2026-05-24 20:42:10,79871,77126,77126,77126,77126,77140
2026-05-24 20:42:20,79871,77126,77126,77126,77126,77140
2026-05-24 20:42:30,37059,34164,34164,34164,34164,34178
2026-05-24 20:42:40,38125,35808,35808,67412,37022,36588
2026-05-24 20:42:50,69397,67414,67414,67414,67414,67484
2026-05-24 20:43:00,69397,67414,67414,67414,67414,67484
2026-05-24 20:43:10,69397,67414,67414,67414,67414,67484
2026-05-24 20:43:20,69397,67414,67414,67414,67414,67484
2026-05-24 20:43:30,69397,67414,67414,67414,67414,67484
2026-05-24 20:43:40,69397,67414,67414,67414,67414,67484
2026-05-24 20:43:50,69397,67414,67414,67414,67414,67484
2026-05-24 20:44:00,69397,67414,67414,67414,67414,67484
2026-05-24 20:44:10,69397,67414,67414,67414,67414,67484
2026-05-24 20:44:21,69397,67414,67414,67414,67414,67484
2026-05-24 20:44:31,71439,67890,67890,67890,67890,68054
2026-05-24 20:44:41,71441,67892,67892,67892,67892,68056
2026-05-24 20:44:51,71441,67892,67892,67892,67892,68056
2026-05-24 20:45:01,29139,24594,24594,24594,24594,24758
2026-05-24 20:45:11,34785,32216,32216,24594,24594,24758
2026-05-24 20:45:21,73823,71330,71330,71330,71330,71018
2026-05-24 20:45:31,47009,46172,46172,46172,46172,46336
2026-05-24 20:45:41,74473,41076,41074,41074,41076,80458
2026-05-24 20:45:51,74473,40552,40552,40554,40554,80458
2026-05-24 20:46:01,47009,44016,44016,44018,44018,46336
2026-05-24 20:46:11,80789,77396,77396,77396,77472,80458
2026-05-24 20:46:21,74549,71232,71156,71232,71232,80458
2026-05-24 20:46:31,74103,70710,70710,70710,70786,80012
2026-05-24 20:46:41,47009,51822,51822,51824,51824,46336
2026-05-24 20:46:51,74473,41074,41074,41076,41076,80458
2026-05-24 20:47:01,74473,51634,37492,46856,46410,80458
2026-05-24 20:47:12,80789,77396,73236,73216,77396,80458
2026-05-24 20:47:22,8480,5554,5554,5554,5552,5554
2026-05-24 20:47:32,8480,5554,5554,5554,5552,5554
2026-05-24 20:47:42,8480,5554,5554,5554,5552,5554
2026-05-24 20:47:52,8480,5554,5554,5554,5552,5554
2026-05-24 20:48:02,8480,5554,5554,5554,5552,5554
2026-05-24 20:48:12,8480,5974,5974,5974,5972,5974
2026-05-24 20:48:22,13041,8512,8572,8512,8510,8490
2026-05-24 20:48:32,56195,35966,40386,33866,34924,37050
2026-05-24 20:48:42,54295,53006,53006,53006,53006,52750
2026-05-24 20:48:52,58039,56790,56750,56790,56790,56674
2026-05-24 20:49:03,58039,56790,56750,56790,56790,56674
2026-05-24 20:49:13,58039,56790,56790,56790,56790,56694
2026-05-24 20:49:23,58039,56790,56790,56790,56790,56694
2026-05-24 20:49:33,58039,56790,56790,56790,56790,56694
2026-05-24 20:49:43,58039,56790,56790,56790,56790,56694
2026-05-24 20:49:53,58039,56790,56790,56790,56790,56694
2026-05-24 20:50:03,58039,56790,56790,56790,56790,56694
2026-05-24 20:50:13,58039,56790,56790,56790,56790,56694
2026-05-24 20:50:23,58039,56790,56790,56790,56790,56694
2026-05-24 20:50:33,28555,25666,25666,25666,25666,25530
2026-05-24 20:50:43,61335,58466,58466,58466,58466,58330
2026-05-24 20:50:53,61337,58468,58468,58468,58468,58332
2026-05-24 20:51:03,61337,58468,58468,58468,58468,58332
2026-05-24 20:51:13,16955,14206,14206,14206,14206,14050
2026-05-24 20:51:24,21115,18346,14206,14206,14206,14050
2026-05-24 20:51:34,21115,18346,18346,18346,14206,14050
2026-05-24 20:51:44,56237,58736,53468,53468,53468,53232
2026-05-24 20:51:54,79285,76536,76536,76536,76536,76360
2026-05-24 20:52:04,79285,76536,76536,76536,76536,76360
2026-05-24 20:52:14,79285,76536,76536,76536,76536,76360
2026-05-24 20:52:24,79285,76536,76536,76536,76536,76360
2026-05-24 20:52:34,79285,76536,76536,76536,76536,76360
2026-05-24 20:52:44,79285,76536,76536,76536,76536,76360
2026-05-24 20:52:54,79285,76536,76536,76536,76536,76360
2026-05-24 20:53:04,79285,76536,76536,76536,76536,76360
2026-05-24 20:53:15,79285,76536,76536,76536,76536,76360
2026-05-24 20:53:25,79285,76536,76536,76536,76536,76360
2026-05-24 20:53:35,79285,76536,76536,76536,76536,76360
2026-05-24 20:53:45,79285,76536,76536,76536,76536,76360
2026-05-24 20:53:56,79285,76536,76536,76536,76536,76360
2026-05-24 20:54:06,79285,76536,76536,76536,76536,76360
2026-05-24 20:54:17,79285,76536,76536,76536,76536,76360
2026-05-24 20:54:27,36125,33316,33316,33316,33316,33180
2026-05-24 20:54:37,67747,65838,38656,38796,39236,41040
2026-05-24 20:54:47,67749,66480,66480,66480,66480,66364
2026-05-24 20:54:57,67749,66480,66500,66480,66480,66364
2026-05-24 20:55:07,67749,66480,66500,66480,66480,66364
2026-05-24 20:55:17,67749,66480,66500,66480,66480,66364
2026-05-24 20:55:27,67749,66480,66500,66480,66480,66364
2026-05-24 20:55:37,67749,66480,66500,66480,66480,66364
2026-05-24 20:55:47,8480,5554,5554,5554,5552,5554
2026-05-24 20:55:57,8480,5554,5554,5554,5552,5554
2026-05-24 20:56:07,8480,5554,5554,5554,5552,5554
2026-05-24 20:56:17,8480,5554,5554,5554,5552,5554
2026-05-24 20:56:27,8480,5554,5554,5554,5552,5554
2026-05-24 20:56:38,8480,5974,5974,5974,5972,5974
2026-05-24 20:56:48,12741,10052,9452,9172,9930,9090
2026-05-24 20:56:58,14421,11672,11672,11672,11670,11590
2026-05-24 20:57:08,54295,53006,53006,53006,53006,52750
2026-05-24 20:57:18,58039,56790,56790,56770,56790,56674
2026-05-24 20:57:28,58039,56790,56790,56770,56790,56674
2026-05-24 20:57:38,58039,56790,56790,56790,56790,56694
2026-05-24 20:57:48,58039,56790,56790,56790,56790,56694
2026-05-24 20:57:58,58039,56790,56790,56790,56790,56694
2026-05-24 20:58:08,58039,56790,56790,56790,56790,56694
2026-05-24 20:58:18,58039,56790,56790,56790,56790,56694
2026-05-24 20:58:28,58039,56790,56790,56790,56790,56694
2026-05-24 20:58:38,58039,56790,56790,56790,56790,56694
2026-05-24 20:58:49,58039,56790,56790,56790,56790,56694
2026-05-24 20:58:59,26615,23666,23666,23666,23666,24930
2026-05-24 20:59:09,56635,53706,53706,53706,53706,54970
2026-05-24 20:59:19,56637,53708,53708,53708,53708,54972
2026-05-24 20:59:29,56639,53712,53712,53712,53712,54976
2026-05-24 20:59:40,12111,9304,9304,9304,9304,9228
2026-05-24 20:59:50,26111,23264,23264,9304,9304,9228
2026-05-24 21:00:00,31331,30764,29144,31164,29444,28648
2026-05-24 21:00:10,8480,5554,5554,5554,5552,5554
2026-05-24 21:00:25,8480,5554,5554,5554,5552,5554
2026-05-24 21:00:35,8480,5554,5554,5554,5552,5554
2026-05-24 21:00:46,8480,5554,5554,5554,5552,5554
2026-05-24 21:00:56,8480,5554,5554,5554,5552,5554
2026-05-24 21:01:06,8480,5554,5554,5554,5552,5554
2026-05-24 21:01:16,8480,5554,5554,5554,5552,5554
2026-05-24 21:01:26,8480,5554,5554,5554,5552,5554
2026-05-24 21:01:36,8480,5554,5554,5554,5552,5554
2026-05-24 21:01:46,8480,5554,5554,5554,5552,5554
2026-05-24 21:01:56,8480,5554,5554,5554,5552,5554
2026-05-24 21:02:06,8480,5554,5554,5554,5552,5554
2026-05-24 21:02:16,8480,5554,5554,5554,5552,5554
2026-05-24 21:02:26,8480,5554,5554,5554,5552,5554
2026-05-24 21:02:36,8480,5974,5974,5974,5972,5974
2026-05-24 21:02:46,26941,24132,24132,24132,24150,24810
2026-05-24 21:02:56,57195,55906,55906,55906,55924,55890
2026-05-24 21:03:07,54295,52866,52866,52866,53006,52930
2026-05-24 21:03:17,58019,56770,56770,56770,56790,56674
2026-05-24 21:03:27,58039,56770,56770,56770,56790,56674
2026-05-24 21:03:37,58039,56770,56770,56770,56790,56674
2026-05-24 21:03:48,58039,56770,56770,56770,56790,56694
2026-05-24 21:03:58,58039,56770,56770,56770,56790,56694
2026-05-24 21:04:08,58039,56770,56770,56770,56790,56694
2026-05-24 21:04:18,58039,56770,56770,56770,56790,56694
2026-05-24 21:04:28,58039,56770,56770,56770,56790,56694
2026-05-24 21:04:38,58039,56770,56770,56770,56790,56694
2026-05-24 21:04:48,58039,56770,56770,56770,56790,56694
2026-05-24 21:04:58,56055,46666,46666,46666,53146,53230
2026-05-24 21:05:08,56055,46666,46666,46666,53146,53230
2026-05-24 21:05:18,56057,46668,46668,46668,53148,53232
2026-05-24 21:05:28,12113,9326,9326,9326,9306,9210
2026-05-24 21:05:38,24777,9326,9326,9326,9306,9210
2026-05-24 21:05:48,24777,21950,21950,20028,9306,9210
2026-05-24 21:05:59,54619,51792,51792,56472,51792,52796
2026-05-24 21:06:09,77107,74280,74280,74280,74280,74164
2026-05-24 21:06:19,77107,74280,74280,74280,74280,74164
2026-05-24 21:06:29,77107,74280,74280,74280,74280,74164
2026-05-24 21:06:39,77107,74280,74280,74280,74280,74164
2026-05-24 21:06:49,77107,74280,74280,74280,74280,74164
2026-05-24 21:06:59,77107,74280,74280,74280,74280,74164
2026-05-24 21:07:09,77107,74280,74280,74280,74280,74164
2026-05-24 21:07:19,77107,74280,74280,74280,74280,74164
2026-05-24 21:07:29,77107,74280,74280,74280,74280,74164
2026-05-24 21:07:39,77107,74280,74280,74280,74280,74164
2026-05-24 21:07:49,77107,74280,74280,74280,74280,74164
2026-05-24 21:08:00,77107,74280,74280,74280,74280,74164
2026-05-24 21:08:10,77107,74280,74280,74280,74280,74164
2026-05-24 21:08:20,77107,74280,74280,74280,74280,74164
2026-05-24 21:08:30,36021,32834,32834,32834,32854,32698
2026-05-24 21:08:40,68345,66958,66958,66938,66938,66842
2026-05-24 21:08:50,68345,66958,66958,66938,66938,66842
2026-05-24 21:09:00,68345,66958,66958,66938,66958,66842
2026-05-24 21:09:10,68345,66958,66958,66938,66958,66842
2026-05-24 21:09:20,68345,66958,66958,66938,66958,66842
2026-05-24 21:09:30,68345,66958,66958,66938,66958,66842
2026-05-24 21:09:40,68345,66958,66958,66938,66958,66842
2026-05-24 21:09:50,68345,66958,66958,66938,66958,66842
2026-05-24 21:10:00,68345,66958,66958,66938,66958,66842
2026-05-24 21:10:10,68345,66958,66958,66938,66958,66842
2026-05-24 21:10:21,37681,34814,34814,34814,34794,34738
2026-05-24 21:10:31,61481,58634,58634,58634,58594,58538
2026-05-24 21:10:41,61483,58636,58636,58636,58596,58540
2026-05-24 21:10:51,61483,58636,58636,58636,58596,58540
2026-05-24 21:11:01,34681,19574,19574,19574,19534,19478
2026-05-24 21:11:11,34681,31834,31834,31834,19534,19478
2026-05-24 21:11:21,76883,74176,74236,74236,74196,74040
2026-05-24 21:11:31,47061,45254,45256,45256,45276,44900
2026-05-24 21:11:41,74003,71238,71238,71238,71178,71022
2026-05-24 21:11:51,69541,80858,80858,80858,66816,80742
2026-05-24 21:12:01,79303,80858,80858,80858,80738,80742
2026-05-24 21:12:11,73943,80858,80858,80858,80918,80742
2026-05-24 21:12:21,61161,80858,80858,80858,80918,80742
2026-05-24 21:12:31,79303,80858,80858,80858,80918,80742
2026-05-24 21:12:41,73943,80858,80858,80858,80918,80742
2026-05-24 21:12:52,47001,80858,80858,80858,80918,80742
2026-05-24 21:13:02,41801,80858,80858,80858,80918,80742
2026-05-24 21:13:12,73943,80858,80858,80858,80918,80742
2026-05-24 21:13:22,73943,80858,80858,80858,80918,80742
2026-05-24 21:13:32,73483,80858,80858,80858,80918,80742
2026-05-24 21:13:42,46681,80858,80858,80858,80918,80742
2026-05-24 21:13:52,43503,80858,80858,80858,80918,80742
2026-05-24 21:14:02,8480,5554,5554,5554,5552,5554
2026-05-24 21:14:19,8480,5554,5554,5554,5552,5554
2026-05-24 21:14:29,8480,5554,5554,5554,5552,5554
2026-05-24 21:14:39,8480,5554,5554,5554,5552,5554
2026-05-24 21:14:49,8480,5554,5554,5554,5552,5554
2026-05-24 21:14:59,8480,5974,5974,5974,5972,5974
2026-05-24 21:15:09,12441,7912,7912,7912,7910,7690
2026-05-24 21:15:19,14421,11672,11672,11672,11670,11590
2026-05-24 21:15:29,54295,53006,53006,53006,53006,52750
2026-05-24 21:15:39,58039,56748,56790,56770,56790,56694
2026-05-24 21:15:49,58039,56750,56790,56770,56790,56694
2026-05-24 21:15:59,58039,56770,56790,56790,56790,56694
2026-05-24 21:16:10,58039,56790,56790,56790,56790,56694
2026-05-24 21:16:20,58039,5938,56790,56790,56788,56694
2026-05-24 21:16:30,8480,5554,5554,5554,5552,5554
2026-05-24 21:16:40,8480,5554,5554,5554,5552,5554
2026-05-24 21:16:50,8480,5554,5554,5554,5552,5554
2026-05-24 21:17:00,8480,5554,5554,5554,5552,5554
2026-05-24 21:17:10,8480,5554,5554,5554,5552,5554
2026-05-24 21:17:21,8480,5554,5554,5554,5552,5554
2026-05-24 21:17:31,8480,5554,5554,5554,5552,5554
2026-05-24 21:17:41,8480,5554,5554,5554,5552,5554
2026-05-24 21:17:51,8480,5554,5554,5554,5552,5554
2026-05-24 21:18:01,8480,5554,5554,5554,5552,5554
2026-05-24 21:18:11,8480,5554,5554,5554,5552,5554
2026-05-24 21:18:22,8480,5554,5554,5554,5552,5554
2026-05-24 21:18:32,8480,5554,5554,5554,5552,5554
2026-05-24 21:18:42,8480,5554,5554,5554,5552,5554
2026-05-24 21:18:52,8480,5554,5554,5554,5552,5554
2026-05-24 21:19:02,8480,5554,5554,5554,5552,5554
2026-05-24 21:19:12,8480,5554,5554,5554,5552,5554
2026-05-24 21:19:22,8480,5554,5554,5554,5552,5554
2026-05-24 21:19:32,8480,5554,5554,5554,5552,5554
2026-05-24 21:19:42,8480,5554,5554,5554,5552,5554
2026-05-24 21:19:52,8480,5554,5554,5554,5552,5554
2026-05-24 21:20:02,8480,5554,5554,5554,5552,5554
2026-05-24 21:20:12,8480,5554,5554,5554,5552,5554
2026-05-24 21:20:22,8480,5554,5554,5554,5552,5554
2026-05-24 21:20:32,8480,5554,5554,5554,5552,5554
2026-05-24 21:20:43,8480,5554,5554,5554,5552,5554
2026-05-24 21:20:53,8480,5554,5554,5554,5552,5554
2026-05-24 21:21:03,8480,5554,5554,5554,5552,5554
2026-05-24 21:21:13,8480,5554,5554,5554,5552,5554
2026-05-24 21:21:23,8480,5554,5554,5554,5552,5554
2026-05-24 21:21:33,8480,5554,5554,5554,5552,5554
2026-05-24 21:21:43,8480,5554,5554,5554,5552,5554
2026-05-24 21:21:53,8480,5554,5554,5554,5552,5554
2026-05-24 21:22:03,8480,5974,5974,5974,5972,5974
2026-05-24 21:22:13,8945,6018,6018,6018,6016,6018
2026-05-24 21:22:23,14421,11672,11672,11672,11670,11590
2026-05-24 21:22:33,51635,50326,50326,50326,50326,50070
2026-05-24 21:22:43,55417,54128,54128,54108,54108,54012
2026-05-24 21:22:53,55419,54130,54130,54110,54110,54014
2026-05-24 21:23:04,55439,54130,54130,54130,54110,54014
2026-05-24 21:23:14,55439,54130,54130,54130,54110,54014
2026-05-24 21:23:25,55439,54130,54130,54130,54110,54014
2026-05-24 21:23:35,55439,54130,54130,54130,54110,54014
2026-05-24 21:23:45,55439,54130,54130,54130,54110,54014
2026-05-24 21:23:55,55439,54130,54130,54130,54110,54014
2026-05-24 21:24:05,55439,54130,54130,54130,54110,54014
2026-05-24 21:24:15,55439,54130,54130,54130,54110,54014
2026-05-24 21:24:26,26695,25686,25686,25686,25686,23810
2026-05-24 21:24:36,56975,55966,55966,55966,55966,54090
2026-05-24 21:24:46,56977,55968,55968,55968,55968,54092
2026-05-24 21:24:56,56985,55978,55978,55978,55978,54102
2026-05-24 21:25:06,12131,9304,9304,9304,9304,9188
2026-05-24 21:25:16,24811,21984,19024,9304,9304,9188
2026-05-24 21:25:26,24811,21984,21984,21984,21984,9188
2026-05-24 21:25:36,76163,73336,73336,73336,73336,73240
2026-05-24 21:25:46,78243,75416,75416,75416,75416,75320
2026-05-24 21:25:56,78227,75398,75398,75398,75396,75302
2026-05-24 21:26:06,8480,5554,5554,5554,5552,5554
2026-05-24 21:26:16,8480,5554,5554,5554,5552,5554
2026-05-24 21:26:26,8480,5554,5554,5554,5552,5554
2026-05-24 21:26:37,8480,5554,5554,5554,5552,5554
2026-05-24 21:26:47,8480,5974,5974,5974,5972,5974
2026-05-24 21:26:57,14961,12312,12312,12312,12310,12450
2026-05-24 21:27:07,54655,53246,53246,53246,53244,53210
2026-05-24 21:27:17,51635,50326,50326,50326,50326,50070
2026-05-24 21:27:27,55419,54130,54130,54130,54110,54014
2026-05-24 21:27:37,55419,54130,54130,54130,54110,54014
2026-05-24 21:27:48,55419,54130,54130,54130,54110,54014
2026-05-24 21:27:58,55419,54130,54130,54130,54110,54014
2026-05-24 21:28:08,55419,54130,54130,54130,54110,54014
2026-05-24 21:28:18,55419,54130,54130,54130,54110,54014
2026-05-24 21:28:28,55419,54130,54130,54130,54110,54014
2026-05-24 21:28:38,55419,54130,54130,54130,54110,54014
2026-05-24 21:28:48,55419,54130,54130,54130,54110,54014
2026-05-24 21:28:58,55419,54130,54130,54130,54110,54014
2026-05-24 21:29:08,27235,25586,25586,25586,25586,26030
2026-05-24 21:29:18,59355,57706,57706,57706,57706,58150
2026-05-24 21:29:28,59357,57708,57708,57708,57708,58152
2026-05-24 21:29:39,59357,57708,57708,57708,57708,58152
2026-05-24 21:29:49,12131,9304,9304,9304,9304,9188
2026-05-24 21:29:59,12131,9304,9304,9304,9304,9188
2026-05-24 21:30:09,12131,9304,9304,9304,9304,9188
2026-05-24 21:30:19,12131,9304,9304,9304,9304,9188
2026-05-24 21:30:29,12131,9304,9304,9304,9304,9188
2026-05-24 21:30:40,12131,9304,9304,9304,9304,9188
2026-05-24 21:30:50,12131,9304,9304,9304,9304,9188
2026-05-24 21:31:00,12131,9304,9304,9304,9304,9188
2026-05-24 21:31:10,12131,9304,9304,9304,9304,9188
2026-05-24 21:31:20,12131,9304,9304,9304,9304,9188
2026-05-24 21:31:30,12131,9304,9304,9304,9304,9188
2026-05-24 21:31:40,12131,9304,9304,9304,9304,9188
2026-05-24 21:31:50,12131,9304,9304,9304,9304,9188
2026-05-24 21:32:00,12131,9304,9304,9304,9304,9188
2026-05-24 21:32:10,12131,9304,9304,9304,9304,9188
2026-05-24 21:32:20,25011,9304,9304,9304,9304,9188
2026-05-24 21:32:30,25011,22164,22164,20884,9304,9188
2026-05-24 21:32:40,25011,22164,22164,22164,22164,22088
2026-05-24 21:32:51,80721,77874,77874,77874,77874,77798
2026-05-24 21:33:01,80721,77874,77874,77874,77874,77798
2026-05-24 21:33:11,80721,77874,77874,77874,77874,77798
2026-05-24 21:33:21,80721,77874,77874,77874,77874,77798
2026-05-24 21:33:31,80721,77874,77874,77874,77874,77798
2026-05-24 21:33:41,80721,77874,77874,77874,77874,77798
2026-05-24 21:33:51,80721,77874,77874,77874,77874,77798
2026-05-24 21:34:01,80721,77874,77874,77874,77874,77798
2026-05-24 21:34:11,80721,77874,77874,77874,77874,77798
2026-05-24 21:34:21,80721,77874,77874,77874,77874,77798
2026-05-24 21:34:31,80721,77874,77874,77874,77874,77798
2026-05-24 21:34:41,80721,77874,77874,77874,77874,77798
2026-05-24 21:34:51,80721,77874,77874,77874,77874,77798
2026-05-24 21:35:01,80721,77874,77874,77874,77874,77798
2026-05-24 21:35:11,80721,77874,77874,77874,77874,77798
2026-05-24 21:35:21,34501,31654,31654,31654,31654,31598
2026-05-24 21:35:31,35681,33194,33194,33194,33194,33138
2026-05-24 21:35:41,36301,33934,33934,33934,34394,34078
2026-05-24 21:35:51,65685,64178,64198,64198,64198,64302
2026-05-24 21:36:01,65685,64178,64198,64198,64198,64302
2026-05-24 21:36:11,65685,64198,64198,64198,64198,64302
2026-05-24 21:36:22,65685,64198,64198,64198,64198,64302
2026-05-24 21:36:32,65685,64198,64198,64198,64198,64302
2026-05-24 21:36:42,65685,64198,64198,64198,64198,64302
2026-05-24 21:36:52,65685,64198,64198,64198,64198,64302
2026-05-24 21:37:02,65685,64198,64198,64198,64198,64302
2026-05-24 21:37:12,65685,64198,64198,64198,64198,64302
2026-05-24 21:37:22,65685,64198,64198,64198,64198,64302
2026-05-24 21:37:32,38341,35154,35154,35154,35154,35098
2026-05-24 21:37:42,63761,60594,60594,60594,60594,59438
2026-05-24 21:37:52,63763,60596,60596,60596,60596,59440
2026-05-24 21:38:02,63763,60596,60596,60596,60596,59440
2026-05-24 21:38:12,22361,19574,19574,19574,19574,19438
2026-05-24 21:38:22,22361,19574,19574,19574,19574,19438
2026-05-24 21:38:32,22361,19574,19574,19574,19574,19438
2026-05-24 21:38:43,22361,19574,19574,19574,19574,19438
2026-05-24 21:38:53,22361,19574,19574,19574,19574,19438
2026-05-24 21:39:03,22361,19574,19574,19574,19574,19438
2026-05-24 21:39:13,22361,19574,19574,19574,19574,19438
2026-05-24 21:39:23,22361,19574,19574,19574,19574,19438
2026-05-24 21:39:33,22361,19574,19574,19574,19574,19438
2026-05-24 21:39:43,22361,19574,19574,19574,19574,19438
2026-05-24 21:39:53,22361,19574,19574,19574,19574,19438
2026-05-24 21:40:03,22361,19574,19574,19574,19574,19438
2026-05-24 21:40:13,22361,19574,19574,19574,19574,19438
2026-05-24 21:40:23,22361,19574,19574,19574,19574,19438
2026-05-24 21:40:33,22361,19574,19574,19574,19574,19438
2026-05-24 21:40:43,22361,19574,19574,19574,19574,19438
2026-05-24 21:40:54,22361,19574,19574,19574,19574,19438
2026-05-24 21:41:04,22361,19574,19574,19574,19574,19438
2026-05-24 21:41:14,22361,19574,19574,19574,19574,19438
2026-05-24 21:41:24,34861,32394,19574,19574,19574,19438
2026-05-24 21:41:35,34861,32394,32394,32394,20994,19438
2026-05-24 21:41:45,80581,79774,79834,79776,79774,79760
2026-05-24 21:41:55,47141,44414,44414,44416,44414,44320
2026-05-24 21:42:06,76681,73896,73956,73956,73896,73860
2026-05-24 21:42:16,76681,73956,73896,73956,73956,73800
2026-05-24 21:42:26,47481,44754,44754,44756,44754,44638
2026-05-24 21:42:36,76681,73956,73896,73956,73956,73860
2026-05-24 21:42:46,65581,67216,66496,66156,68256,66420
2026-05-24 21:42:56,77821,73894,79836,72736,72674,72678
2026-05-24 21:43:06,76681,73956,73896,73956,73896,73860
2026-05-24 21:43:16,37741,39134,39134,39136,39134,39078
2026-05-24 21:43:26,76221,73436,73436,73436,73436,73340
2026-05-24 21:43:36,76681,73956,73956,73956,73896,73860
2026-05-24 21:43:46,46941,44214,44214,44216,44214,44118
2026-05-24 21:43:56,76681,73956,73896,73956,73896,73860
2026-05-24 21:44:06,76681,73956,73956,73956,73896,73860
2026-05-24 21:44:16,46221,43354,43354,43356,43354,43238
2026-05-24 21:44:26,76681,73956,73956,73956,73956,73340
2026-05-24 21:44:36,76681,73896,73956,73956,73896,73860
2026-05-24 21:44:47,47081,44354,44354,44356,44354,44238
2026-05-24 21:44:57,76681,73956,73956,73956,73896,73860
2026-05-24 21:45:07,76621,73896,73896,73896,73896,73800
2026-05-24 21:45:17,37741,39134,39134,39136,39134,39078
2026-05-24 21:45:27,72221,69496,69496,71896,73496,69400
2026-05-24 21:45:37,76681,73956,73896,73956,73896,73800
2026-05-24 21:45:47,35701,32834,32834,32834,32834,33138
2026-05-24 21:45:57,65645,64238,64238,64238,64238,64182
2026-05-24 21:46:07,65645,64238,64238,64238,64238,64182
2026-05-24 21:46:17,65645,64238,64238,64238,64238,64182
2026-05-24 21:46:27,65645,64238,64238,64238,64238,64182
2026-05-24 21:46:37,65645,64238,64238,64238,64238,64182
2026-05-24 21:46:48,65645,64238,64238,64238,64238,64182
2026-05-24 21:46:58,65645,64238,64238,64238,64238,64182
2026-05-24 21:47:08,65645,64238,64238,64238,64238,64182
2026-05-24 21:47:19,65645,64238,64238,64238,64238,64182
2026-05-24 21:47:29,65645,64238,64238,64238,64238,64182
2026-05-24 21:47:39,27201,24578,26938,27998,29998,28022
2026-05-24 21:47:49,64321,61454,61454,61454,61454,61678
2026-05-24 21:47:59,64321,61454,61454,61454,61454,61678
2026-05-24 21:48:09,64323,61456,61456,61456,61456,61680
2026-05-24 21:48:19,22381,19574,19574,19574,19574,19438
2026-05-24 21:48:29,22381,19574,19574,19574,19574,19438
2026-05-24 21:48:39,22381,19574,19574,19574,19574,19438
2026-05-24 21:48:49,22381,19574,19574,19574,19574,19438
2026-05-24 21:48:59,22381,19574,19574,19574,19574,19438
2026-05-24 21:49:09,22381,19574,19574,19574,19574,19438
2026-05-24 21:49:19,22381,19574,19574,19574,19574,19438
2026-05-24 21:49:30,22381,19574,19574,19574,19574,19438
2026-05-24 21:49:40,22381,19574,19574,19574,19574,19438
2026-05-24 21:49:50,22381,19574,19574,19574,19574,19438
2026-05-24 21:50:00,22381,19574,19574,19574,19574,19438
2026-05-24 21:50:10,22381,19574,19574,19574,19574,19438
2026-05-24 21:50:20,22381,19574,19574,19574,19574,19438
2026-05-24 21:50:30,22381,19574,19574,19574,19574,19438
2026-05-24 21:50:40,22381,19574,19574,19574,19574,19438
2026-05-24 21:50:50,22381,19574,19574,19574,19574,19438
2026-05-24 21:51:00,22381,19574,19574,19574,19574,19438
2026-05-24 21:51:10,22381,19574,19574,19574,19574,19438
2026-05-24 21:51:20,22381,19574,19574,19574,19574,19438
2026-05-24 21:51:30,22381,19574,19574,19574,19574,19438
2026-05-24 21:51:41,22381,19574,19574,19574,19574,19438
2026-05-24 21:51:51,22381,19574,19574,19574,19574,19438
2026-05-24 21:52:01,22381,19574,19574,19574,19574,19438
2026-05-24 21:52:11,22381,19574,19574,19574,19574,19438
2026-05-24 21:52:21,22381,19574,19574,19574,19574,19438
2026-05-24 21:52:31,22381,19574,19574,19574,19574,19438
2026-05-24 21:52:41,22381,19574,19574,19574,19574,19438
2026-05-24 21:52:52,34961,32134,19574,19574,19574,19438
2026-05-24 21:53:02,34961,32134,32134,32134,19574,19438
2026-05-24 21:53:12,80441,77674,77614,77614,77614,77558
2026-05-24 21:53:22,42401,41536,43336,44036,44256,42800
2026-05-24 21:53:33,47721,44916,44914,44916,44916,44740
2026-05-24 21:53:43,77821,74996,74936,74996,74936,74800
2026-05-24 21:53:53,79581,77076,77016,77076,77076,76940
2026-05-24 21:54:03,47501,44714,44714,44716,44716,44538
2026-05-24 21:54:13,77821,74996,74996,74996,74936,74860
2026-05-24 21:54:23,79841,80356,80296,80356,80356,80220
2026-05-24 21:54:33,35441,38034,37154,37116,36556,35818
2026-05-24 21:54:43,74421,70536,70536,70536,70536,70400
2026-05-24 21:54:53,77821,74996,74996,74936,74996,74860
2026-05-24 21:55:03,37901,39214,39214,39216,39216,39118
2026-05-24 21:55:13,68021,65336,66576,66216,70536,67100
2026-05-24 21:55:24,77821,74996,74996,74936,74996,74860
2026-05-24 21:55:34,77821,74996,74996,74996,74996,74800
2026-05-24 21:55:44,46761,43974,43974,43976,43976,43778
2026-05-24 21:55:54,77761,74936,74936,74936,74996,74800
2026-05-24 21:56:04,77821,74996,74996,74936,74996,74860
2026-05-24 21:56:14,46821,44034,44034,44036,44036,44138
2026-05-24 21:56:24,77821,74996,74996,74936,74996,74860
2026-05-24 21:56:34,77821,74996,74996,74996,74936,74860
2026-05-24 21:56:44,66821,67896,68116,68056,67516,67300
2026-05-24 21:56:54,73441,66974,65614,67416,66016,71698
2026-05-24 21:57:04,77821,74996,74996,74936,74996,74860
2026-05-24 21:57:14,49901,50656,49996,48356,52856,52900
2026-05-24 21:57:25,35701,32834,32834,32834,32834,33138
2026-05-24 21:57:35,65645,64198,64198,64338,64338,64182
2026-05-24 21:57:45,65645,64198,64198,64338,64338,64182
2026-05-24 21:57:55,65645,64198,64198,64338,64338,64182
2026-05-24 21:58:05,65645,64198,64198,64338,64338,64182
2026-05-24 21:58:15,65645,64198,64198,64338,64338,64182
2026-05-24 21:58:25,65645,64198,64198,64338,64338,64182
2026-05-24 21:58:35,65645,64198,64198,64338,64338,64182
2026-05-24 21:58:45,65645,64198,64198,64338,64338,64182
2026-05-24 21:58:55,65645,64198,64198,64338,64338,64182
2026-05-24 21:59:05,65645,64198,64198,64338,64338,64182
2026-05-24 21:59:16,38481,35614,35614,35614,35614,35578
2026-05-24 21:59:26,64361,61474,61474,61474,61474,61458
2026-05-24 21:59:36,64363,61476,61476,61476,61476,61460
2026-05-24 21:59:46,64363,61476,61476,61476,61476,61460
2026-05-24 21:59:56,22381,19554,19554,19554,19554,19438
2026-05-24 22:00:06,22381,19554,19554,19554,19554,19438
2026-05-24 22:00:16,22381,19554,19554,19554,19554,19438
2026-05-24 22:00:26,22381,19554,19554,19554,19554,19438
2026-05-24 22:00:36,22381,19554,19554,19554,19554,19438
2026-05-24 22:00:46,22381,19554,19554,19554,19554,19438
2026-05-24 22:00:56,22381,19554,19554,19554,19554,19438
2026-05-24 22:01:06,22381,19554,19554,19554,19554,19438
2026-05-24 22:01:16,22381,19554,19554,19554,19554,19438
2026-05-24 22:01:26,22381,19554,19554,19554,19554,19438
2026-05-24 22:01:36,22381,19554,19554,19554,19554,19438
2026-05-24 22:01:46,22381,19554,19554,19554,19554,19438
2026-05-24 22:01:56,22381,19554,19554,19554,19554,19438
2026-05-24 22:02:06,22381,19554,19554,19554,19554,19438
2026-05-24 22:02:16,22381,19554,19554,19554,19554,19438
2026-05-24 22:02:26,22381,19554,19554,19554,19554,19438
2026-05-24 22:02:37,22381,19554,19554,19554,19554,19438
2026-05-24 22:02:47,22381,19554,19554,19554,19554,19438
2026-05-24 22:02:57,22381,19554,19554,19554,19554,19438
2026-05-24 22:03:07,22381,19554,19554,19554,19554,19438
2026-05-24 22:03:17,22381,19554,19554,19554,19554,19438
2026-05-24 22:03:27,34961,32114,28914,19554,19554,19438
2026-05-24 22:03:37,34961,32114,32114,32114,32114,19438
2026-05-24 22:03:47,47441,41214,42614,42916,41654,42480
2026-05-24 22:03:57,63841,60074,60074,60076,60074,63380
2026-05-24 22:04:07,77321,74476,74536,74536,74476,74480
2026-05-24 22:04:18,64121,65116,65276,64556,66896,65100
2026-05-24 22:04:28,58141,60074,60074,55476,55254,54678
2026-05-24 22:04:38,77321,74476,74476,74476,74536,74420
2026-05-24 22:04:48,52861,53176,54936,53476,54016,53840
2026-05-24 22:04:58,46861,44054,44054,44056,44054,44118
2026-05-24 22:05:08,77381,74536,74476,74476,74536,74420
2026-05-24 22:05:18,79461,79896,79896,79896,79836,79840
2026-05-24 22:05:28,52341,49534,49534,49536,49534,49398
2026-05-24 22:05:38,77381,74476,74536,74536,74536,74480
2026-05-24 22:05:48,62781,64016,61616,62336,62736,63700
2026-05-24 22:05:59,37861,39174,39174,39176,39174,39118
2026-05-24 22:06:09,76921,74076,71136,74076,70076,73300
2026-05-24 22:06:19,77381,74536,74476,74476,74536,74420
2026-05-24 22:06:29,46381,43574,43574,43576,43574,43718
2026-05-24 22:06:39,77321,74536,74536,74536,74536,74480
2026-05-24 22:06:49,77321,74536,74476,74476,74476,74420
2026-05-24 22:06:59,37861,39174,39174,39176,39174,39118
2026-05-24 22:07:09,71561,70076,70076,70076,70076,70020
2026-05-24 22:07:19,77381,74536,74536,74536,74476,74480
2026-05-24 22:07:29,46381,43374,43374,43376,43374,43298
2026-05-24 22:07:39,77381,74536,74536,74536,74476,74480
2026-05-24 22:07:49,35701,32834,32834,32834,32834,33138
2026-05-24 22:08:00,65643,64236,64236,64236,64216,64300
2026-05-24 22:08:10,65645,64238,64238,64238,64238,64302
2026-05-24 22:08:20,65645,64238,64238,64238,64238,64302
2026-05-24 22:08:30,65645,64238,64238,64238,64238,64302
2026-05-24 22:08:40,65645,64238,64238,64238,64238,64302
2026-05-24 22:08:50,65645,64238,64238,64238,64238,64302
2026-05-24 22:09:00,65645,64238,64238,64238,64238,64302
2026-05-24 22:09:11,65645,64238,64238,64238,64238,64302
2026-05-24 22:09:21,65645,64238,64238,64238,64238,64302
2026-05-24 22:09:31,65645,64238,64238,64238,64238,64302
2026-05-24 22:09:41,48525,49938,52738,53538,55378,55882
2026-05-24 22:09:51,62301,59434,59434,59434,59434,59378
2026-05-24 22:10:01,62303,59436,59436,59436,59436,59380
2026-05-24 22:10:12,62303,59436,59436,59436,59436,59380
2026-05-24 22:10:22,22381,19574,19574,19574,19574,19438
2026-05-24 22:10:32,22381,19574,19574,19574,19574,19438
2026-05-24 22:10:42,22381,19574,19574,19574,19574,19438
2026-05-24 22:10:52,22381,19574,19574,19574,19574,19438
2026-05-24 22:11:02,22381,19574,19574,19574,19574,19438
2026-05-24 22:11:12,22381,19574,19574,19574,19574,19438
2026-05-24 22:11:22,22381,19574,19574,19574,19574,19438
2026-05-24 22:11:33,22381,19574,19574,19574,19574,19438
2026-05-24 22:11:43,22381,19574,19574,19574,19574,19438
2026-05-24 22:11:53,22381,19574,19574,19574,19574,19438
2026-05-24 22:12:03,22381,19574,19574,19574,19574,19438
2026-05-24 22:12:13,22381,19574,19574,19574,19574,19438
2026-05-24 22:12:23,22381,19574,19574,19574,19574,19438
2026-05-24 22:12:33,22381,19574,19574,19574,19574,19438
2026-05-24 22:12:43,22381,19574,19574,19574,19574,19438
2026-05-24 22:12:53,22381,19574,19574,19574,19574,19438
2026-05-24 22:13:03,22381,19574,19574,19574,19574,19438
2026-05-24 22:13:13,22381,19574,19574,19574,19574,19438
2026-05-24 22:13:23,22381,19574,19574,19574,19574,19438
2026-05-24 22:13:33,34741,19574,19574,19574,19574,19438
2026-05-24 22:13:44,34741,31914,31914,31914,19574,19438
2026-05-24 22:13:54,76961,74194,74194,74134,74194,74078
2026-05-24 22:14:04,41821,51314,51314,51314,51314,51038
2026-05-24 22:14:14,47261,44434,44434,44434,44434,44358
2026-05-24 22:14:24,75101,72196,72196,72196,72256,72200
2026-05-24 22:14:34,41821,39016,39016,39016,39016,38918
2026-05-24 22:14:44,75101,72196,72196,72256,72256,72200
2026-05-24 22:14:54,67901,64696,63516,64036,64296,64220
2026-05-24 22:15:04,70641,67796,67796,67796,67796,69240
2026-05-24 22:15:14,75101,72256,72256,72256,72196,72200
2026-05-24 22:15:24,46761,43856,43854,43856,43856,43838
2026-05-24 22:15:34,75101,72256,72256,72196,72256,72200
2026-05-24 22:15:45,47981,43436,44676,43956,44496,43860
2026-05-24 22:15:55,74641,71796,71736,71796,71736,71740
2026-05-24 22:16:05,80461,77736,79556,81096,80736,78680
2026-05-24 22:16:15,61721,58596,53876,57776,58876,58798
2026-05-24 22:16:25,75101,72256,72256,72196,72196,72200
2026-05-24 22:16:35,74041,69956,70216,70356,71596,71280
2026-05-24 22:16:45,75001,75936,75756,66776,76596,74220
2026-05-24 22:16:55,75101,72256,72256,72256,72196,72140
2026-05-24 22:17:05,46761,43956,43976,43974,43976,43898
2026-05-24 22:17:15,75101,72256,72256,72256,72196,72200
2026-05-24 22:17:26,75101,72256,72256,72256,72196,72200
2026-05-24 22:17:36,47141,44296,44296,44296,44296,44218
2026-05-24 22:17:46,34481,31674,31674,31674,31674,31578
2026-05-24 22:17:56,65743,64316,64276,64336,64318,64160
2026-05-24 22:18:06,65745,64318,64278,64338,64318,64162
2026-05-24 22:18:16,65765,64318,64318,64338,64318,64162
2026-05-24 22:18:26,65765,64318,64318,64338,64318,64182
2026-05-24 22:18:36,65765,64318,64318,64338,64318,64182
2026-05-24 22:18:46,65765,64318,64318,64338,64318,64182
2026-05-24 22:18:56,65765,64318,64318,64338,64318,64182
2026-05-24 22:19:06,65765,64318,64318,64338,64318,64182
2026-05-24 22:19:16,65765,64318,64318,64338,64318,64182
2026-05-24 22:19:26,65765,64318,64318,64338,64318,64182
2026-05-24 22:19:36,65765,64318,64318,64338,64318,64182
2026-05-24 22:19:46,61241,58374,58374,58374,58374,58358
2026-05-24 22:19:56,61243,58376,58376,58376,58376,58360
2026-05-24 22:20:06,61243,58376,58376,58376,58376,58360
2026-05-24 22:20:16,22361,19574,19574,19574,19574,19438
2026-05-24 22:20:26,22361,19574,19574,19574,19574,19438
2026-05-24 22:20:37,22361,19574,19574,19574,19574,19438
2026-05-24 22:20:47,22361,19574,19574,19574,19574,19438
2026-05-24 22:20:57,22361,19574,19574,19574,19574,19438
2026-05-24 22:21:07,22361,19574,19574,19574,19574,19438
2026-05-24 22:21:17,22361,19574,19574,19574,19574,19438
2026-05-24 22:21:27,22361,19574,19574,19574,19574,19438
2026-05-24 22:21:37,22361,19574,19574,19574,19574,19438
2026-05-24 22:21:47,22361,19574,19574,19574,19574,19438
2026-05-24 22:21:57,22361,19574,19574,19574,19574,19438
2026-05-24 22:22:07,22361,19574,19574,19574,19574,19438
2026-05-24 22:22:17,22361,19574,19574,19574,19574,19438
2026-05-24 22:22:27,22361,19574,19574,19574,19574,19438
2026-05-24 22:22:37,22361,19574,19574,19574,19574,19438
2026-05-24 22:22:48,22361,19574,19574,19574,19574,19438
2026-05-24 22:22:58,22361,19574,19574,19574,19574,19438
2026-05-24 22:23:08,22361,19574,19574,19574,19574,19438
2026-05-24 22:23:18,22361,19574,19574,19574,19574,19438
2026-05-24 22:23:28,22361,19574,19574,19574,19574,19438
2026-05-24 22:23:38,22361,19574,19574,19574,19574,19438
2026-05-24 22:23:48,22361,19574,19574,19574,19574,19438
2026-05-24 22:23:58,22361,19574,19574,19574,19574,19438
2026-05-24 22:24:08,22361,19574,19574,19574,19574,19438
2026-05-24 22:24:18,22361,19574,19574,19574,19574,19438
2026-05-24 22:24:28,22361,19574,19574,19574,19574,19438
2026-05-24 22:24:38,22361,19574,19574,19574,19574,19438
2026-05-24 22:24:48,34641,31814,19574,19574,19574,19438
2026-05-24 22:24:59,34641,31814,31814,31814,31814,19438
2026-05-24 22:25:09,77941,79758,79314,79318,75636,75400
2026-05-24 22:25:19,73783,41838,41836,41838,41838,81122
2026-05-24 22:25:29,65901,80678,80678,80678,80678,63880
2026-05-24 22:25:39,79143,76458,76458,76058,75958,80862
2026-05-24 22:25:49,73783,71118,71118,71118,71118,80822
2026-05-24 22:25:59,42441,80658,80658,80658,80658,43720
2026-05-24 22:26:09,73783,71158,71158,71158,71158,80822
2026-05-24 22:26:19,46941,80718,80718,80718,80718,55720
2026-05-24 22:26:30,79143,80838,80838,80838,80838,81002
2026-05-24 22:26:40,73783,80838,80838,80838,80838,80822
2026-05-24 22:26:50,73141,80838,80838,80838,80838,70980
2026-05-24 22:27:00,48303,80838,80838,80838,80838,49202
2026-05-24 22:27:10,73783,80838,80838,80838,80838,80822
2026-05-24 22:27:21,65901,80838,80838,80838,80838,63740
2026-05-24 22:27:31,79143,80838,80838,80838,80838,81002
2026-05-24 22:27:41,73783,80838,80838,80838,80838,80822
2026-05-24 22:27:51,42441,80838,80838,80838,80838,43020
2026-05-24 22:28:01,73783,80838,80838,80838,80838,81002
2026-05-24 22:28:11,69921,80838,80838,80838,80838,80662
2026-05-24 22:28:21,42441,80838,80838,80838,80838,38860
2026-05-24 22:28:31,36021,33194,33194,33194,33194,33118
2026-05-24 22:28:41,65725,64318,64338,64338,64318,64262
2026-05-24 22:28:51,65725,64318,64338,64338,64318,64262
2026-05-24 22:29:01,65725,64318,64338,64338,64318,64262
2026-05-24 22:29:11,65725,64318,64338,64338,64318,64262
2026-05-24 22:29:21,65725,64318,64338,64338,64318,64262
2026-05-24 22:29:31,65725,64318,64338,64338,64318,64262
2026-05-24 22:29:41,65725,64318,64338,64338,64318,64262
2026-05-24 22:29:51,65725,64318,64338,64338,64318,64262
2026-05-24 22:30:01,65725,64318,64338,64338,64318,64262
2026-05-24 22:30:11,65725,64318,64338,64338,64318,64262
2026-05-24 22:30:21,37541,34954,34954,34954,34954,34638
2026-05-24 22:30:31,60981,59394,59394,59394,59394,58078
2026-05-24 22:30:41,60983,59396,59396,59396,59396,58080
2026-05-24 22:30:52,60983,59396,59396,59396,59396,58080
2026-05-24 22:31:02,22361,19554,19554,19554,19554,19458
2026-05-24 22:31:12,22361,19554,19554,19554,19554,19458
2026-05-24 22:31:22,22361,19554,19554,19554,19554,19458
2026-05-24 22:31:32,22361,19554,19554,19554,19554,19458
2026-05-24 22:31:42,22361,19554,19554,19554,19554,19458
2026-05-24 22:31:52,22361,19554,19554,19554,19554,19458
2026-05-24 22:32:02,22361,19554,19554,19554,19554,19458
2026-05-24 22:32:12,22361,19554,19554,19554,19554,19458
2026-05-24 22:32:22,22361,19554,19554,19554,19554,19458
2026-05-24 22:32:32,22361,19554,19554,19554,19554,19458
2026-05-24 22:32:43,22361,19554,19554,19554,19554,19458
2026-05-24 22:32:53,22361,19554,19554,19554,19554,19458
2026-05-24 22:33:03,22361,19554,19554,19554,19554,19458
2026-05-24 22:33:13,22361,19554,19554,19554,19554,19458
2026-05-24 22:33:23,22361,19554,19554,19554,19554,19458
2026-05-24 22:33:33,22361,19554,19554,19554,19554,19458
2026-05-24 22:33:43,22361,19554,19554,19554,19554,19458
2026-05-24 22:33:53,22361,19554,19554,19554,19554,19458
2026-05-24 22:34:04,22361,19554,19554,19554,19554,19458
2026-05-24 22:34:14,22361,19554,19554,19554,19554,19458
2026-05-24 22:34:24,22361,19554,19554,19554,19554,19458
2026-05-24 22:34:34,22361,19554,19554,19554,19554,19458
2026-05-24 22:34:44,35081,31914,31914,19554,19554,19458
2026-05-24 22:34:54,35081,31914,31914,31914,31914,32078
2026-05-24 22:35:04,75041,62836,60016,60776,60456,64240
2026-05-24 22:35:14,75941,73256,73696,73536,73196,72960
2026-05-24 22:35:24,70641,68196,69396,68896,67076,65420
2026-05-24 22:35:34,75101,72216,72216,72216,72276,72200
2026-05-24 22:35:45,61701,58956,58876,58876,54256,58798
2026-05-24 22:35:55,75101,72276,72216,72276,72276,72200
2026-05-24 22:36:05,46281,43456,43456,43456,43456,43358
2026-05-24 22:36:15,75101,72276,72216,72276,72276,72200
2026-05-24 22:36:25,56501,53656,55816,51876,53756,55500
2026-05-24 22:36:35,74641,71816,71816,71756,68876,67740
2026-05-24 22:36:45,75101,72216,72276,72276,72276,72200
2026-05-24 22:36:55,66701,60356,63876,63876,62036,63798
2026-05-24 22:37:05,75101,72216,72216,72276,72216,72140
2026-05-24 22:37:16,41821,39016,39016,39016,39016,38918
2026-05-24 22:37:26,75101,72276,72276,72276,72216,72200
2026-05-24 22:37:36,71061,67336,67616,65936,68576,67500
2026-05-24 22:37:46,73041,68576,74016,72316,70676,75640
2026-05-24 22:37:56,75101,72276,72276,72276,72216,72200
2026-05-24 22:38:06,47261,44436,44436,44434,44436,44338
2026-05-24 22:38:17,75101,72276,72216,72276,72216,72140
2026-05-24 22:38:27,73261,68936,68836,69176,69376,69440
2026-05-24 22:38:37,70641,65136,63676,64956,63496,66580
2026-05-24 22:38:47,8480,5554,5554,5554,5552,5554
2026-05-24 22:39:04,8480,5554,5554,5554,5552,5554
2026-05-24 22:39:14,8480,5554,5554,5554,5552,5554
2026-05-24 22:39:24,8480,5554,5554,5554,5552,5554
2026-05-24 22:39:34,8480,5554,5554,5554,5552,5554
2026-05-24 22:39:44,8480,5554,5554,5554,5552,5554
2026-05-24 22:39:54,8480,5974,5974,5974,5972,5974
2026-05-24 22:40:04,15561,12892,12892,12892,12890,13030
2026-05-24 22:40:14,54655,53246,53246,53246,53244,53210
2026-05-24 22:40:24,51635,50326,50326,50326,50326,50070
2026-05-24 22:40:35,55399,54130,54090,54130,54110,54014
2026-05-24 22:40:45,55399,54130,54090,54130,54110,54014
2026-05-24 22:40:55,55419,54130,54110,54130,54110,54014
2026-05-24 22:41:05,55419,54130,54110,54130,54110,54014
2026-05-24 22:41:15,55419,54130,54110,54130,54110,54014
2026-05-24 22:41:26,55419,54130,54110,54130,54110,54014
2026-05-24 22:41:36,55419,54130,54110,54130,54110,54014
2026-05-24 22:41:46,55419,54130,54110,54130,54110,54014
2026-05-24 22:41:56,55419,54130,54110,54130,54110,54014
2026-05-24 22:42:06,55419,54130,54110,54130,54110,54014
2026-05-24 22:42:16,55419,54130,54110,54130,54110,54014
2026-05-24 22:42:27,55419,54130,54110,54130,54110,54014
2026-05-24 22:42:37,55419,54130,54110,54130,54110,54014
2026-05-24 22:42:47,55419,54130,54110,54130,54110,54014
2026-05-24 22:42:57,55419,54130,54110,54130,54110,54014
2026-05-24 22:43:07,55419,54130,54110,54130,54110,54014
2026-05-24 22:43:17,55419,54130,54110,54130,54110,54014
2026-05-24 22:43:27,55419,54130,54110,54130,54110,54014
2026-05-24 22:43:37,55419,54130,54110,54130,54110,54014
2026-05-24 22:43:47,55419,54130,54110,54130,54110,54014
2026-05-24 22:43:57,25055,22326,22326,22326,21586,21010
2026-05-24 22:44:07,54015,51306,51306,51306,51306,51110
2026-05-24 22:44:17,54015,51306,51306,51306,51306,51110
2026-05-24 22:44:27,54019,51312,51312,51312,51312,51116
2026-05-24 22:44:38,12113,9286,9286,9286,9306,9190
2026-05-24 22:44:48,24577,21750,21750,9286,9306,9190
2026-05-24 22:44:58,41777,43372,38950,38950,43372,38772
2026-05-24 22:45:08,75107,72280,72280,72280,72280,72184
2026-05-24 22:45:18,75107,72280,72280,72280,72280,72184
2026-05-24 22:45:28,75107,72280,72280,72280,72280,72184
2026-05-24 22:45:38,75107,72280,72280,72280,72280,72184
2026-05-24 22:45:48,75107,72280,72280,72280,72280,72184
2026-05-24 22:45:58,75107,72280,72280,72280,72280,72184
2026-05-24 22:46:08,75107,72280,72280,72280,72280,72184
2026-05-24 22:46:18,75107,72280,72280,72280,72280,72184
2026-05-24 22:46:29,75107,72280,72280,72280,72280,72184
2026-05-24 22:46:39,75107,72280,72280,72280,72280,72184
2026-05-24 22:46:49,75107,72280,72280,72280,72280,72184
2026-05-24 22:46:59,75107,72280,72280,72280,72280,72184
2026-05-24 22:47:09,75107,72357,72307,72307,72299,72211
2026-05-24 22:47:19,35981,33255,33255,33255,33255,33139
2026-05-24 22:47:29,43203,40592,40592,40592,40592,40614
2026-05-24 22:47:40,71522,66966,65506,80406,80906,66432
2026-05-24 22:47:50,8505,5976,5976,5976,5974,5976
2026-05-24 22:48:04,14421,12093,12093,12093,12089,12011
2026-05-24 22:48:14,54655,53467,53467,53467,53465,53411
2026-05-24 22:48:24,61077,61785,61685,61425,61283,60447
2026-05-24 22:48:34,75195,77103,73863,73563,73561,73931
2026-05-24 22:48:44,30339,29074,27596,28036,27876,28056
2026-05-24 22:48:56,27499,26174,24716,24956,24976,24976
2026-05-24 22:49:06,31123,29978,28480,28920,28740,28880
2026-05-24 22:49:16,31123,29978,28480,28920,28740,28880
2026-05-24 22:49:26,31123,30058,28480,28920,28740,28880
2026-05-24 22:49:36,31123,30058,28480,28920,28740,28880
2026-05-24 22:49:46,31123,30058,28480,28920,28740,28880
2026-05-24 22:49:56,31123,30058,28480,28920,28740,28880
2026-05-24 22:50:06,31123,30477,28899,29339,29159,29299
2026-05-24 22:50:16,34845,33995,32417,32857,32677,32975
2026-05-24 22:50:26,37065,36175,34597,35037,34857,34915
2026-05-24 22:50:36,57447,56835,55695,55995,55915,55923
2026-05-24 22:50:46,61027,59055,57135,57775,59657,57883
2026-05-24 22:50:56,61191,60599,59479,59759,59679,59667
2026-05-24 22:51:06,61191,60759,59479,59939,59679,59667
2026-05-24 22:51:17,61191,60759,59479,59939,59679,59667
2026-05-24 22:51:27,61191,60759,59479,59939,59679,59667
2026-05-24 22:51:37,61191,60759,59479,59939,59679,59667
2026-05-24 22:51:47,61191,60759,59479,59939,59679,59667
2026-05-24 22:51:57,61191,60759,59479,59939,59679,59667
2026-05-24 22:52:07,61191,60759,59479,59939,59679,59667
2026-05-24 22:52:17,61191,60759,59479,59939,59679,59667
2026-05-24 22:52:27,61191,60759,59479,59939,59679,59667
2026-05-24 22:52:37,61191,60759,59479,59939,59679,59667
2026-05-24 22:52:47,61191,60759,59479,59939,59679,59667
2026-05-24 22:52:57,61191,60759,59479,59939,59679,59667
2026-05-24 22:53:07,61191,60759,59479,59939,59679,59667
2026-05-24 22:53:18,61191,60759,59479,59939,59679,59667
2026-05-24 22:53:28,61191,60759,59479,59939,59679,59667
2026-05-24 22:53:38,58467,56315,56615,57455,56575,57003
2026-05-24 22:53:48,80307,78175,78475,78515,78435,78103
2026-05-24 22:53:58,80327,80115,80415,80455,80375,80023
2026-05-24 22:54:08,80329,80117,80417,80457,80377,80025
2026-05-24 22:54:18,80255,80123,80423,80463,80383,80031
2026-05-24 22:54:28,42207,40015,40315,40335,40275,40023
2026-05-24 22:54:38,55127,51075,40315,40335,40275,40023
2026-05-24 22:54:48,42763,40151,39831,38351,27311,26979
2026-05-24 22:54:58,70763,68151,67831,68191,68171,67859
2026-05-24 22:55:08,54187,51516,51196,51536,51534,51304
2026-05-24 22:55:25,54187,51520,51202,51540,51542,51304
2026-05-24 22:55:35,12093,9286,9306,9306,9306,9190
2026-05-24 22:55:45,12093,9286,9306,9306,9306,9190
2026-05-24 22:55:55,12093,9286,9306,9306,9306,9190
2026-05-24 22:56:05,12093,9286,9306,9306,9306,9190
2026-05-24 22:56:15,12093,9286,9306,9306,9306,9190
2026-05-24 22:56:25,12093,9286,9306,9306,9306,9190
2026-05-24 22:56:35,12093,9286,9306,9306,9306,9190
2026-05-24 22:56:45,12093,9286,9306,9306,9306,9190
2026-05-24 22:56:55,12093,9286,9306,9306,9306,9190
2026-05-24 22:57:05,24595,20548,9306,9306,9306,9190
2026-05-24 22:57:16,24595,21768,21768,21768,10386,9190
2026-05-24 22:57:26,73167,70320,70320,70320,70320,70224
2026-05-24 22:57:36,75247,72400,72400,72400,72400,72304
2026-05-24 22:57:46,8480,5554,5554,5554,5552,5554
2026-05-24 22:57:57,8480,5554,5554,5554,5552,5554
2026-05-24 22:58:07,8480,5554,5554,5554,5552,5554
2026-05-24 22:58:17,8480,5554,5554,5554,5552,5554
2026-05-24 22:58:28,8480,5554,5554,5554,5552,5554
2026-05-24 22:58:38,8480,5554,5554,5554,5552,5554
2026-05-24 22:58:48,8480,5554,5554,5554,5552,5554
2026-05-24 22:58:58,8480,5554,5554,5554,5552,5554
2026-05-24 22:59:08,8480,5554,5554,5554,5552,5554
2026-05-24 22:59:18,8480,5554,5554,5554,5552,5554
2026-05-24 22:59:28,8480,5554,5554,5554,5552,5554
2026-05-24 22:59:38,8480,5554,5554,5554,5552,5554
2026-05-24 22:59:48,8480,5554,5554,5554,5552,5554
2026-05-24 22:59:58,8480,5554,5554,5554,5552,5554
2026-05-24 23:00:09,8480,5554,5554,5554,5552,5554
2026-05-24 23:00:19,8480,5974,5974,5974,5972,5974
2026-05-24 23:00:29,17921,24152,24152,24152,24150,24750
2026-05-24 23:00:39,54655,53246,53246,53246,53244,53210
2026-05-24 23:00:49,51635,50326,50326,50326,50326,50070
2026-05-24 23:00:59,55419,54130,54110,54110,54090,54014
2026-05-24 23:01:10,55419,54130,54110,54110,54090,54014
2026-05-24 23:01:20,55419,54130,54130,54110,54110,54014
2026-05-24 23:01:30,55419,54130,54130,54110,54110,54014
2026-05-24 23:01:40,55419,54130,54130,54130,54110,54014
2026-05-24 23:01:50,55419,54130,54130,54130,54110,54014
2026-05-24 23:02:00,55419,54130,54130,54130,54110,54014
2026-05-24 23:02:10,55419,54130,54130,54130,54110,54014
2026-05-24 23:02:21,55419,54130,54130,54130,54110,54014
2026-05-24 23:02:31,55419,54130,54130,54130,54110,54014
2026-05-24 23:02:41,55419,54130,54130,54130,54110,54014
2026-05-24 23:02:51,26455,23386,23386,23386,23386,23530
2026-05-24 23:03:01,55275,52226,52226,52226,52226,52370
2026-05-24 23:03:11,55275,52226,52226,52226,52226,52370
2026-05-24 23:03:21,55279,52234,52234,52234,52234,52378
2026-05-24 23:03:31,12133,9306,9306,9306,9306,9190
2026-05-24 23:03:41,24677,21830,21830,9306,9306,9190
2026-05-24 23:03:51,28717,25870,25870,25870,25870,25794
2026-05-24 23:04:01,76367,73520,73520,73520,73520,73424
2026-05-24 23:04:11,76367,73520,73520,73520,73520,73424
2026-05-24 23:04:21,76367,73520,73520,73520,73520,73424
2026-05-24 23:04:31,76367,73520,73520,73520,73520,73424
2026-05-24 23:04:41,76367,73520,73520,73520,73520,73424
2026-05-24 23:04:51,76367,73520,73520,73520,73520,73424
2026-05-24 23:05:01,76367,73520,73520,73520,73520,73424
2026-05-24 23:05:11,76367,73520,73520,73520,73520,73424
2026-05-24 23:05:22,76367,73520,73520,73520,73520,73424
2026-05-24 23:05:32,76367,73520,73520,73520,73520,73424
2026-05-24 23:05:42,76367,73520,73520,73520,73520,73424
2026-05-24 23:05:52,76367,73520,73520,73520,73520,73424
2026-05-24 23:06:02,76367,73520,73520,73520,73520,73424
2026-05-24 23:06:12,22765,19898,19778,19778,19778,19702
2026-05-24 23:06:22,35981,34614,34334,33174,33174,34238
2026-05-24 23:06:32,65765,64258,64278,64278,64278,64262
2026-05-24 23:06:42,65765,64258,64278,64278,64278,64262
2026-05-24 23:06:52,65765,64258,64278,64278,64278,64262
2026-05-24 23:07:02,65765,64258,64278,64278,64278,64262
2026-05-24 23:07:12,65765,64278,64278,64278,64278,64262
2026-05-24 23:07:23,65765,64278,64278,64278,64278,64262
2026-05-24 23:07:33,65765,64278,64278,64278,64278,64262
2026-05-24 23:07:43,65765,64278,64278,64278,64278,64262
2026-05-24 23:07:53,65765,64278,64278,64278,64278,64262
2026-05-24 23:08:03,65765,64278,64278,64278,64278,64262
2026-05-24 23:08:13,61381,58614,58614,58614,58614,58478
2026-05-24 23:08:23,61381,58614,58614,58614,58614,58478
2026-05-24 23:08:33,61383,58616,58616,58616,58616,58480
2026-05-24 23:08:43,22381,19554,19554,19554,19554,19458
2026-05-24 23:08:53,34601,31794,19554,19554,19554,19458
2026-05-24 23:09:03,34601,31794,31794,31794,31794,19458
2026-05-24 23:09:13,70201,67376,72376,67374,67374,67360
2026-05-24 23:09:24,73983,48158,50258,48478,48698,49242
2026-05-24 23:09:34,42921,80758,80758,80758,80758,80662
2026-05-24 23:09:44,73983,71198,71138,71138,71198,71142
2026-05-24 23:09:54,73983,71198,71198,71198,71198,71082
2026-05-24 23:10:04,66041,80838,80838,80838,80838,80742
2026-05-24 23:10:14,41801,80938,80938,80938,80938,80642
2026-05-24 23:10:24,73983,80938,80938,80938,80938,71142
2026-05-24 23:10:34,78181,80938,80938,80938,80938,80902
2026-05-24 23:10:44,44001,80938,80938,80938,80938,80902
2026-05-24 23:10:54,73983,80938,80938,80938,80938,80902
2026-05-24 23:11:04,73983,80938,80938,80938,80938,80902
2026-05-24 23:11:14,73983,80938,80938,80938,80938,80902
2026-05-24 23:11:24,46041,80938,80938,80938,80938,80902
2026-05-24 23:11:35,73983,80938,80938,80938,80938,80902
2026-05-24 23:11:45,73983,80938,80938,80938,80938,80902
2026-05-24 23:11:55,69581,80938,80938,80938,80938,80902
2026-05-24 23:12:05,46181,80938,80938,80938,80938,80902
2026-05-24 23:12:15,79343,80938,80938,80938,80938,80902
2026-05-24 23:12:25,36001,33154,33154,33154,33154,32698
2026-05-24 23:12:35,65745,64478,64478,64478,64318,64182
2026-05-24 23:12:45,65745,64478,64478,64478,64318,64182
2026-05-24 23:12:55,65745,64478,64478,64478,64478,64182
2026-05-24 23:13:05,65745,64478,64478,64478,64478,64182
2026-05-24 23:13:15,65745,64478,64478,64478,64478,64182
2026-05-24 23:13:25,65745,64478,64478,64478,64478,64182
2026-05-24 23:13:36,65745,64478,64478,64478,64478,64182
2026-05-24 23:13:46,65745,64478,64478,64478,64478,64182
2026-05-24 23:13:56,65745,64478,64478,64478,64478,64182
2026-05-24 23:14:06,65745,64478,64478,64478,64478,64182
2026-05-24 23:14:16,65745,64478,64478,64478,64478,64182
2026-05-24 23:14:26,65745,64478,64478,64478,64478,64182
2026-05-24 23:14:36,65745,64478,64478,64478,64478,64182
2026-05-24 23:14:46,65745,64478,64478,64478,64478,64182
2026-05-24 23:14:56,65745,64478,64478,64478,64478,64182
2026-05-24 23:15:06,65745,64478,64478,64478,64478,64182
2026-05-24 23:15:16,38461,35614,35614,35614,35614,35298
2026-05-24 23:15:26,64501,61654,61654,61654,61654,61338
2026-05-24 23:15:36,64503,61656,61656,61656,61656,61340
2026-05-24 23:15:46,64503,61656,61656,61656,61656,61340
2026-05-24 23:15:56,22381,19534,19534,19534,19534,19458
2026-05-24 23:16:06,34901,32094,19534,19534,19534,19458
2026-05-24 23:16:16,34901,32094,32094,32094,32094,19458
2026-05-24 23:16:26,40121,80896,80896,80836,80834,80720
2026-05-24 23:16:37,46041,43376,43376,43376,43374,43400
2026-05-24 23:16:47,68921,73656,77136,77376,78976,80580
2026-05-24 23:16:57,77841,74976,75036,74976,74976,74840
2026-05-24 23:17:07,37881,39216,39216,39216,39214,39098
2026-05-24 23:17:17,63121,67396,65756,65276,67316,66240
2026-05-24 23:17:27,77841,74976,74976,75036,74976,74840
2026-05-24 23:17:37,43101,40276,40276,40276,40274,40158
2026-05-24 23:17:47,46541,43796,43796,43796,43794,43598
2026-05-24 23:17:57,77841,75036,75036,75036,74976,74900
2026-05-24 23:18:07,77841,75036,75036,75036,75036,74840
2026-05-24 23:18:17,46901,44196,44196,44196,44194,43998
2026-05-24 23:18:28,77841,75036,75036,74976,74976,74900
2026-05-24 23:18:38,77841,75036,75036,75036,74976,74900
2026-05-24 23:18:48,60281,61616,62616,60436,63016,60380
2026-05-24 23:18:58,79441,78976,78976,79156,78976,78780
2026-05-24 23:19:08,77841,75036,75036,75036,74976,74840
2026-05-24 23:19:18,56221,54416,55136,56676,55256,55260
2026-05-24 23:19:28,75601,70976,78976,73636,73634,73458
2026-05-24 23:19:38,77841,75036,75036,75036,74976,74900
2026-05-24 23:19:48,77841,75036,74976,75036,75036,74900
2026-05-24 23:19:58,46601,43856,43856,43856,43854,43658
2026-05-24 23:20:08,77841,74976,75036,75036,75036,74900
2026-05-24 23:20:19,77781,75036,75036,75036,75036,74900
2026-05-24 23:20:29,46961,44156,44156,44156,44154,44038
2026-05-24 23:20:39,38341,39134,39254,41194,37354,38038
2026-05-24 23:20:49,65745,64238,64238,64238,64238,64242
2026-05-24 23:20:59,65745,64238,64238,64238,64238,64242
2026-05-24 23:21:09,65745,64238,64238,64238,64238,64242
2026-05-24 23:21:19,65745,64238,64238,64238,64238,64242
2026-05-24 23:21:29,65745,64238,64238,64238,64238,64242
2026-05-24 23:21:39,65745,64238,64238,64238,64238,64242
2026-05-24 23:21:49,65745,64238,64238,64238,64238,64242
2026-05-24 23:21:59,65745,64238,64238,64238,64238,64242
2026-05-24 23:22:10,65745,64238,64238,64238,64238,64242
2026-05-24 23:22:20,65745,64238,64238,64238,64238,64242
2026-05-24 23:22:30,65745,64238,64238,64238,64238,64242
2026-05-24 23:22:40,65745,64238,64238,64238,64238,64242
2026-05-24 23:22:50,65745,64238,64238,64238,64238,64242
2026-05-24 23:23:00,65745,64238,64238,64238,64238,64242
2026-05-24 23:23:10,65745,64238,64238,64238,64238,64242
2026-05-24 23:23:20,65745,64238,64238,64238,64238,64242
2026-05-24 23:23:30,65745,64238,64238,64238,64238,64242
2026-05-24 23:23:40,65745,64238,64238,64238,64238,64242
2026-05-24 23:23:50,65745,64238,64238,64238,64238,64242
2026-05-24 23:24:00,65745,64238,64238,64238,64238,64242
2026-05-24 23:24:10,37821,34834,34834,34834,34834,34918
2026-05-24 23:24:21,61961,58974,58974,58974,58974,59058
2026-05-24 23:24:31,61963,58976,58976,58976,58976,59060
2026-05-24 23:24:41,61963,58976,58976,58976,58976,59060
2026-05-24 23:24:51,22401,19554,19554,19554,19554,19438
2026-05-24 23:25:01,34661,31854,31854,19554,19554,19438
2026-05-24 23:25:11,43921,41114,41114,41114,41114,40918
2026-05-24 23:25:21,74523,81038,81038,81038,81038,80862
2026-05-24 23:25:31,42941,31014,31014,31014,31014,30918
2026-05-24 23:25:41,74523,47998,45278,46838,48178,81102
2026-05-24 23:25:51,79943,77078,77078,81178,77078,81102
2026-05-24 23:26:01,46081,51536,51536,43276,51536,34138
2026-05-24 23:26:11,74523,37196,37416,71718,37896,81102
2026-05-24 23:26:21,76603,73798,73798,43978,73798,74742
2026-05-24 23:26:31,49101,54976,54836,46356,54636,37158
2026-05-24 23:26:41,74523,41896,74616,71718,41896,41302
2026-05-24 23:26:51,56603,53218,51418,51418,52198,81162
2026-05-24 23:27:01,8480,5554,5554,5554,5552,5554
2026-05-24 23:27:18,8480,5554,5554,5554,5552,5554
2026-05-24 23:27:28,8480,5554,5554,5554,5552,5554
2026-05-24 23:27:38,8480,5554,5554,5554,5552,5554
2026-05-24 23:27:48,8480,5554,5554,5554,5552,5554
2026-05-24 23:27:58,8480,5974,5974,5974,5972,5974
2026-05-24 23:28:08,9333,6504,6312,6312,6310,6312
2026-05-24 23:28:18,14421,11672,11672,11672,11710,11630
2026-05-24 23:28:28,48775,47346,47346,47346,47346,47310
2026-05-24 23:28:38,51755,50326,50326,50326,53106,50330
2026-05-24 23:28:48,55439,54130,54130,54130,54190,54074
2026-05-24 23:28:58,55439,54130,54130,54130,54190,54094
2026-05-24 23:29:08,55439,54130,54130,54130,54190,54094
2026-05-24 23:29:18,55439,54130,54130,54130,54190,54094
2026-05-24 23:29:28,55439,54130,54130,54130,54190,54094
2026-05-24 23:29:38,55439,54130,54130,54130,54190,54094
2026-05-24 23:29:49,55439,54130,54130,54130,54190,54094
2026-05-24 23:29:59,55439,54130,54130,54130,54190,54094
2026-05-24 23:30:09,55439,54130,54130,54130,54190,54094
2026-05-24 23:30:19,55439,54130,54130,54130,54190,54094
2026-05-24 23:30:29,55439,54130,54130,54130,54190,54094
2026-05-24 23:30:39,55439,54130,54130,54130,54190,54094
2026-05-24 23:30:49,55439,54130,54130,54130,54190,54094
2026-05-24 23:30:59,55439,54130,54130,54130,54190,54094
2026-05-24 23:31:09,55439,54130,54130,54130,54190,54094
2026-05-24 23:31:19,55439,54130,54130,54130,54190,54094
2026-05-24 23:31:29,55439,54130,54130,54130,54190,54094
2026-05-24 23:31:39,55439,54130,54130,54130,54190,54094
2026-05-24 23:31:49,18319,22950,26010,28150,29710,31074
2026-05-24 23:32:00,55455,52326,52326,52326,52386,51370
2026-05-24 23:32:10,55457,52328,52328,52328,52388,51372
2026-05-24 23:32:20,55457,52328,52328,52328,52388,51372
2026-05-24 23:32:30,12093,9306,9306,9306,9326,9210
2026-05-24 23:32:40,24677,21850,9306,9306,9326,9210
2026-05-24 23:32:50,24677,21850,21850,21850,9326,9210
2026-05-24 23:33:00,74227,71400,71400,71400,71400,71304
2026-05-24 23:33:11,76307,73480,73480,73480,73480,73384
2026-05-24 23:33:21,76307,73480,73480,73480,73480,73384
2026-05-24 23:33:31,76307,73480,73480,73480,73480,73384
2026-05-24 23:33:41,76307,73480,73480,73480,73480,73384
2026-05-24 23:33:51,76307,73480,73480,73480,73480,73384
2026-05-24 23:34:01,8480,5554,5554,5554,5552,5554
2026-05-24 23:34:19,8480,5554,5554,5554,5552,5554
2026-05-24 23:34:29,8480,5554,5554,5554,5552,5554
2026-05-24 23:34:39,8480,5554,5554,5554,5552,5554
2026-05-24 23:34:49,8480,5974,5974,5974,5972,5974
2026-05-24 23:34:59,8480,5974,5974,5974,5972,5974
2026-05-24 23:35:10,14421,11672,11672,11672,11670,11590
2026-05-24 23:35:20,51635,50326,50326,50326,50326,50070
2026-05-24 23:35:30,57275,56126,55366,55246,54906,52610
2026-05-24 23:35:40,55419,54090,54110,54130,54090,53994
2026-05-24 23:35:50,55419,54110,54130,54130,54110,54014
2026-05-24 23:36:00,55419,54110,54130,54130,54110,54014
2026-05-24 23:36:10,55419,54130,54130,54130,54110,54034
2026-05-24 23:36:20,55419,54130,54130,54130,54110,54034
2026-05-24 23:36:30,55419,54130,54130,54130,54110,54034
2026-05-24 23:36:40,55419,54130,54130,54130,54110,54034
2026-05-24 23:36:50,55419,54130,54130,54130,54110,54034
2026-05-24 23:37:00,55419,54130,54130,54130,54110,54034
2026-05-24 23:37:10,55419,54130,54130,54130,54110,54034
2026-05-24 23:37:21,55419,54130,54130,54130,54110,54034
2026-05-24 23:37:31,55419,54130,54130,54130,54110,54034
2026-05-24 23:37:41,55419,54130,54130,54130,54110,54034
2026-05-24 23:37:51,55419,54130,54130,54130,54110,54034
2026-05-24 23:38:01,55419,54130,54130,54130,54110,54034
2026-05-24 23:38:11,55419,54130,54130,54130,54110,54034
2026-05-24 23:38:21,56095,53146,53146,53146,53146,53210
2026-05-24 23:38:31,56095,53146,53146,53146,53146,53210
2026-05-24 23:38:41,56097,53148,53148,53148,53148,53212
2026-05-24 23:38:51,21973,16786,21246,16526,18846,18130
2026-05-24 23:39:01,24757,9306,9306,9306,9306,9190
2026-05-24 23:39:11,24757,21930,21930,9306,9306,9190
2026-05-24 23:39:21,51399,51092,51852,56552,52692,56396
2026-05-24 23:39:31,77187,74360,74360,74360,74360,74284
2026-05-24 23:39:41,77187,74360,74360,74360,74360,74284
2026-05-24 23:39:51,77187,74360,74360,74360,74360,74284
2026-05-24 23:40:01,77187,74360,74360,74360,74360,74284
2026-05-24 23:40:11,77187,74360,74360,74360,74360,74284
2026-05-24 23:40:21,77187,74360,74360,74360,74360,74284
2026-05-24 23:40:32,77187,74360,74360,74360,74360,74284
2026-05-24 23:40:42,77187,74360,74360,74360,74360,74284
2026-05-24 23:40:52,77187,74360,74360,74360,74360,74284
2026-05-24 23:41:02,77187,74360,74360,74360,74360,74284
2026-05-24 23:41:12,77187,74360,74360,74360,74360,74284
2026-05-24 23:41:22,77187,74360,74360,74360,74360,74284
2026-05-24 23:41:32,77187,74360,74360,74360,74360,74284
2026-05-24 23:41:42,77187,74360,74360,74360,74360,74284
2026-05-24 23:41:52,35981,32854,32854,32854,32854,33098
2026-05-24 23:42:02,65825,64298,64298,64298,64298,64322
2026-05-24 23:42:12,65825,64298,64298,64298,64298,64322
2026-05-24 23:42:22,65825,64298,64298,64298,64298,64322
2026-05-24 23:42:33,65825,64298,64298,64298,64298,64322
2026-05-24 23:42:43,65825,64298,64298,64298,64298,64322
2026-05-24 23:42:53,65825,64298,64298,64298,64298,64322
2026-05-24 23:43:03,65825,64298,64298,64298,64298,64322
2026-05-24 23:43:13,65825,64298,64298,64298,64298,64322
2026-05-24 23:43:23,65825,64298,64298,64298,64298,64322
2026-05-24 23:43:33,65825,64298,64298,64298,64298,64322
2026-05-24 23:43:43,65825,64298,64298,64298,64298,64322
2026-05-24 23:43:53,28001,24834,24694,24694,24694,24638
2026-05-24 23:44:03,62141,59234,59234,59234,59234,59178
2026-05-24 23:44:13,62143,59236,59236,59236,59236,59180
2026-05-24 23:44:23,62143,59236,59236,59236,59236,59180
2026-05-24 23:44:33,22381,19574,19574,19574,19574,19418
2026-05-24 23:44:43,34661,31874,31874,19574,19574,19418
2026-05-24 23:44:54,34661,31874,31874,31874,31874,31738
2026-05-24 23:45:04,74823,41656,41656,41656,41656,41680
2026-05-24 23:45:14,43881,41114,41194,41114,41114,41038
2026-05-24 23:45:24,74883,72098,72158,72158,72158,72082
2026-05-24 23:45:34,79563,76718,76878,76778,76758,51180
2026-05-24 23:45:44,70421,67696,67696,67696,67696,81102
2026-05-24 23:45:54,74883,72098,72098,72098,72098,72082
2026-05-24 23:46:04,59923,56958,56838,56518,57058,51180
2026-05-24 23:46:14,74423,71698,71698,71698,71638,81102
2026-05-24 23:46:24,74883,72158,72158,72158,72098,72082
2026-05-24 23:46:34,47281,44556,44556,44554,44554,51300
2026-05-24 23:46:45,74883,72158,72098,72158,72098,41660
2026-05-24 23:46:55,65763,62298,63538,61698,63738,62702
2026-05-24 23:47:05,62521,58876,58876,58874,62514,67040
2026-05-24 23:47:15,74883,72158,72158,72098,72098,41660
2026-05-24 23:47:25,46141,43216,43096,43214,43214,43058
2026-05-24 23:47:35,74883,72098,72158,72158,72158,72082
2026-05-24 23:47:45,80243,78098,78978,77518,77518,47020
2026-05-24 23:47:55,74021,76256,71296,76254,76254,73978
2026-05-24 23:48:05,74883,72158,72098,72098,72158,72082
2026-05-24 23:48:15,80243,77518,77518,77518,77458,51180
2026-05-24 23:48:26,74481,62876,71476,76256,70056,81102
2026-05-24 23:48:36,74883,72158,72158,72158,72098,72082
2026-05-24 23:48:46,46761,43996,43996,43994,43994,51180
2026-05-24 23:48:56,35961,32874,32874,32874,32874,32758
2026-05-24 23:49:06,65705,64258,64258,64258,64258,64242
2026-05-24 23:49:16,65705,64258,64258,64258,64258,64242
2026-05-24 23:49:26,65705,64258,64258,64258,64258,64262
2026-05-24 23:49:36,65705,64258,64258,64258,64258,64262
2026-05-24 23:49:46,65705,64258,64258,64258,64258,64262
2026-05-24 23:49:56,65705,64258,64258,64258,64258,64262
2026-05-24 23:50:06,65705,64258,64258,64258,64258,64262
2026-05-24 23:50:16,65705,64258,64258,64258,64258,64262
2026-05-24 23:50:26,65705,64258,64258,64258,64258,64262
2026-05-24 23:50:36,65705,64258,64258,64258,64258,64262
2026-05-24 23:50:46,65705,64258,64258,64258,64258,64262
2026-05-24 23:50:56,65705,64258,64258,64258,64258,64262
2026-05-24 23:51:06,65705,64258,64258,64258,64258,64262
2026-05-24 23:51:16,65705,64258,64258,64258,64258,64262
2026-05-24 23:51:27,65705,64258,64258,64258,64258,64262
2026-05-24 23:51:37,65705,64258,64258,64258,64258,64262
2026-05-24 23:51:47,65705,64258,64258,64258,64258,64262
2026-05-24 23:51:57,65705,64258,64258,64258,64258,64262
2026-05-24 23:52:07,65705,64258,64258,64258,64258,64262
2026-05-24 23:52:17,65705,64258,64258,64258,64258,64262
2026-05-24 23:52:27,65705,64258,64258,64258,64258,64262
2026-05-24 23:52:37,65705,64258,64258,64258,64258,64262
2026-05-24 23:52:47,65705,64258,64258,64258,64258,64262
2026-05-24 23:52:57,65705,64258,64258,64258,64258,64262
2026-05-24 23:53:07,65705,64258,64258,64258,64258,64262
2026-05-24 23:53:17,37641,34834,34834,34834,34834,34798
2026-05-24 23:53:27,61763,58954,58954,58954,58954,58918
2026-05-24 23:53:38,61763,58956,58956,58956,58956,58920
2026-05-24 23:53:48,22441,19534,19534,19534,19534,19418
2026-05-24 23:53:58,34641,19534,19534,19534,19534,19418
2026-05-24 23:54:08,34641,31854,31854,31854,19534,19418
2026-05-24 23:54:18,77883,75096,75096,75096,75156,75100
2026-05-24 23:54:28,47241,45394,45394,45394,45394,45438
2026-05-24 23:54:38,74563,41776,41776,41776,41776,41400
2026-05-24 23:54:48,42961,40114,40114,40114,40114,37580
2026-05-24 23:54:58,66381,67916,71816,66876,66876,63480
2026-05-24 23:55:08,74563,41776,41776,41776,41776,71762
2026-05-24 23:55:18,74563,71718,71718,71718,71718,41400
2026-05-24 23:55:28,58001,62416,61956,61956,61956,53598
2026-05-24 23:55:39,74623,41776,41776,41776,41776,71702
2026-05-24 23:55:49,43901,41054,40954,41054,41054,41120
2026-05-24 23:55:59,74563,71778,71718,71778,71778,71702
2026-05-24 23:56:09,74563,41776,41776,41776,41776,74520
2026-05-24 23:56:19,46101,43214,43214,43214,43214,51042
2026-05-24 23:56:29,74563,71778,71778,71718,71778,74520
2026-05-24 23:56:39,74563,41776,41776,41776,41776,41402
2026-05-24 23:56:49,70161,80878,80878,80878,80878,81182
2026-05-24 23:56:59,74563,71718,71718,71718,71778,71702
2026-05-24 23:57:09,46801,51416,51416,51416,51416,43900
2026-05-24 23:57:19,74563,56518,57838,53998,54438,71762
2026-05-24 23:57:29,74623,71778,71718,71718,71778,41400
2026-05-24 23:57:40,46541,51416,51416,51416,51416,43818
2026-05-24 23:57:50,74563,40876,40876,40876,40876,71702
2026-05-24 23:58:00,52403,47458,49998,47958,47018,50242
2026-05-24 23:58:10,21581,18714,18714,18714,18714,18618
2026-05-24 23:58:20,35961,32874,32874,32874,32874,32758
2026-05-24 23:58:30,65063,64256,64256,63616,62016,63580
2026-05-24 23:58:40,65705,64258,64258,64258,64258,64242
2026-05-24 23:58:50,65705,64258,64258,64258,64258,64262
2026-05-24 23:59:00,65705,64258,64258,64258,64258,64262
2026-05-24 23:59:10,65705,64258,64258,64258,64258,64262
2026-05-24 23:59:20,65705,64258,64258,64258,64258,64262
2026-05-24 23:59:30,65705,64258,64258,64258,64258,64262
2026-05-24 23:59:40,65705,64258,64258,64258,64258,64262
2026-05-24 23:59:51,65705,64258,64258,64258,64258,64262
2026-05-25 00:00:01,65705,64258,64258,64258,64258,64262
2026-05-25 00:00:11,65705,64258,64258,64258,64258,64262
2026-05-25 00:00:21,65705,64258,64258,64258,64258,64262
2026-05-25 00:00:31,65705,64258,64258,64258,64258,64262
2026-05-25 00:00:41,65705,64258,64258,64258,64258,64262
2026-05-25 00:00:51,65705,64258,64258,64258,64258,64262
2026-05-25 00:01:01,65705,64258,64258,64258,64258,64262
2026-05-25 00:01:11,65705,64258,64258,64258,64258,64262
2026-05-25 00:01:21,65705,64258,64258,64258,64258,64262
2026-05-25 00:01:31,65705,64258,64258,64258,64258,64262
2026-05-25 00:01:41,65705,64258,64258,64258,64258,64262
2026-05-25 00:01:51,62501,59694,59694,59694,59694,59418
2026-05-25 00:02:01,62503,59696,59696,59696,59696,59420
2026-05-25 00:02:11,62503,59696,59696,59696,59696,59420
2026-05-25 00:02:21,22441,19534,19534,19534,19534,19418
2026-05-25 00:02:31,35061,32274,19534,19534,19534,19418
2026-05-25 00:02:41,35061,32274,32274,32274,32274,19418
2026-05-25 00:02:51,46101,43394,43394,43394,43394,43318
2026-05-25 00:03:01,75301,72536,72476,72476,72536,72440
2026-05-25 00:03:12,41841,39076,39076,39074,39074,39038
2026-05-25 00:03:22,75301,72516,72576,72516,72576,72500
2026-05-25 00:03:32,61961,58136,59396,59636,61076,57600
2026-05-25 00:03:42,46621,43916,43916,43914,43914,43818
2026-05-25 00:03:52,75301,72576,72516,72576,72576,72500
2026-05-25 00:04:02,42541,39776,39776,39774,39774,39738
2026-05-25 00:04:12,75301,72576,72516,72516,72576,72500
2026-05-25 00:04:22,46221,44376,44916,44636,42196,44820
2026-05-25 00:04:32,75301,72516,72516,72576,72516,72440
2026-05-25 00:04:42,75301,72516,72576,72576,72576,72440
2026-05-25 00:04:52,46541,43836,43836,43834,43834,43758
2026-05-25 00:05:02,75301,72516,72576,72576,72576,72500
2026-05-25 00:05:13,41841,39076,39076,39074,39074,39038
2026-05-25 00:05:23,75301,72576,72576,72576,72516,72500
2026-05-25 00:05:33,74701,70556,71216,70256,70376,71080
2026-05-25 00:05:43,66821,64116,64116,66794,64114,64018
2026-05-25 00:05:53,75301,72576,72576,72516,72576,72440
2026-05-25 00:06:03,46281,43576,43576,43574,43574,43498
2026-05-25 00:06:13,75301,72576,72516,72576,72576,72500
2026-05-25 00:06:23,48821,44776,44656,44176,43856,42980
2026-05-25 00:06:33,21641,18794,18794,18794,18794,18698
2026-05-25 00:06:43,40301,41134,63616,37934,38314,38698
2026-05-25 00:06:53,65725,64258,64258,64258,64258,64282
2026-05-25 00:07:03,65725,64258,64258,64258,64258,64282
2026-05-25 00:07:14,65725,64258,64258,64258,64258,64282
2026-05-25 00:07:24,65725,64258,64258,64258,64258,64282
2026-05-25 00:07:34,65725,64258,64258,64258,64258,64282
2026-05-25 00:07:44,65725,64258,64258,64258,64258,64282
2026-05-25 00:07:54,65725,64258,64258,64258,64258,64282
2026-05-25 00:08:04,65725,64258,64258,64258,64258,64282
2026-05-25 00:08:14,65725,64258,64258,64258,64258,64282
2026-05-25 00:08:24,65725,64258,64258,64258,64258,64282
2026-05-25 00:08:34,65725,64258,64258,64258,64258,64282
2026-05-25 00:08:44,65725,64258,64258,64258,64258,64282
2026-05-25 00:08:54,65725,64258,64258,64258,64258,64282
2026-05-25 00:09:04,65725,64258,64258,64258,64258,64282
2026-05-25 00:09:14,65725,64258,64258,64258,64258,64282
2026-05-25 00:09:25,65725,64258,64258,64258,64258,64282
2026-05-25 00:09:35,65725,64258,64258,64258,64258,64282
2026-05-25 00:09:45,65725,64258,64258,64258,64258,64282
2026-05-25 00:09:55,65725,64258,64258,64258,64258,64282
2026-05-25 00:10:05,65725,64258,64258,64258,64258,64282
2026-05-25 00:10:15,65725,64258,64258,64258,64258,64282
2026-05-25 00:10:25,65725,64258,64258,64258,64258,64282
2026-05-25 00:10:35,65725,64258,64258,64258,64258,64282
2026-05-25 00:10:45,65725,64258,64258,64258,64258,64282
2026-05-25 00:10:55,65725,64258,64258,64258,64258,64282
2026-05-25 00:11:05,65725,64258,64258,64258,64258,64282
2026-05-25 00:11:15,65725,64258,64258,64258,64258,64282
2026-05-25 00:11:25,37221,34414,34414,34414,34414,34438
2026-05-25 00:11:36,60161,57354,57354,57354,57354,57378
2026-05-25 00:11:46,60163,57356,57356,57356,57356,57380
2026-05-25 00:11:56,22423,19536,19536,19536,19536,19440
2026-05-25 00:12:06,34487,19536,19536,19536,19536,19440
2026-05-25 00:12:16,34487,31740,31740,31740,19536,19440
2026-05-25 00:12:26,55807,59580,57640,56960,56980,59526
2026-05-25 00:12:36,72487,79562,79562,79562,79562,79506
2026-05-25 00:12:46,45107,46382,49442,49142,49842,46646
2026-05-25 00:12:56,76587,79442,79442,79442,79442,79346
2026-05-25 00:13:06,72447,79582,79582,79582,79582,79486
2026-05-25 00:13:16,55727,53442,52782,52162,51402,53666
2026-05-25 00:13:26,72447,79722,79722,79722,79722,79466
2026-05-25 00:13:37,65067,63202,63202,63202,63202,67486
2026-05-25 00:13:47,72447,79562,79562,79562,79562,79646
2026-05-25 00:13:57,79887,75522,74722,77842,74862,79326
2026-05-25 00:14:07,77807,79722,79722,79722,79722,79486
2026-05-25 00:14:17,68045,79562,79562,79562,79562,79306
2026-05-25 00:14:27,77807,79562,79562,79562,79562,79646
2026-05-25 00:14:37,68045,79402,79402,79402,79402,79486
2026-05-25 00:14:47,71827,73302,73602,73442,73602,72106
2026-05-25 00:14:57,71987,79722,79722,79722,79722,79486
2026-05-25 00:15:07,72447,79562,79562,79562,79562,79526
2026-05-25 00:15:17,46567,44702,44702,44702,44702,44646
2026-05-25 00:15:28,72447,79722,79722,79722,79722,79506
2026-05-25 00:15:38,46747,45042,45042,45042,45042,44966
2026-05-25 00:15:48,72447,79562,79562,79562,79562,79486
2026-05-25 00:15:58,46625,46240,46240,46240,46240,46204
2026-05-25 00:16:08,36561,37294,39514,32854,33894,35378
2026-05-25 00:16:18,65825,64298,64278,64278,64298,64342
2026-05-25 00:16:28,65825,64298,64278,64298,64298,64382
2026-05-25 00:16:38,65825,64298,64278,64298,64298,64382
2026-05-25 00:16:48,65825,64298,64278,64298,64298,64382
2026-05-25 00:16:58,65825,64298,64278,64298,64298,64382
2026-05-25 00:17:08,65825,64298,64278,64298,64298,64382
2026-05-25 00:17:18,65825,64298,64278,64298,64298,64382
2026-05-25 00:17:29,65825,64298,64278,64298,64298,64382
2026-05-25 00:17:39,65825,64298,64278,64298,64298,64382
2026-05-25 00:17:49,65825,64298,64278,64298,64298,64382
2026-05-25 00:17:59,65825,64298,64278,64298,64298,64382
2026-05-25 00:18:09,65825,64298,64278,64298,64298,64382
2026-05-25 00:18:19,65825,64298,64278,64298,64298,64382
2026-05-25 00:18:29,65825,64298,64278,64298,64298,64382
2026-05-25 00:18:39,65825,64298,64278,64298,64298,64382
2026-05-25 00:18:49,65825,64298,64278,64298,64298,64382
2026-05-25 00:18:59,65825,64298,64278,64298,64298,64382
2026-05-25 00:19:09,65825,64298,64278,64298,64298,64382
2026-05-25 00:19:19,65825,64298,64278,64298,64298,64382
2026-05-25 00:19:30,65825,64298,64278,64298,64298,64382
2026-05-25 00:19:40,65825,64298,64278,64298,64298,64382
2026-05-25 00:19:50,65825,64298,64278,64298,64298,64382
2026-05-25 00:20:00,65825,64298,64278,64298,64298,64382
2026-05-25 00:20:10,65825,64298,64278,64298,64298,64382
2026-05-25 00:20:20,65825,64298,64278,64298,64298,64382
2026-05-25 00:20:30,65825,64298,64278,64298,64298,64382
2026-05-25 00:20:40,37781,34874,34874,34874,34874,34818
2026-05-25 00:20:50,61641,58734,58734,58734,58734,58678
2026-05-25 00:21:00,61643,58736,58736,58736,58736,58680
2026-05-25 00:21:10,22401,19574,19574,19574,19574,19418
2026-05-25 00:21:20,34641,19574,19574,19574,19574,19418
2026-05-25 00:21:30,34641,31854,31854,31854,19574,19418
2026-05-25 00:21:40,77203,74416,74416,74476,74476,74420
2026-05-25 00:21:51,66001,63934,63936,63936,63936,63920
2026-05-25 00:22:01,73923,71018,71078,71078,71018,71022
2026-05-25 00:22:11,73863,71098,71098,71098,71098,80722
2026-05-25 00:22:21,46521,80678,80678,80678,80678,80722
2026-05-25 00:22:31,73863,71158,71158,71158,71158,80722
2026-05-25 00:22:41,73863,71118,71118,71118,71118,80722
2026-05-25 00:22:51,66001,80778,80778,80778,80778,80722
2026-05-25 00:23:01,72043,80698,80698,80698,80698,80722
2026-05-25 00:23:11,73863,71178,71178,71178,71178,80722
2026-05-25 00:23:21,66121,80938,80938,80938,80938,80722
2026-05-25 00:23:31,79223,80938,80938,80938,80938,80722
2026-05-25 00:23:41,73863,80938,80938,80938,80938,80722
2026-05-25 00:23:51,73863,80938,80938,80938,80938,80722
2026-05-25 00:24:01,46381,80938,80938,80938,80938,80722
2026-05-25 00:24:11,79223,80938,80938,80938,80938,80722
2026-05-25 00:24:21,73863,80938,80938,80938,80938,80722
2026-05-25 00:24:31,66001,80938,80938,80938,80938,80722
2026-05-25 00:24:41,42501,80938,80938,80938,80938,80722
2026-05-25 00:24:51,33541,30794,29254,29054,30794,30678
2026-05-25 00:25:02,65703,64238,64258,64238,64258,64262
2026-05-25 00:25:12,65705,64238,64258,64238,64258,64262
2026-05-25 00:25:23,65705,64258,64258,64238,64258,64262
2026-05-25 00:25:33,65705,64258,64258,64238,64258,64262
2026-05-25 00:25:43,65705,64258,64258,64238,64258,64262
2026-05-25 00:25:53,65705,64258,64258,64238,64258,64262
2026-05-25 00:26:03,65705,64258,64258,64238,64258,64262
2026-05-25 00:26:13,65705,64258,64258,64238,64258,64262
2026-05-25 00:26:23,65705,64258,64258,64238,64258,64262
2026-05-25 00:26:33,65705,64258,64258,64238,64258,64262
2026-05-25 00:26:43,65705,64258,64258,64238,64258,64262
2026-05-25 00:26:53,65705,64258,64258,64238,64258,64262
2026-05-25 00:27:03,65705,64258,64258,64238,64258,64262
2026-05-25 00:27:13,65705,64258,64258,64238,64258,64262
2026-05-25 00:27:23,65705,64258,64258,64238,64258,64262
2026-05-25 00:27:34,63621,60814,60814,60814,60814,60538
2026-05-25 00:27:44,63623,60814,60816,60814,60814,60538
2026-05-25 00:27:54,63623,60816,60816,60816,60816,60540
2026-05-25 00:28:04,22421,19534,19534,19534,19534,19418
2026-05-25 00:28:14,34841,19534,19534,19534,19534,19418
2026-05-25 00:28:24,34841,32034,32034,19534,19534,19418
2026-05-25 00:28:34,34841,32034,32034,32034,32034,26458
2026-05-25 00:28:44,76861,73996,73936,73936,73996,73980
2026-05-25 00:28:54,76781,73996,73996,73996,73996,73920
2026-05-25 00:29:04,49541,46754,46754,46754,46754,46680
2026-05-25 00:29:14,76781,73936,73936,73996,73996,73920
2026-05-25 00:29:24,67141,68596,68336,67356,68356,69380
2026-05-25 00:29:35,52141,49354,49354,49014,49354,49278
2026-05-25 00:29:45,76781,73936,73936,73996,73996,73980
2026-05-25 00:29:55,78861,79356,79296,79356,79356,79340
2026-05-25 00:30:06,63221,63074,61634,64974,59774,64898
2026-05-25 00:30:16,76781,73996,73996,73996,73936,73980
2026-05-25 00:30:26,57761,59236,62156,59336,58916,62100
2026-05-25 00:30:36,70001,72296,76316,76976,75996,71820
2026-05-25 00:30:46,76781,73996,73996,73936,73996,73980
2026-05-25 00:30:56,42681,39834,39834,39834,39834,39818
2026-05-25 00:31:06,76781,73936,73936,73996,73936,73980
2026-05-25 00:31:16,76781,73936,73996,73996,73996,73980
2026-05-25 00:31:26,47361,44574,44574,44574,44574,44518
2026-05-25 00:31:36,76781,73996,73936,73996,73996,73980
2026-05-25 00:31:46,76781,73996,73996,73936,73996,73980
2026-05-25 00:31:56,46301,43314,43314,43314,43314,43438
2026-05-25 00:32:06,76781,73996,73936,73936,73996,73920
2026-05-25 00:32:16,76781,73996,73996,73996,73936,73980
2026-05-25 00:32:26,47301,44514,44514,44514,44514,44438
2026-05-25 00:32:36,29401,26614,26614,26614,30774,30718
2026-05-25 00:32:46,65683,64216,64356,63616,63616,63680
2026-05-25 00:32:57,65705,64218,64358,64358,64358,64282
2026-05-25 00:33:07,65705,64218,64358,64358,64358,64282
2026-05-25 00:33:17,65705,64218,64358,64358,64358,64282
2026-05-25 00:33:27,65705,64218,64358,64358,64358,64282
2026-05-25 00:33:37,65705,64218,64358,64358,64358,64282
2026-05-25 00:33:47,65705,64218,64358,64358,64358,64282
2026-05-25 00:33:57,65705,64218,64358,64358,64358,64282
2026-05-25 00:34:07,65705,64218,64358,64358,64358,64282
2026-05-25 00:34:17,65705,64218,64358,64358,64358,64282
2026-05-25 00:34:27,65705,64218,64358,64358,64358,64282
2026-05-25 00:34:37,65705,64218,64358,64358,64358,64282
2026-05-25 00:34:47,65705,64218,64358,64358,64358,64282
2026-05-25 00:34:58,65705,64218,64358,64358,64358,64282
2026-05-25 00:35:08,65705,64218,64358,64358,64358,64282
2026-05-25 00:35:18,65705,64218,64358,64358,64358,64282
2026-05-25 00:35:28,65705,64218,64358,64358,64358,64282
2026-05-25 00:35:38,65705,64218,64358,64358,64358,64282
2026-05-25 00:35:48,65705,64218,64358,64358,64358,64282
2026-05-25 00:35:58,65705,64218,64358,64358,64358,64282
2026-05-25 00:36:08,65705,64218,64358,64358,64358,64282
2026-05-25 00:36:18,65705,64218,64358,64358,64358,64282
2026-05-25 00:36:28,65705,64218,64358,64358,64358,64282
2026-05-25 00:36:38,65705,64218,64358,64358,64358,64282
2026-05-25 00:36:49,65705,64218,64358,64358,64358,64282
2026-05-25 00:36:59,65705,64218,64358,64358,64358,64282
2026-05-25 00:37:09,65705,64218,64358,64358,64358,64282
2026-05-25 00:37:19,65705,64218,64358,64358,64358,64282
2026-05-25 00:37:29,65705,64218,64358,64358,64358,64282
2026-05-25 00:37:39,65705,64218,64358,64358,64358,64282
2026-05-25 00:37:49,57761,54914,54914,54914,54914,54938
2026-05-25 00:37:59,57761,54914,54914,54914,54914,54938
2026-05-25 00:38:09,57763,54916,54916,54916,54916,54940
2026-05-25 00:38:19,34265,19536,19536,19536,19536,19440
2026-05-25 00:38:29,34265,31498,31498,31498,25018,19440
2026-05-25 00:38:39,78587,81120,81122,81122,81122,81026
2026-05-25 00:38:49,79587,81120,81122,81122,81122,81026
2026-05-25 00:39:00,79287,81120,81122,81122,81122,81026
2026-05-25 00:39:10,79287,81120,81122,81122,81122,81026
2026-05-25 00:39:20,79287,81120,81122,81122,81122,81026
2026-05-25 00:39:30,79287,81120,81122,81122,81122,81026
2026-05-25 00:39:40,79287,81120,81122,81122,81122,81026
2026-05-25 00:39:50,79287,81120,81122,81122,81122,81026
2026-05-25 00:40:00,79127,81120,81122,81122,81122,81026
2026-05-25 00:40:10,46985,81120,81122,81122,81122,81026
2026-05-25 00:40:20,47267,81120,81122,81122,81122,81026
2026-05-25 00:40:30,47285,81120,81122,81122,81122,81026
2026-05-25 00:40:40,47585,81120,81122,81122,81122,81026
2026-05-25 00:40:50,55407,81120,81122,81122,81122,81026
2026-05-25 00:41:00,47567,81120,81122,81122,81122,81026
2026-05-25 00:41:11,47567,81120,81122,81122,81122,81026
2026-05-25 00:41:21,35981,32854,32854,32854,32854,32758
2026-05-25 00:41:31,65845,64278,64278,64278,64278,64242
2026-05-25 00:41:41,65845,64278,64278,64278,64278,64242
2026-05-25 00:41:51,65845,64298,64278,64278,64278,64242
2026-05-25 00:42:01,65845,64298,64278,64278,64278,64242
2026-05-25 00:42:11,65845,64298,64278,64278,64278,64242
2026-05-25 00:42:21,65845,64298,64278,64278,64278,64242
2026-05-25 00:42:31,65845,64298,64278,64278,64278,64242
2026-05-25 00:42:41,65845,64298,64278,64278,64278,64242
2026-05-25 00:42:51,65845,64298,64278,64278,64278,64242
2026-05-25 00:43:01,65845,64298,64278,64278,64278,64242
2026-05-25 00:43:11,65845,64298,64278,64278,64278,64242
2026-05-25 00:43:21,65845,64298,64278,64278,64278,64242
2026-05-25 00:43:31,65845,64298,64278,64278,64278,64242
2026-05-25 00:43:41,65845,64298,64278,64278,64278,64242
2026-05-25 00:43:51,65845,64298,64278,64278,64278,64242
2026-05-25 00:44:01,65845,64298,64278,64278,64278,64242
2026-05-25 00:44:11,65845,64298,64278,64278,64278,64242
2026-05-25 00:44:21,65845,64298,64278,64278,64278,64242
2026-05-25 00:44:31,65845,64298,64278,64278,64278,64242
2026-05-25 00:44:42,65845,64298,64278,64278,64278,64242
2026-05-25 00:44:52,57061,54214,54214,54214,54214,54138
2026-05-25 00:45:02,57381,54214,54214,54214,54214,54138
2026-05-25 00:45:12,57383,54216,54216,54216,54216,54140
2026-05-25 00:45:22,22383,19516,19516,19516,19516,19420
2026-05-25 00:45:32,34205,31458,31458,31458,19516,19420
2026-05-25 00:45:42,77247,80280,80280,80282,80282,80186
2026-05-25 00:45:52,78407,80280,80280,80282,80282,80186
2026-05-25 00:46:02,80947,80280,80280,80282,80282,80186
2026-05-25 00:46:12,80947,80280,80280,80282,80282,80186
2026-05-25 00:46:22,80947,80280,80280,80282,80282,80186
2026-05-25 00:46:32,80947,80280,80280,80282,80282,80186
2026-05-25 00:46:42,80947,80280,80280,80282,80282,80186
2026-05-25 00:46:52,80947,80280,80280,80282,80282,80186
2026-05-25 00:47:03,80947,80280,80280,80282,80282,80186
2026-05-25 00:47:13,80947,80280,80280,80282,80282,80186
2026-05-25 00:47:23,80947,80280,80280,80282,80282,80186
2026-05-25 00:47:33,80947,80280,80280,80282,80282,80186
2026-05-25 00:47:43,80947,80280,80280,80282,80282,80186
2026-05-25 00:47:53,35981,32854,32854,32854,32854,32758
2026-05-25 00:48:03,65705,64278,64278,64278,64298,64242
2026-05-25 00:48:13,65705,64278,64278,64278,64298,64242
2026-05-25 00:48:23,65985,64278,64298,64278,64298,64242
2026-05-25 00:48:33,65985,64298,64298,64278,64298,64242
2026-05-25 00:48:43,65985,64298,64298,64278,64298,64242
2026-05-25 00:48:53,65985,64298,64298,64278,64298,64242
2026-05-25 00:49:03,65985,64298,64298,64278,64298,64242
2026-05-25 00:49:14,65985,64298,64298,64278,64298,64242
2026-05-25 00:49:24,65985,64298,64298,64278,64298,64242
2026-05-25 00:49:34,65985,64298,64298,64278,64298,64242
2026-05-25 00:49:44,65985,64298,64298,64278,64298,64242
2026-05-25 00:49:54,65985,64298,64298,64278,64298,64242
2026-05-25 00:50:04,37721,34854,34854,34854,34854,34778
2026-05-25 00:50:14,61721,58874,58874,58874,58874,58798
2026-05-25 00:50:24,61723,58876,58876,58876,58876,58800
2026-05-25 00:50:34,23623,20176,27476,26816,19574,19418
2026-05-25 00:50:44,34641,19574,19574,19574,19574,19418
2026-05-25 00:50:54,34641,31854,31854,31854,19574,19418
2026-05-25 00:51:04,80143,77356,77356,77416,77356,77320
2026-05-25 00:51:14,56441,54494,54494,54494,54494,54338
2026-05-25 00:51:24,74303,71518,71518,71518,71518,71522
2026-05-25 00:51:35,70961,67118,66138,66318,63438,67342
2026-05-25 00:51:45,41821,81118,81118,81118,81118,81102
2026-05-25 00:51:55,74303,71558,71558,71558,71558,71542
2026-05-25 00:52:05,74303,71598,71598,71598,71598,71582
2026-05-25 00:52:15,79663,79758,79758,79758,79758,81142
2026-05-25 00:52:25,66201,63098,62658,58216,58018,71182
2026-05-25 00:52:35,74303,71478,71478,71478,71478,71582
2026-05-25 00:52:45,74303,71518,71518,71518,71518,71582
2026-05-25 00:52:55,74661,69898,71098,70958,70378,69362
2026-05-25 00:53:05,41821,81078,81078,81078,81078,81102
2026-05-25 00:53:16,74303,71638,71578,71578,71578,71642
2026-05-25 00:53:26,49081,37294,37294,37294,37294,81222
2026-05-25 00:53:36,74303,81058,81058,81058,81058,71642
2026-05-25 00:53:46,79723,78778,76878,77838,76898,77002
2026-05-25 00:53:56,74303,71478,71478,71478,71478,71642
2026-05-25 00:54:06,78481,71298,70838,71518,71958,70462
2026-05-25 00:54:16,42363,81058,81058,81058,81058,81102
2026-05-25 00:54:26,29381,26634,26634,26634,26634,26538
2026-05-25 00:54:36,42801,37836,63616,41134,63616,47720
2026-05-25 00:54:46,65705,64258,64258,64258,64238,64262
2026-05-25 00:54:56,65705,64258,64258,64258,64238,64262
2026-05-25 00:55:06,65705,64258,64258,64258,64238,64262
2026-05-25 00:55:16,65705,64258,64258,64258,64238,64262
2026-05-25 00:55:26,65705,64258,64258,64258,64238,64262
2026-05-25 00:55:36,65705,64258,64258,64258,64238,64262
2026-05-25 00:55:47,65705,64258,64258,64258,64238,64262
2026-05-25 00:55:57,65705,64258,64258,64258,64238,64262
2026-05-25 00:56:07,65705,64258,64258,64258,64238,64262
2026-05-25 00:56:17,65705,64258,64258,64258,64238,64262
2026-05-25 00:56:27,65705,64258,64258,64258,64238,64262
2026-05-25 00:56:37,65705,64258,64258,64258,64238,64262
2026-05-25 00:56:47,65705,64258,64258,64258,64238,64262
2026-05-25 00:56:57,65705,64258,64258,64258,64238,64262
2026-05-25 00:57:07,65705,64258,64258,64258,64238,64262
2026-05-25 00:57:17,65705,64258,64258,64258,64238,64262
2026-05-25 00:57:27,65705,64258,64258,64258,64238,64262
2026-05-25 00:57:37,65705,64258,64258,64258,64238,64262
2026-05-25 00:57:47,65705,64258,64258,64258,64238,64262
2026-05-25 00:57:58,65705,64258,64258,64258,64238,64262
2026-05-25 00:58:08,65705,64258,64258,64258,64238,64262
2026-05-25 00:58:18,65705,64258,64258,64258,64238,64262
2026-05-25 00:58:28,65705,64258,64258,64258,64238,64262
2026-05-25 00:58:38,65705,64258,64258,64258,64238,64262
2026-05-25 00:58:48,65705,64258,64258,64258,64238,64262
2026-05-25 00:58:58,65705,64258,64258,64258,64238,64262
2026-05-25 00:59:08,45285,48398,48978,49258,49638,50722
2026-05-25 00:59:18,63461,60634,60634,60634,60634,60378
2026-05-25 00:59:28,63463,60636,60636,60636,60636,60380
2026-05-25 00:59:38,63463,60636,60636,60636,60636,60380
2026-05-25 00:59:48,22421,19534,19534,19534,19534,19418
2026-05-25 00:59:58,34801,19534,19534,19534,19534,19418
2026-05-25 01:00:09,34801,32034,32034,32034,19534,19418
2026-05-25 01:00:19,78761,75934,75934,75934,75994,75858
2026-05-25 01:00:29,41901,39834,39834,39834,39834,39800
2026-05-25 01:00:39,76581,73836,73836,73836,73836,73720
2026-05-25 01:00:49,80461,75856,76536,76676,76876,78760
2026-05-25 01:00:59,72761,70074,64874,70074,64874,69958
2026-05-25 01:01:10,76581,73776,73836,73836,73776,73780
2026-05-25 01:01:20,35521,37616,36576,37014,37814,38738
2026-05-25 01:01:30,76541,73376,73316,73836,73836,73320
2026-05-25 01:01:40,76581,73836,73836,73836,73776,73780
2026-05-25 01:01:50,47141,44454,44454,44454,44454,44338
2026-05-25 01:02:01,76581,73836,73836,73316,73316,73780
2026-05-25 01:02:11,76581,73836,73836,73776,73776,73780
2026-05-25 01:02:21,54061,53114,52794,52834,50074,51118
2026-05-25 01:02:31,76581,73776,73776,73776,73836,73780
2026-05-25 01:02:41,48081,45476,48856,47216,46916,47040
2026-05-25 01:02:51,76121,69376,69376,70876,73376,73320
2026-05-25 01:03:01,76581,73836,73776,73836,73836,73780
2026-05-25 01:03:11,46541,43854,43854,43854,43854,43738
2026-05-25 01:03:21,76581,73836,73836,73836,73836,73720
2026-05-25 01:03:31,72201,71116,71816,72016,72616,72080
2026-05-25 01:03:41,72761,70074,72654,70074,72154,77740
2026-05-25 01:03:51,76581,73776,73776,73776,73776,73780
2026-05-25 01:04:01,76581,73836,73776,73776,73776,73780
2026-05-25 01:04:11,46881,44114,44114,44114,18854,18758
2026-05-25 01:04:21,37201,33194,37836,37894,37314,37238
2026-05-25 01:04:31,65705,64198,64218,64218,64218,64282
2026-05-25 01:04:42,65705,64358,64218,64218,64218,64282
2026-05-25 01:04:52,65705,64358,64218,64218,64218,64282
2026-05-25 01:05:02,65705,64358,64218,64218,64218,64282
2026-05-25 01:05:12,65705,64358,64218,64218,64218,64282
2026-05-25 01:05:22,65705,64358,64218,64218,64218,64282
2026-05-25 01:05:32,65705,64358,64218,64218,64218,64282
2026-05-25 01:05:42,65705,64358,64218,64218,64218,64282
2026-05-25 01:05:52,65705,64358,64218,64218,64218,64282
2026-05-25 01:06:02,65705,64358,64218,64218,64218,64282
2026-05-25 01:06:12,65705,64358,64218,64218,64218,64282
2026-05-25 01:06:22,65705,64358,64218,64218,64218,64282
2026-05-25 01:06:32,65705,64358,64218,64218,64218,64282
2026-05-25 01:06:42,65705,64358,64218,64218,64218,64282
2026-05-25 01:06:52,65705,64358,64218,64218,64218,64282
2026-05-25 01:07:03,65705,64358,64218,64218,64218,64282
2026-05-25 01:07:13,65705,64358,64218,64218,64218,64282
2026-05-25 01:07:23,65705,64358,64218,64218,64218,64282
2026-05-25 01:07:33,65705,64358,64218,64218,64218,64282
2026-05-25 01:07:43,65705,64358,64218,64218,64218,64282
2026-05-25 01:07:53,37941,35054,35054,35054,35054,35098
2026-05-25 01:08:03,62321,58414,59454,59454,59454,59498
2026-05-25 01:08:13,62323,58416,59456,59456,59456,59500
2026-05-25 01:08:23,22401,19574,19574,19574,19574,19438
2026-05-25 01:08:33,35061,19574,19574,19574,19574,19438
2026-05-25 01:08:43,35061,32274,32274,32274,19574,19438
2026-05-25 01:08:54,76421,73414,73414,73574,73574,73578
2026-05-25 01:09:04,72961,51194,51194,51194,51194,51318
2026-05-25 01:09:14,72481,81216,81216,81216,81216,80360
2026-05-25 01:09:24,74881,72074,72014,72076,72016,71940
2026-05-25 01:09:34,46521,51354,51356,51354,51354,51358
2026-05-25 01:09:44,74821,40974,40316,40314,40974,40578
2026-05-25 01:09:54,47281,43994,43516,42576,43656,44400
2026-05-25 01:10:04,74421,71554,71556,71616,71556,71480
2026-05-25 01:10:14,74821,41714,41716,41714,41714,41718
2026-05-25 01:10:24,41881,39094,39096,39094,39094,38998
2026-05-25 01:10:34,74881,71554,72016,72076,72076,71940
2026-05-25 01:10:45,74821,41714,41716,41714,41714,41718
2026-05-25 01:10:55,71581,68834,71316,68834,68834,71238
2026-05-25 01:11:05,74881,72014,72076,72016,72016,71940
2026-05-25 01:11:15,42581,51234,51236,51234,51234,51238
2026-05-25 01:11:25,74821,56416,57236,58816,55056,55820
2026-05-25 01:11:35,80241,77434,77436,77436,77376,77300
2026-05-25 01:11:45,75201,78734,76336,75116,75036,80120
2026-05-25 01:11:55,74821,41714,41716,41714,41714,41718
2026-05-25 01:12:05,46201,43274,43276,43274,43274,43318
2026-05-25 01:12:15,71661,63174,60656,63056,58016,72100
2026-05-25 01:12:26,74821,41714,41716,41714,41714,41718
2026-05-25 01:12:36,45861,43214,43216,43214,43214,42978
2026-05-25 01:12:46,26721,23774,23774,23774,23914,23718
2026-05-25 01:12:56,36781,35214,36094,35074,33294,32778
2026-05-25 01:13:06,65705,64238,64238,64258,64258,64242
2026-05-25 01:13:16,65705,64258,64238,64258,64258,64242
2026-05-25 01:13:26,65705,64258,64258,64258,64258,64242
2026-05-25 01:13:36,65705,64258,64258,64258,64258,64242
2026-05-25 01:13:46,65705,64258,64258,64258,64258,64242
2026-05-25 01:13:56,65705,64258,64258,64258,64258,64242
2026-05-25 01:14:06,65705,64258,64258,64258,64258,64242
2026-05-25 01:14:16,65705,64258,64258,64258,64258,64242
2026-05-25 01:14:26,65705,64258,64258,64258,64258,64242
2026-05-25 01:14:36,65705,64258,64258,64258,64258,64242
2026-05-25 01:14:46,65705,64258,64258,64258,64258,64242
2026-05-25 01:14:56,65705,64258,64258,64258,64258,64242
2026-05-25 01:15:06,65705,64258,64258,64258,64258,64242
2026-05-25 01:15:16,65705,64258,64258,64258,64258,64242
2026-05-25 01:15:27,65705,64258,64258,64258,64258,64242
2026-05-25 01:15:37,65705,64258,64258,64258,64258,64242
2026-05-25 01:15:47,65705,64258,64258,64258,64258,64242
2026-05-25 01:15:57,65705,64258,64258,64258,64258,64242
2026-05-25 01:16:07,65705,64258,64258,64258,64258,64242
2026-05-25 01:16:17,65705,64258,64258,64258,64258,64242
2026-05-25 01:16:27,65705,64258,64258,64258,64258,64242
2026-05-25 01:16:37,65705,64258,64258,64258,64258,64242
2026-05-25 01:16:47,65705,64258,64258,64258,64258,64242
2026-05-25 01:16:57,65705,64258,64258,64258,64258,64242
2026-05-25 01:17:07,65705,64258,64258,64258,64258,64242
2026-05-25 01:17:17,65705,64258,64258,64258,64258,64242
2026-05-25 01:17:27,65705,64258,64258,64258,64258,64242
2026-05-25 01:17:38,65705,64258,64258,64258,64258,64242
2026-05-25 01:17:48,65705,64258,64258,64258,64258,64242
2026-05-25 01:17:58,37941,35134,35134,35134,35134,34878
2026-05-25 01:18:08,62821,59994,59994,59994,59994,59738
2026-05-25 01:18:18,62823,59996,59996,59996,59996,59740
2026-05-25 01:18:28,62823,59996,59996,59996,59996,59740
2026-05-25 01:18:38,22441,19534,19534,19534,19534,19438
2026-05-25 01:18:48,34741,31954,19534,19534,19534,19438
2026-05-25 01:18:58,34741,31954,31954,31954,24134,19438
2026-05-25 01:19:08,63681,63554,61154,61734,62294,61420
2026-05-25 01:19:18,73701,77296,68256,78196,76756,73180
2026-05-25 01:19:29,75801,73116,73056,73116,73056,72940
2026-05-25 01:19:39,81221,78416,78416,78476,78476,78300
2026-05-25 01:19:49,74761,77156,72254,72074,72074,75980
2026-05-25 01:19:59,75861,73056,73056,73116,73116,73000
2026-05-25 01:20:09,46541,43856,43854,43854,43854,43680
2026-05-25 01:20:19,75861,73116,73056,73056,73116,73000
2026-05-25 01:20:29,64821,58976,61276,59856,60676,61240
2026-05-25 01:20:39,47121,44436,44374,44434,44434,44260
2026-05-25 01:20:49,75861,73116,73116,73116,73056,73000
2026-05-25 01:20:59,47161,43876,43856,42276,44196,43940
2026-05-25 01:21:10,72541,72896,70556,69596,69956,71260
2026-05-25 01:21:20,75861,73116,73056,73116,73116,73000
2026-05-25 01:21:30,46921,44236,44234,44234,44234,44080
2026-05-25 01:21:40,75401,72656,72656,72656,72656,72480
2026-05-25 01:21:50,75861,73116,73056,73116,73056,73000
2026-05-25 01:22:00,47321,44636,44634,44634,44634,44460
2026-05-25 01:22:11,75861,73056,73116,73116,73116,73000
2026-05-25 01:22:21,47481,43116,41996,43096,41516,45220
2026-05-25 01:22:31,75241,68656,71216,72656,68656,70940
2026-05-25 01:22:41,81221,78416,77316,78476,78476,78100
2026-05-25 01:22:51,46541,43856,43854,43854,43854,43680
2026-05-25 01:23:02,29401,26634,26634,26634,30794,30718
2026-05-25 01:23:12,65703,64236,64256,64236,64236,64280
2026-05-25 01:23:22,65705,64238,64258,64238,64238,64282
2026-05-25 01:23:32,65705,64258,64258,64258,64258,64282
2026-05-25 01:23:42,65705,64258,64258,64258,64258,64282
2026-05-25 01:23:52,65705,64258,64258,64258,64258,64282
2026-05-25 01:24:02,65705,64258,64258,64258,64258,64282
2026-05-25 01:24:12,65705,64258,64258,64258,64258,64282
2026-05-25 01:24:22,65705,64258,64258,64258,64258,64282
2026-05-25 01:24:32,65705,64258,64258,64258,64258,64282
2026-05-25 01:24:42,65705,64258,64258,64258,64258,64282
2026-05-25 01:24:52,65705,64258,64258,64258,64258,64282
2026-05-25 01:25:02,65705,64258,64258,64258,64258,64282
2026-05-25 01:25:12,65705,64258,64258,64258,64258,64282
2026-05-25 01:25:23,65705,64258,64258,64258,64258,64282
2026-05-25 01:25:33,65705,64258,64258,64258,64258,64282
2026-05-25 01:25:43,65705,64258,64258,64258,64258,64282
2026-05-25 01:25:53,65705,64258,64258,64258,64258,64282
2026-05-25 01:26:03,65705,64258,64258,64258,64258,64282
2026-05-25 01:26:13,65705,64258,64258,64258,64258,64282
2026-05-25 01:26:23,65705,64258,64258,64258,64258,64282
2026-05-25 01:26:33,65705,64258,64258,64258,64258,64282
2026-05-25 01:26:43,65705,64258,64258,64258,64258,64282
2026-05-25 01:26:53,65705,64258,64258,64258,64258,64282
2026-05-25 01:27:03,65705,64258,64258,64258,64258,64282
2026-05-25 01:27:13,61201,58354,53394,58354,57874,58378
2026-05-25 01:27:23,61201,58354,58354,58354,58354,58378
2026-05-25 01:27:34,61203,58356,58356,58356,58356,58380
2026-05-25 01:27:44,22401,19534,19534,19534,19534,19438
2026-05-25 01:27:54,34581,22894,19534,19534,19534,19438
2026-05-25 01:28:04,34581,31794,31794,31794,22474,19438
2026-05-25 01:28:14,36941,38234,38236,38236,38936,38180
2026-05-25 01:28:24,73863,53498,52638,54318,54078,52762
2026-05-25 01:28:34,42921,80638,80638,80638,80638,80622
2026-05-25 01:28:44,73863,71078,71078,71078,71078,71082
2026-05-25 01:28:54,73863,71058,71118,71118,71118,71082
2026-05-25 01:29:04,46661,80698,80698,80698,80698,80682
2026-05-25 01:29:14,73863,71098,71098,71098,71098,71082
2026-05-25 01:29:24,73863,71178,71178,71178,71178,71142
2026-05-25 01:29:34,73403,80818,80818,80818,80818,80842
2026-05-25 01:29:45,46661,80818,80818,80818,80818,80842
2026-05-25 01:29:55,50663,80818,80818,80818,80818,80842
2026-05-25 01:30:05,73863,80818,80818,80818,80818,80842
2026-05-25 01:30:15,73863,80818,80818,80818,80818,80842
2026-05-25 01:30:25,73403,80818,80818,80818,80818,80842
2026-05-25 01:30:35,46961,80818,80818,80818,80818,80842
2026-05-25 01:30:45,41801,80818,80818,80818,80818,80842
2026-05-25 01:30:55,73863,80818,80818,80818,80818,80842
2026-05-25 01:31:05,73863,80818,80818,80818,80818,80842
2026-05-25 01:31:15,23601,40076,59398,60058,25898,25602
2026-05-25 01:31:25,35961,32874,32874,32874,32874,33098
2026-05-25 01:31:35,65885,64198,64218,64198,64218,64322
2026-05-25 01:31:46,65885,64198,64218,64198,64218,64322
2026-05-25 01:31:56,65885,64218,64218,64218,64218,64322
2026-05-25 01:32:06,65885,64218,64218,64218,64218,64322
2026-05-25 01:32:16,65885,64218,64218,64218,64218,64322
2026-05-25 01:32:26,65885,64218,64218,64218,64218,64322
2026-05-25 01:32:36,65885,64218,64218,64218,64218,64322
2026-05-25 01:32:46,65885,64218,64218,64218,64218,64322
2026-05-25 01:32:56,65885,64218,64218,64218,64218,64322
2026-05-25 01:33:06,65885,64218,64218,64218,64218,64322
2026-05-25 01:33:17,65885,64218,64218,64218,64218,64322
2026-05-25 01:33:27,65885,64218,64218,64218,64218,64322
2026-05-25 01:33:37,65885,64218,64218,64218,64218,64322
2026-05-25 01:33:47,65885,64218,64218,64218,64218,64322
2026-05-25 01:33:57,65885,64218,64218,64218,64218,64322
2026-05-25 01:34:07,65885,64218,64218,64218,64218,64322
2026-05-25 01:34:18,65885,64218,64218,64218,64218,64322
2026-05-25 01:34:28,65885,64218,64218,64218,64218,64322
2026-05-25 01:34:38,65885,64218,64218,64218,64218,64322
2026-05-25 01:34:48,62081,59194,59194,59194,59194,59178
2026-05-25 01:34:58,62081,59194,59194,59194,59194,59178
2026-05-25 01:35:08,62083,59196,59196,59196,59196,59180
2026-05-25 01:35:18,22421,19534,19534,19534,19534,19418
2026-05-25 01:35:28,34681,31914,19534,19534,19534,19418
2026-05-25 01:35:38,34681,31914,31914,31914,31914,19418
2026-05-25 01:35:48,44601,41974,42214,41974,41974,42018
2026-05-25 01:35:58,74681,71936,71936,71936,71876,71860
2026-05-25 01:36:08,74621,42074,42074,42074,42074,41638
2026-05-25 01:36:19,53161,51856,51196,51416,51096,51900
2026-05-25 01:36:29,70221,67456,67456,62516,62516,71400
2026-05-25 01:36:39,74621,42076,42076,42074,42074,41638
2026-05-25 01:36:49,56661,53896,53896,53894,53894,53798
2026-05-25 01:36:59,74681,71856,71916,71856,71916,71860
2026-05-25 01:37:09,41861,51596,51596,51594,51594,51158
2026-05-25 01:37:19,78881,71176,73656,72654,76114,71078
2026-05-25 01:37:29,74681,71856,71856,71916,71916,71860
2026-05-25 01:37:39,46281,51716,51716,51714,51714,51278
2026-05-25 01:37:49,74621,38596,36436,38674,36774,37558
2026-05-25 01:38:00,62741,60916,60456,60016,60196,59620
2026-05-25 01:38:10,71721,62516,62516,62516,67456,71400
2026-05-25 01:38:20,74621,36416,35516,36414,36414,36198
2026-05-25 01:38:30,70521,66836,69056,68496,68876,67660
2026-05-25 01:38:40,71101,58816,65216,64096,65636,69260
2026-05-25 01:38:50,74621,42076,42076,42074,42074,41638
2026-05-25 01:39:00,46921,44136,44136,44134,44134,44058
2026-05-25 01:39:10,74681,71856,71856,71916,71916,71860
2026-05-25 01:39:20,79981,47356,47436,47434,47434,46998
2026-05-25 01:39:31,74781,80516,81056,81056,81056,80960
2026-05-25 01:39:41,35961,32874,32874,32874,32874,32758
2026-05-25 01:39:51,65665,64238,64238,64258,64238,64222
2026-05-25 01:40:01,65665,64238,64238,64258,64238,64222
2026-05-25 01:40:11,65705,64258,64258,64258,64238,64242
2026-05-25 01:40:21,65705,64258,64258,64258,64238,64242
2026-05-25 01:40:31,65705,64258,64258,64258,64238,64242
2026-05-25 01:40:41,65705,64258,64258,64258,64238,64242
2026-05-25 01:40:51,65705,64258,64258,64258,64238,64242
2026-05-25 01:41:01,65705,64258,64258,64258,64238,64242
2026-05-25 01:41:11,65705,64258,64258,64258,64238,64242
2026-05-25 01:41:21,65705,64258,64258,64258,64238,64242
2026-05-25 01:41:31,65705,64258,64258,64258,64238,64242
2026-05-25 01:41:41,65705,64258,64258,64258,64238,64242
2026-05-25 01:41:51,65705,64258,64258,64258,64238,64242
2026-05-25 01:42:01,65705,64258,64258,64258,64238,64242
2026-05-25 01:42:12,65705,64258,64258,64258,64238,64242
2026-05-25 01:42:22,65705,64258,64258,64258,64238,64242
2026-05-25 01:42:32,65705,64258,64258,64258,64238,64242
2026-05-25 01:42:42,65705,64258,64258,64258,64238,64242
2026-05-25 01:42:52,65705,64258,64258,64258,64238,64242
2026-05-25 01:43:02,65705,64258,64258,64258,64238,64242
2026-05-25 01:43:12,65705,64258,64258,64258,64238,64242
2026-05-25 01:43:22,65705,64258,64258,64258,64238,64242
2026-05-25 01:43:32,65705,64258,64258,64258,64238,64242
2026-05-25 01:43:42,65705,64258,64258,64258,64238,64242
2026-05-25 01:43:52,65705,64258,64258,64258,64238,64242
2026-05-25 01:44:02,65705,64258,64258,64258,64238,64242
2026-05-25 01:44:12,65705,64258,64258,64258,64238,64242
2026-05-25 01:44:23,65705,64258,64258,64258,64238,64242
2026-05-25 01:44:33,65705,64258,64258,64258,64238,64242
2026-05-25 01:44:43,65705,64258,64258,64258,64238,64242
2026-05-25 01:44:53,64341,61774,61774,61774,61774,61498
2026-05-25 01:45:03,64341,61776,61774,61774,61774,61498
2026-05-25 01:45:13,64343,61776,61776,61776,61776,61500
2026-05-25 01:45:23,22421,19534,19534,19534,19534,19438
2026-05-25 01:45:33,34921,19534,19534,19534,19534,19438
2026-05-25 01:45:43,34921,32134,32134,21034,19534,19438
2026-05-25 01:45:53,45041,42194,42194,44054,42194,43918
2026-05-25 01:46:03,77901,75096,75096,75096,75096,75080
2026-05-25 01:46:13,70641,70436,71576,70756,71676,69780
2026-05-25 01:46:24,68421,71074,65716,65716,65716,65600
2026-05-25 01:46:34,77901,75156,75156,75156,75156,75020
2026-05-25 01:46:44,77901,75096,75096,75156,75096,75020
2026-05-25 01:46:54,35281,39214,37076,37336,35276,35800
2026-05-25 01:47:04,68101,70696,71236,70696,70696,70620
2026-05-25 01:47:14,77841,75096,75156,75156,75156,75020
2026-05-25 01:47:24,43121,40334,40336,40336,40336,40320
2026-05-25 01:47:34,73441,74196,70696,70696,71316,70620
2026-05-25 01:47:44,77901,75156,75156,75096,75156,75080
2026-05-25 01:47:54,79921,80516,80456,80516,80516,80380
2026-05-25 01:48:04,47661,44954,44956,44956,44956,44840
2026-05-25 01:48:14,77901,75156,75156,75156,75156,75020
2026-05-25 01:48:25,77901,75156,75096,75156,75156,75080
2026-05-25 01:48:35,47041,44334,44336,44336,44336,44220
2026-05-25 01:48:45,77481,80776,73876,79096,79096,78980
2026-05-25 01:48:55,77901,75156,75156,75096,75096,75080
2026-05-25 01:49:05,42921,45756,45156,44876,47296,39280
2026-05-25 01:49:15,65321,71716,69976,67316,67156,69560
2026-05-25 01:49:25,77901,75096,75096,75156,75096,75080
2026-05-25 01:49:35,37821,39214,39216,39216,39216,39180
2026-05-25 01:49:45,73761,71074,71076,71076,71076,70940
2026-05-25 01:49:56,77901,75096,75096,75156,75096,75080
2026-05-25 01:50:06,35981,33194,33194,33194,33194,32798
2026-05-25 01:50:16,65705,64218,64218,64358,64198,64282
2026-05-25 01:50:26,65705,64218,64218,64358,64198,64282
2026-05-25 01:50:36,65705,64218,64218,64358,64198,64282
2026-05-25 01:50:46,65705,64218,64218,64358,64358,64282
2026-05-25 01:50:57,65705,64218,64218,64358,64358,64282
2026-05-25 01:51:07,65705,64218,64218,64358,64358,64282
2026-05-25 01:51:17,65705,64218,64218,64358,64358,64282
2026-05-25 01:51:27,65705,64218,64218,64358,64358,64282
2026-05-25 01:51:38,65705,64218,64218,64358,64358,64282
2026-05-25 01:51:48,65705,64218,64218,64358,64358,64282
2026-05-25 01:51:58,65705,64218,64218,64358,64358,64282
2026-05-25 01:52:08,65705,64218,64218,64358,64358,64282
2026-05-25 01:52:18,65705,64218,64218,64358,64358,64282
2026-05-25 01:52:28,65705,64218,64218,64358,64358,64282
2026-05-25 01:52:38,65705,64218,64218,64358,64358,64282
2026-05-25 01:52:48,65705,64218,64218,64358,64358,64282
2026-05-25 01:52:58,65705,64218,64218,64358,64358,64282
2026-05-25 01:53:08,65705,64218,64218,64358,64358,64282
2026-05-25 01:53:18,65705,64218,64218,64358,64358,64282
2026-05-25 01:53:28,65705,64218,64218,64358,64358,64282
2026-05-25 01:53:38,65705,64218,64218,64358,64358,64282
2026-05-25 01:53:49,65705,64218,64218,64358,64358,64282
2026-05-25 01:53:59,65705,64218,64218,64358,64358,64282
2026-05-25 01:54:09,65705,64218,64218,64358,64358,64282
2026-05-25 01:54:19,65705,64218,64218,64358,64358,64282
2026-05-25 01:54:29,65705,64218,64218,64358,64358,64282
2026-05-25 01:54:39,65705,64218,64218,64358,64358,64282
2026-05-25 01:54:49,65705,64218,64218,64358,64358,64282
2026-05-25 01:54:59,65705,64218,64218,64358,64358,64282
2026-05-25 01:55:09,65705,64218,64218,64358,64358,64282
2026-05-25 01:55:19,65705,64218,64218,64358,64358,64282
2026-05-25 01:55:29,65705,64218,64218,64358,64358,64282
2026-05-25 01:55:39,37721,34854,34854,34834,34834,34878
2026-05-25 01:55:49,61801,58934,58934,58914,58914,58958
2026-05-25 01:56:00,61803,58936,58936,58916,58916,58960
2026-05-25 01:56:10,22401,19574,19574,19574,19574,19438
2026-05-25 01:56:20,34641,19574,19574,19574,19574,19438
2026-05-25 01:56:30,34641,31854,31854,31854,20894,19438
2026-05-25 01:56:40,36941,34134,34134,34134,34134,34098
2026-05-25 01:56:51,74463,71696,71638,71698,71698,71682
2026-05-25 01:57:01,78683,76636,77856,76636,79518,79782
2026-05-25 01:57:11,46261,51218,51216,51218,51218,51122
2026-05-25 01:57:21,74403,74556,74556,74556,74556,74420
2026-05-25 01:57:31,79763,51098,51096,51098,51098,51002
2026-05-25 01:57:41,69041,71734,74096,73516,72636,71598
2026-05-25 01:57:52,74403,41578,41576,41578,41578,41482
2026-05-25 01:58:02,46261,34474,34474,34474,34474,34438
2026-05-25 01:58:12,73943,81218,81218,81218,81218,81082
2026-05-25 01:58:22,74463,71678,71618,71678,71618,71682
2026-05-25 01:58:32,46261,43516,43516,43516,43516,43480
2026-05-25 01:58:42,74463,71618,71678,71618,71618,71682
2026-05-25 01:58:52,68903,69738,69918,69958,69898,69682
2026-05-25 01:59:02,68581,62318,61398,60458,61736,67220
2026-05-25 01:59:12,74403,74556,74556,74556,74556,74420
2026-05-25 01:59:22,79763,51098,51096,51098,51098,51002
2026-05-25 01:59:33,79041,70654,71734,72816,71734,72500
2026-05-25 01:59:43,74403,41578,41576,41578,41578,41482
2026-05-25 01:59:53,46061,34234,34234,34234,34234,34098
2026-05-25 02:00:03,74403,40038,40616,40178,40178,40142
2026-05-25 02:00:13,74463,71678,71678,71618,71618,71682
2026-05-25 02:00:23,46381,43656,43656,43656,43656,43500
2026-05-25 02:00:33,29381,26634,26634,26634,26634,26538
2026-05-25 02:00:43,65703,64236,64236,64256,64236,64240
2026-05-25 02:00:53,65705,64238,64238,64258,64238,64242
2026-05-25 02:01:03,65705,64258,64258,64258,64258,64262
2026-05-25 02:01:13,65705,64258,64258,64258,64258,64262
2026-05-25 02:01:23,65705,64258,64258,64258,64258,64262
2026-05-25 02:01:33,65705,64258,64258,64258,64258,64262
2026-05-25 02:01:44,65705,64258,64258,64258,64258,64262
2026-05-25 02:01:54,65705,64258,64258,64258,64258,64262
2026-05-25 02:02:04,65705,64258,64258,64258,64258,64262
2026-05-25 02:02:14,65705,64258,64258,64258,64258,64262
2026-05-25 02:02:24,65705,64258,64258,64258,64258,64262
2026-05-25 02:02:34,65705,64258,64258,64258,64258,64262
2026-05-25 02:02:44,65705,64258,64258,64258,64258,64262
2026-05-25 02:02:54,65705,64258,64258,64258,64258,64262
2026-05-25 02:03:04,65705,64258,64258,64258,64258,64262
2026-05-25 02:03:15,65705,64258,64258,64258,64258,64262
2026-05-25 02:03:25,65705,64258,64258,64258,64258,64262
2026-05-25 02:03:35,65705,64258,64258,64258,64258,64262
2026-05-25 02:03:45,65705,64258,64258,64258,64258,64262
2026-05-25 02:03:55,65705,64258,64258,64258,64258,64262
2026-05-25 02:04:05,65705,64258,64258,64258,64258,64262
2026-05-25 02:04:15,65705,64258,64258,64258,64258,64262
2026-05-25 02:04:25,65705,64258,64258,64258,64258,64262
2026-05-25 02:04:35,65705,64258,64258,64258,64258,64262
2026-05-25 02:04:45,65705,64258,64258,64258,64258,64262
2026-05-25 02:04:55,65705,64258,64258,64258,64258,64262
2026-05-25 02:05:05,65705,64258,64258,64258,64258,64262
2026-05-25 02:05:15,65705,64258,64258,64258,64258,64262
2026-05-25 02:05:26,65705,64258,64258,64258,64258,64262
2026-05-25 02:05:36,65705,64258,64258,64258,64258,64262
2026-05-25 02:05:46,65705,64258,64258,64258,64258,64262
2026-05-25 02:05:56,65705,64258,64258,64258,64258,64262
2026-05-25 02:06:06,65705,64258,64258,64258,64258,64262
2026-05-25 02:06:16,65705,64258,64258,64258,64258,64262
2026-05-25 02:06:26,65705,64258,64258,64258,64258,64262
2026-05-25 02:06:36,37721,34914,34914,34914,34914,34658
2026-05-25 02:06:46,61921,59114,59114,59114,59114,58858
2026-05-25 02:06:56,61923,59116,59116,59116,59116,58860
2026-05-25 02:07:06,61923,59116,59116,59116,59116,58860
2026-05-25 02:07:16,22441,19534,19534,19534,19534,19418
2026-05-25 02:07:26,34661,31874,30614,19534,19534,19418
2026-05-25 02:07:37,74743,71336,71276,71336,71956,71900
2026-05-25 02:07:47,79963,81198,81198,81198,81198,81062
2026-05-25 02:07:57,76361,80316,76054,77876,76054,75938
2026-05-25 02:08:07,74663,71876,71876,71818,71818,71842
2026-05-25 02:08:17,46521,51658,51658,51656,51656,51300
2026-05-25 02:08:27,74603,36498,35878,36096,36476,35338
2026-05-25 02:08:38,53303,52118,49358,49998,50938,50682
2026-05-25 02:08:48,70201,62476,62476,62476,62476,67380
2026-05-25 02:08:58,74603,42018,42018,42016,42016,41660
2026-05-25 02:09:08,57101,53856,53856,53854,53854,53718
2026-05-25 02:09:19,74663,71818,71878,71878,71878,71842
2026-05-25 02:09:29,42521,51538,51538,51536,51536,51180
2026-05-25 02:09:39,62261,63716,63716,62834,60254,63598
2026-05-25 02:09:49,74663,71878,71878,71878,71818,71842
2026-05-25 02:09:59,42941,51658,51658,51656,51656,51300
2026-05-25 02:10:09,74603,63418,65778,65838,64598,64082
2026-05-25 02:10:19,80023,77178,77178,77238,77178,77202
2026-05-25 02:10:29,78541,71438,69298,66678,71018,78122
2026-05-25 02:10:39,74603,42018,42018,42016,42016,41660
2026-05-25 02:10:49,41821,39056,39056,39434,39214,38978
2026-05-25 02:10:59,74663,71878,71878,71818,71878,71842
2026-05-25 02:11:10,74603,42018,42018,42016,42016,41660
2026-05-25 02:11:20,70201,80998,80998,80998,80998,80862
2026-05-25 02:11:30,35961,32874,32874,32874,32874,32758
2026-05-25 02:11:40,65663,64256,64236,64256,64236,64240
2026-05-25 02:11:50,65705,64258,64238,64258,64238,64242
2026-05-25 02:12:00,65705,64258,64258,64258,64258,64242
2026-05-25 02:12:10,65705,64258,64258,64258,64258,64242
2026-05-25 02:12:20,65705,64258,64258,64258,64258,64242
2026-05-25 02:12:30,65705,64258,64258,64258,64258,64242
2026-05-25 02:12:40,65705,64258,64258,64258,64258,64242
2026-05-25 02:12:50,65705,64258,64258,64258,64258,64242
2026-05-25 02:13:00,65705,64258,64258,64258,64258,64242
2026-05-25 02:13:10,65705,64258,64258,64258,64258,64242
2026-05-25 02:13:20,65705,64258,64258,64258,64258,64242
2026-05-25 02:13:31,65705,64258,64258,64258,64258,64242
2026-05-25 02:13:41,65705,64258,64258,64258,64258,64242
2026-05-25 02:13:51,65705,64258,64258,64258,64258,64242
2026-05-25 02:14:01,65705,64258,64258,64258,64258,64242
2026-05-25 02:14:11,65705,64258,64258,64258,64258,64242
2026-05-25 02:14:21,65705,64258,64258,64258,64258,64242
2026-05-25 02:14:31,65705,64258,64258,64258,64258,64242
2026-05-25 02:14:41,65705,64258,64258,64258,64258,64242
2026-05-25 02:14:51,65705,64258,64258,64258,64258,64242
2026-05-25 02:15:01,65705,64258,64258,64258,64258,64242
2026-05-25 02:15:11,65705,64258,64258,64258,64258,64242
2026-05-25 02:15:21,65705,64258,64258,64258,64258,64242
2026-05-25 02:15:31,65705,64258,64258,64258,64258,64242
2026-05-25 02:15:41,65705,64258,64258,64258,64258,64242
2026-05-25 02:15:51,65705,64258,64258,64258,64258,64242
2026-05-25 02:16:01,65705,64258,64258,64258,64258,64242
2026-05-25 02:16:11,65705,64258,64258,64258,64258,64242
2026-05-25 02:16:21,65705,64258,64258,64258,64258,64242
2026-05-25 02:16:31,65705,64258,64258,64258,64258,64242
2026-05-25 02:16:41,60761,57954,57954,57954,57954,57878
2026-05-25 02:16:51,60761,57956,57954,57956,57954,57878
2026-05-25 02:17:02,60763,57956,57956,57956,57956,57880
2026-05-25 02:17:12,22421,19534,19534,19534,19534,19418
2026-05-25 02:17:22,34541,31774,28194,19534,19534,19418
2026-05-25 02:17:32,34541,31774,31774,31774,31774,31638
2026-05-25 02:17:42,73423,79778,79778,79778,79778,79702
2026-05-25 02:17:52,41761,33654,33696,35738,35858,32742
2026-05-25 02:18:02,73423,80598,80598,80598,80598,80442
2026-05-25 02:18:12,44563,47738,46598,48158,49158,46782
2026-05-25 02:18:22,73423,80538,80538,80538,80538,80422
2026-05-25 02:18:32,55203,57138,57298,56038,55418,57602
2026-05-25 02:18:42,73423,80538,80538,80538,80538,80442
2026-05-25 02:18:53,66603,69038,69378,69518,68238,67882
2026-05-25 02:19:03,56341,53914,53914,53916,58716,58740
2026-05-25 02:19:13,73423,80598,80598,80598,80598,80462
2026-05-25 02:19:23,46661,44754,44754,44756,44756,44720
2026-05-25 02:19:33,73423,80538,80538,80538,80538,80582
2026-05-25 02:19:43,46101,44134,44134,44136,44136,44100
2026-05-25 02:19:53,73423,80538,80538,80538,80538,80582
2026-05-25 02:20:03,50883,52338,52618,51458,52718,50822
2026-05-25 02:20:13,69021,80238,80238,80238,80238,80302
2026-05-25 02:20:23,78783,80598,80598,80598,80598,80582
2026-05-25 02:20:33,80781,76474,79534,79496,80296,80420
2026-05-25 02:20:44,73423,80538,80538,80538,80538,80442
2026-05-25 02:20:54,60861,63674,59954,63676,63676,63660
2026-05-25 02:21:04,73423,80538,80538,80538,80538,80442
2026-05-25 02:21:14,42461,38914,38914,38916,38916,38880
2026-05-25 02:21:24,35961,32874,33294,32874,32874,33098
2026-05-25 02:21:34,65865,64218,64218,64198,64218,64322
2026-05-25 02:21:44,65865,64218,64218,64198,64218,64322
2026-05-25 02:21:54,65865,64218,64218,64218,64218,64322
2026-05-25 02:22:04,65865,64218,64218,64218,64218,64322
2026-05-25 02:22:14,65865,64218,64218,64218,64218,64322
2026-05-25 02:22:24,65865,64218,64218,64218,64218,64322
2026-05-25 02:22:34,65865,64218,64218,64218,64218,64322
2026-05-25 02:22:44,65865,64218,64218,64218,64218,64322
2026-05-25 02:22:55,65865,64218,64218,64218,64218,64322
2026-05-25 02:23:05,65865,64218,64218,64218,64218,64322
2026-05-25 02:23:15,65865,64218,64218,64218,64218,64322
2026-05-25 02:23:25,65865,64218,64218,64218,64218,64322
2026-05-25 02:23:35,65865,64218,64218,64218,64218,64322
2026-05-25 02:23:45,65865,64218,64218,64218,64218,64322
2026-05-25 02:23:55,65865,64218,64218,64218,64218,64322
2026-05-25 02:24:05,65865,64218,64218,64218,64218,64322
2026-05-25 02:24:15,65865,64218,64218,64218,64218,64322
2026-05-25 02:24:25,65865,64218,64218,64218,64218,64322
2026-05-25 02:24:35,65865,64218,64218,64218,64218,64322
2026-05-25 02:24:45,65865,64218,64218,64218,64218,64322
2026-05-25 02:24:55,65865,64218,64218,64218,64218,64322
2026-05-25 02:25:06,65865,64218,64218,64218,64218,64322
2026-05-25 02:25:16,65865,64218,64218,64218,64218,64322
2026-05-25 02:25:26,65865,64218,64218,64218,64218,64322
2026-05-25 02:25:36,65865,64218,64218,64218,64218,64322
2026-05-25 02:25:46,65865,64218,64218,64218,64218,64322
2026-05-25 02:25:56,65865,64218,64218,64218,64218,64322
2026-05-25 02:26:06,63821,60914,60914,60914,60914,60918
2026-05-25 02:26:16,63821,60914,60914,60914,60914,60920
2026-05-25 02:26:26,63823,60916,60916,60916,60916,60920
2026-05-25 02:26:36,22401,19534,19534,19534,19534,19418
2026-05-25 02:26:46,34841,19534,19534,19534,19534,19418
2026-05-25 02:26:56,34841,32034,32034,32034,19534,19418
2026-05-25 02:27:06,78101,75234,75234,75294,75234,75258
2026-05-25 02:27:16,76961,74116,74176,74176,74116,74080
2026-05-25 02:27:26,43921,48896,46616,47576,46756,47880
2026-05-25 02:27:36,76501,73136,70776,73716,69716,69680
2026-05-25 02:27:46,76961,74176,74116,74176,74176,74140
2026-05-25 02:27:56,46681,43994,43994,43994,43994,43918
2026-05-25 02:28:07,76901,74116,74116,74116,74116,74080
2026-05-25 02:28:17,79041,79536,79476,79536,79536,79440
2026-05-25 02:28:27,67761,65074,65074,65074,65074,65018
2026-05-25 02:28:37,76961,74116,74116,74176,74176,74140
2026-05-25 02:28:47,50581,50596,50776,51156,51396,51340
2026-05-25 02:28:57,72501,66976,65276,65596,69716,66940
2026-05-25 02:29:07,76961,74116,74116,74176,74176,74080
2026-05-25 02:29:17,43241,44056,43056,43156,44256,44680
2026-05-25 02:29:28,67781,59834,59834,65074,63994,65018
2026-05-25 02:29:38,76961,74176,74176,74176,74176,74080
2026-05-25 02:29:48,37741,39134,39134,35154,38094,36238
2026-05-25 02:29:58,76501,73716,73656,73716,73716,73680
2026-05-25 02:30:08,76961,74116,74176,74116,74176,74140
2026-05-25 02:30:18,47081,44394,44394,44394,44394,44318
2026-05-25 02:30:28,75641,81036,78154,72934,74614,77318
2026-05-25 02:30:38,76961,74176,74176,74116,74176,74140
2026-05-25 02:30:48,37741,39134,39134,39134,39134,39138
2026-05-25 02:30:58,76961,74176,74116,73656,74176,74140
2026-05-25 02:31:09,35981,33194,33194,33194,33194,32798
2026-05-25 02:31:19,65705,64358,64358,64218,64358,64282
2026-05-25 02:31:29,65705,64358,64358,64218,64358,64282
2026-05-25 02:31:39,65705,64358,64358,64218,64358,64282
2026-05-25 02:31:49,65705,64358,64358,64218,64358,64282
2026-05-25 02:31:59,65705,64358,64358,64218,64358,64282
2026-05-25 02:32:09,65705,64358,64358,64218,64358,64282
2026-05-25 02:32:19,65705,64358,64358,64218,64358,64282
2026-05-25 02:32:29,65705,64358,64358,64218,64358,64282
2026-05-25 02:32:39,65705,64358,64358,64218,64358,64282
2026-05-25 02:32:49,65705,64358,64358,64218,64358,64282
2026-05-25 02:32:59,65705,64358,64358,64218,64358,64282
2026-05-25 02:33:09,65705,64358,64358,64218,64358,64282
2026-05-25 02:33:20,65705,64358,64358,64218,64358,64282
2026-05-25 02:33:30,65705,64358,64358,64218,64358,64282
2026-05-25 02:33:40,65705,64358,64358,64218,64358,64282
2026-05-25 02:33:50,65705,64358,64358,64218,64358,64282
2026-05-25 02:34:00,65705,64358,64358,64218,64358,64282
2026-05-25 02:34:10,65705,64358,64358,64218,64358,64282
2026-05-25 02:34:20,65705,64358,64358,64218,64358,64282
2026-05-25 02:34:30,65705,64358,64358,64218,64358,64282
2026-05-25 02:34:41,65705,64358,64358,64218,64358,64282
2026-05-25 02:34:51,65705,64358,64358,64218,64358,64282
2026-05-25 02:35:01,65705,64358,64358,64218,64358,64282
2026-05-25 02:35:11,65705,64358,64358,64218,64358,64282
2026-05-25 02:35:21,65705,64358,64358,64218,64358,64282
2026-05-25 02:35:31,65705,64358,64358,64218,64358,64282
2026-05-25 02:35:42,65705,64358,64358,64218,64358,64282
2026-05-25 02:35:52,65705,64358,64358,64218,64358,64282
2026-05-25 02:36:02,65705,64358,64358,64218,64358,64282
2026-05-25 02:36:12,65705,64358,64358,64218,64358,64282
2026-05-25 02:36:22,65705,64358,64358,64218,64358,64282
2026-05-25 02:36:32,65705,64358,64358,64218,64358,64282
2026-05-25 02:36:42,65705,64358,64358,64218,64358,64282
2026-05-25 02:36:52,59161,56294,56294,56314,56294,56338
2026-05-25 02:37:02,59161,56294,56294,56314,56294,56338
2026-05-25 02:37:12,59163,56296,56296,56316,56296,56340
2026-05-25 02:37:23,22403,19516,19516,19536,19516,19440
2026-05-25 02:37:33,34387,31620,31620,19536,19516,19440
2026-05-25 02:37:43,71787,69200,68980,69200,68980,68864
2026-05-25 02:37:53,46807,80462,80462,80462,80462,80326
2026-05-25 02:38:03,71367,78402,78402,78402,78402,78366
2026-05-25 02:38:13,81027,80482,80482,80482,80482,80446
2026-05-25 02:38:23,81067,80482,80482,80482,80482,80446
2026-05-25 02:38:33,81067,80482,80482,80482,80482,80446
2026-05-25 02:38:43,81067,80482,80482,80482,80482,80446
2026-05-25 02:38:53,81067,80482,80482,80482,80482,80446
2026-05-25 02:39:03,81067,80482,80482,80482,80482,80446
2026-05-25 02:39:13,81067,80482,80482,80482,80482,80446
2026-05-25 02:39:23,81067,80482,80482,80482,80482,80446
2026-05-25 02:39:33,81067,80482,80482,80482,80482,80446
2026-05-25 02:39:44,81067,80482,80482,80482,80482,80446
2026-05-25 02:39:54,81067,80482,80482,80482,80482,80446
2026-05-25 02:40:04,81067,80482,80482,80482,80482,80446
2026-05-25 02:40:14,35981,32854,32854,32854,32854,32758
2026-05-25 02:40:24,65705,64298,64278,64278,64278,64222
2026-05-25 02:40:34,65705,64298,64278,64278,64278,64222
2026-05-25 02:40:44,65705,64298,64278,64278,64278,64222
2026-05-25 02:40:55,65705,64298,64278,64278,64278,64222
2026-05-25 02:41:05,65705,64298,64278,64278,64278,64222
2026-05-25 02:41:15,65705,64298,64278,64278,64278,64222
2026-05-25 02:41:25,65705,64298,64278,64278,64278,64222
2026-05-25 02:41:35,65705,64298,64278,64278,64278,64222
2026-05-25 02:41:45,65705,64298,64278,64278,64278,64222
2026-05-25 02:41:56,65705,64298,64278,64278,64278,64222
2026-05-25 02:42:06,65705,64298,64278,64278,64278,64222
2026-05-25 02:42:16,65705,64298,64278,64278,64278,64222
2026-05-25 02:42:26,65705,64298,64278,64278,64278,64222
2026-05-25 02:42:36,65705,64298,64278,64278,64278,64222
2026-05-25 02:42:46,65705,64298,64278,64278,64278,64222
2026-05-25 02:42:56,65705,64298,64278,64278,64278,64222
2026-05-25 02:43:06,65705,64298,64278,64278,64278,64222
2026-05-25 02:43:16,65705,64298,64278,64278,64278,64222
2026-05-25 02:43:26,36781,34054,34054,34054,34054,33698
2026-05-25 02:43:36,57341,55114,55114,55114,55114,55058
2026-05-25 02:43:46,57343,55116,55116,55116,55116,55060
2026-05-25 02:43:56,22383,19516,19516,19516,19516,19420
2026-05-25 02:44:06,34285,31538,19516,19516,19516,19420
2026-05-25 02:44:17,64505,58098,58618,59218,59218,63184
2026-05-25 02:44:27,46027,78882,78882,78882,78882,79126
2026-05-25 02:44:37,46687,80802,80802,80802,80802,79126
2026-05-25 02:44:47,46707,80802,80802,80802,80802,79126
2026-05-25 02:44:57,79547,80802,80802,80802,80802,79126
2026-05-25 02:45:07,79547,80802,80802,80802,80802,79126
2026-05-25 02:45:17,77147,80802,80802,80802,80802,79126
2026-05-25 02:45:27,79347,80802,80802,80802,80802,79126
2026-05-25 02:45:37,79347,80802,80802,80802,80802,79126
2026-05-25 02:45:47,79347,80802,80802,80802,80802,79126
2026-05-25 02:45:57,79347,80802,80802,80802,80802,79126
2026-05-25 02:46:07,79347,80802,80802,80802,80802,79126
2026-05-25 02:46:18,79347,80802,80802,80802,80802,79126
2026-05-25 02:46:28,79347,80802,80802,80802,80802,79126
2026-05-25 02:46:38,79347,80802,80802,80802,80802,79126
2026-05-25 02:46:48,35981,32854,32854,32854,32854,32758
2026-05-25 02:46:58,65985,64278,64278,64278,64278,64222
2026-05-25 02:47:08,65985,64278,64278,64278,64278,64222
2026-05-25 02:47:18,65985,64278,64298,64278,64278,64222
2026-05-25 02:47:29,65985,64278,64298,64278,64278,64242
2026-05-25 02:47:39,65985,64278,64298,64278,64278,64242
2026-05-25 02:47:49,65985,64278,64298,64278,64278,64242
2026-05-25 02:47:59,65985,64278,64298,64278,64278,64242
2026-05-25 02:48:09,65985,64278,64298,64278,64278,64242
2026-05-25 02:48:19,65985,64278,64298,64278,64278,64242
2026-05-25 02:48:29,65985,64278,64298,64278,64278,64242
2026-05-25 02:48:39,65985,64278,64298,64278,64278,64242
2026-05-25 02:48:49,65985,64278,64298,64278,64278,64242
2026-05-25 02:48:59,65985,64278,64298,64278,64278,64242
2026-05-25 02:49:09,65985,64278,64298,64278,64278,64242
2026-05-25 02:49:19,65985,64278,64298,64278,64278,64242
2026-05-25 02:49:29,65985,64278,64298,64278,64278,64242
2026-05-25 02:49:40,65985,64278,64298,64278,64278,64242
2026-05-25 02:49:50,65985,64278,64298,64278,64278,64242
2026-05-25 02:50:00,37741,34874,34874,34874,34874,34798
2026-05-25 02:50:10,61761,58894,58894,58894,58894,58818
2026-05-25 02:50:20,61763,58896,58896,58896,58896,58820
2026-05-25 02:50:30,61763,58896,58896,58896,58896,58820
2026-05-25 02:50:40,31641,19574,19574,19574,19574,19418
2026-05-25 02:50:50,34641,31854,31854,22254,19574,19418
2026-05-25 02:51:00,74563,71756,71556,71756,71756,71500
2026-05-25 02:51:10,74263,80798,80798,80798,80798,80702
2026-05-25 02:51:20,73561,78818,78978,80138,80258,78482
2026-05-25 02:51:30,72043,81018,81018,81018,81018,80942
2026-05-25 02:51:41,74263,71496,71498,71498,71498,71482
2026-05-25 02:51:51,70401,71136,71138,71078,71138,71042
2026-05-25 02:52:01,45741,81198,81198,81198,81198,81162
2026-05-25 02:52:11,76343,74058,73658,74098,73658,81222
2026-05-25 02:52:22,74263,71576,71578,71578,71578,81222
2026-05-25 02:52:32,47021,35234,35234,35234,35234,81222
2026-05-25 02:52:42,74263,41638,41638,41636,41636,81222
2026-05-25 02:52:52,66221,81058,81058,81058,81058,81222
2026-05-25 02:53:02,74343,80958,80958,80958,80958,81222
2026-05-25 02:53:12,74263,71478,71478,71478,71478,81222
2026-05-25 02:53:23,74263,81178,81178,81178,81178,81222
2026-05-25 02:53:33,46821,81178,81178,81178,81178,81222
2026-05-25 02:53:43,79623,81178,81178,81178,81178,81222
2026-05-25 02:53:53,74263,81178,81178,81178,81178,81222
2026-05-25 02:54:03,74263,81178,81178,81178,81178,81222
2026-05-25 02:54:13,46761,81178,81178,81178,81178,81222
2026-05-25 02:54:23,35961,32874,32874,32874,32874,32758
2026-05-25 02:54:33,65705,64258,64238,64258,64258,64242
2026-05-25 02:54:43,65705,64258,64238,64258,64258,64242
2026-05-25 02:54:53,65705,64258,64258,64258,64258,64242
2026-05-25 02:55:03,65705,64258,64258,64258,64258,64242
2026-05-25 02:55:14,65705,64258,64258,64258,64258,64242
2026-05-25 02:55:24,65705,64258,64258,64258,64258,64242
2026-05-25 02:55:34,65705,64258,64258,64258,64258,64242
2026-05-25 02:55:44,65705,64258,64258,64258,64258,64242
2026-05-25 02:55:54,65705,64258,64258,64258,64258,64242
2026-05-25 02:56:04,65705,64258,64258,64258,64258,64242
2026-05-25 02:56:14,65705,64258,64258,64258,64258,64242
2026-05-25 02:56:24,65705,64258,64258,64258,64258,64242
2026-05-25 02:56:34,65705,64258,64258,64258,64258,64242
2026-05-25 02:56:44,65705,64258,64258,64258,64258,64242
2026-05-25 02:56:54,65705,64258,64258,64258,64258,64242
2026-05-25 02:57:04,65705,64258,64258,64258,64258,64242
2026-05-25 02:57:14,65705,64258,64258,64258,64258,64242
2026-05-25 02:57:24,65705,64258,64258,64258,64258,64242
2026-05-25 02:57:35,65705,64258,64258,64258,64258,64242
2026-05-25 02:57:45,65705,64258,64258,64258,64258,64242
2026-05-25 02:57:55,65705,64258,64258,64258,64258,64242
2026-05-25 02:58:05,65705,64258,64258,64258,64258,64242
2026-05-25 02:58:15,65705,64258,64258,64258,64258,64242
2026-05-25 02:58:25,65705,64258,64258,64258,64258,64242
2026-05-25 02:58:36,65705,64258,64258,64258,64258,64242
2026-05-25 02:58:46,65705,64258,64258,64258,64258,64242
2026-05-25 02:58:56,65705,64258,64258,64258,64258,64242
2026-05-25 02:59:06,65705,64258,64258,64258,64258,64242
2026-05-25 02:59:16,65705,64258,64258,64258,64258,64242
2026-05-25 02:59:26,65705,64258,64258,64258,64258,64242
2026-05-25 02:59:37,38261,35694,35694,35694,35694,35418
2026-05-25 02:59:47,64523,61976,61976,61976,61976,61678
2026-05-25 02:59:57,64523,61976,61976,61976,61976,61680
2026-05-25 03:00:07,64523,61976,61976,61976,61976,61680
2026-05-25 03:00:17,22421,19534,19534,19534,19534,19438
2026-05-25 03:00:27,35301,32494,19534,19534,19534,19438
2026-05-25 03:00:37,35301,32494,32494,32494,32494,19438
2026-05-25 03:00:47,53581,55134,53516,52854,55836,57300
2026-05-25 03:00:57,74681,74054,73896,79296,73916,73800
2026-05-25 03:01:08,78201,75296,75296,75296,75296,75300
2026-05-25 03:01:18,53441,54036,52576,54836,52896,50020
2026-05-25 03:01:28,74081,74774,73916,73914,73914,77400
2026-05-25 03:01:38,78261,75296,75356,75356,75356,75300
2026-05-25 03:01:48,54921,54276,55236,58636,57836,55380
2026-05-25 03:01:58,70481,73816,78356,69716,75336,75680
2026-05-25 03:02:08,78261,75296,75356,75356,75356,75300
2026-05-25 03:02:19,47381,46696,47916,46276,46236,46760
2026-05-25 03:02:29,75141,79296,79296,79296,78836,79180
2026-05-25 03:02:39,78261,75356,75356,75296,75296,75240
2026-05-25 03:02:49,78201,75356,75296,75296,75296,75240
2026-05-25 03:02:59,46661,43814,43816,43814,43814,43700
2026-05-25 03:03:09,78261,75356,75296,75356,75356,75300
2026-05-25 03:03:19,78261,75356,75356,75296,75356,75240
2026-05-25 03:03:29,46941,44094,44096,44094,44094,43980
2026-05-25 03:03:39,74081,72474,65856,65854,65854,65720
2026-05-25 03:03:49,78261,75356,75296,75356,75356,75300
2026-05-25 03:03:59,56841,56856,52856,54256,56416,56960
2026-05-25 03:04:09,67741,79294,79656,76016,76176,75420
2026-05-25 03:04:20,78261,75356,75356,75356,75296,75300
2026-05-25 03:04:30,38721,40394,38156,41074,40094,37480
2026-05-25 03:04:40,58701,58474,53616,55094,60474,54960
2026-05-25 03:04:50,25161,22334,22334,22334,22334,22298
2026-05-25 03:05:00,65703,64136,64196,64196,64196,64240
2026-05-25 03:05:10,65705,64298,64198,64198,64198,64242
2026-05-25 03:05:20,65705,64298,64198,64198,64198,64242
2026-05-25 03:05:30,65705,64298,64198,64198,64198,64242
2026-05-25 03:05:40,65705,64298,64198,64198,64198,64242
2026-05-25 03:05:50,65705,64298,64198,64198,64198,64242
2026-05-25 03:06:00,65705,64298,64198,64198,64198,64242
2026-05-25 03:06:11,65705,64298,64198,64198,64198,64242
2026-05-25 03:06:21,65705,64298,64198,64198,64198,64242
2026-05-25 03:06:31,65705,64298,64198,64198,64198,64242
2026-05-25 03:06:41,65705,64298,64198,64198,64198,64242
2026-05-25 03:06:51,65705,64298,64198,64198,64198,64242
2026-05-25 03:07:01,65705,64298,64198,64198,64198,64242
2026-05-25 03:07:11,65705,64298,64198,64198,64198,64242
2026-05-25 03:07:21,65705,64298,64198,64198,64198,64242
2026-05-25 03:07:31,65705,64298,64198,64198,64198,64242
2026-05-25 03:07:41,65705,64298,64198,64198,64198,64242
2026-05-25 03:07:51,65705,64298,64198,64198,64198,64242
2026-05-25 03:08:01,65705,64298,64198,64198,64198,64242
2026-05-25 03:08:11,65705,64298,64198,64198,64198,64242
2026-05-25 03:08:21,65705,64298,64198,64198,64198,64242
2026-05-25 03:08:31,65705,64298,64198,64198,64198,64242
2026-05-25 03:08:41,65705,64298,64198,64198,64198,64242
2026-05-25 03:08:51,65705,64298,64198,64198,64198,64242
2026-05-25 03:09:01,65705,64298,64198,64198,64198,64242
2026-05-25 03:09:11,65705,64298,64198,64198,64198,64242
2026-05-25 03:09:21,65705,64298,64198,64198,64198,64242
2026-05-25 03:09:31,65705,64298,64198,64198,64198,64242
2026-05-25 03:09:42,65705,64298,64198,64198,64198,64242
2026-05-25 03:09:52,65705,64298,64198,64198,64198,64242
2026-05-25 03:10:02,36521,33654,33654,33654,33654,33638
2026-05-25 03:10:12,57581,54714,54714,54714,54714,53938
2026-05-25 03:10:22,57583,54716,54716,54716,54716,53940
2026-05-25 03:10:32,22423,19516,19496,19496,19496,19440
2026-05-25 03:10:42,34247,31500,31500,19496,19496,19440
2026-05-25 03:10:52,70527,67720,67720,67720,67720,67624
2026-05-25 03:11:02,81127,80920,80922,80922,80922,80826
2026-05-25 03:11:12,79107,80920,80922,80922,80922,80826
2026-05-25 03:11:22,69427,80920,80922,80922,80922,80826
2026-05-25 03:11:32,79107,80920,80922,80922,80922,80826
2026-05-25 03:11:42,79107,80920,80922,80922,80922,80826
2026-05-25 03:11:52,79107,80920,80922,80922,80922,80826
2026-05-25 03:12:03,79107,80920,80922,80922,80922,80826
2026-05-25 03:12:13,79107,80920,80922,80922,80922,80826
2026-05-25 03:12:23,79107,80920,80922,80922,80922,80826
2026-05-25 03:12:33,79107,80920,80922,80922,80922,80826
2026-05-25 03:12:43,79107,80920,80922,80922,80922,80826
2026-05-25 03:12:53,79107,80920,80922,80922,80922,80826
2026-05-25 03:13:03,79107,80920,80922,80922,80922,80826
2026-05-25 03:13:13,35981,32854,32854,32854,32854,32758
2026-05-25 03:13:23,65705,64278,64278,64278,64278,64222
2026-05-25 03:13:33,65705,64278,64278,64278,64278,64222
2026-05-25 03:13:43,65705,64298,64298,64278,64278,64242
2026-05-25 03:13:53,65705,64298,64298,64278,64278,64242
2026-05-25 03:14:03,65705,64298,64298,64278,64278,64242
2026-05-25 03:14:13,65705,64298,64298,64278,64278,64242
2026-05-25 03:14:24,65705,64298,64298,64278,64278,64242
2026-05-25 03:14:34,65705,64298,64298,64278,64278,64242
2026-05-25 03:14:44,65705,64298,64298,64278,64278,64242
2026-05-25 03:14:54,65705,64298,64298,64278,64278,64242
2026-05-25 03:15:04,62485,61098,61058,61498,61038,61042
2026-05-25 03:15:15,59521,57554,57554,57554,57554,57498
2026-05-25 03:15:25,60343,57556,57556,57556,57556,57500
2026-05-25 03:15:35,60343,57556,57556,57556,57556,57500
2026-05-25 03:15:45,22403,19536,19536,19536,19536,19420
2026-05-25 03:15:55,34507,31740,31740,20736,19536,19420
2026-05-25 03:16:05,74907,72220,72160,72160,72220,72004
2026-05-25 03:16:16,53627,38958,38958,38958,38958,39484
2026-05-25 03:16:26,72707,79942,79942,79942,79942,80266
2026-05-25 03:16:36,42285,43098,43098,43098,43098,42924
2026-05-25 03:16:46,72707,80102,80102,80102,80102,79966
2026-05-25 03:16:56,42285,38958,38958,38958,38958,38804
2026-05-25 03:17:06,72707,79942,79942,79942,79942,79806
2026-05-25 03:17:16,67207,68262,68282,68362,67882,67746
2026-05-25 03:17:26,68305,79942,79942,79942,79942,79806
2026-05-25 03:17:36,78067,79942,79942,79942,79942,79806
2026-05-25 03:17:46,79147,79780,79780,70360,78320,79646
2026-05-25 03:17:56,72707,80102,80102,80102,80102,79966
2026-05-25 03:18:06,77007,70520,73100,75220,70520,70386
2026-05-25 03:18:17,72707,79942,79942,79942,79942,79806
2026-05-25 03:18:27,42285,40458,34778,34778,34778,34624
2026-05-25 03:18:37,72707,80102,80102,80102,80102,79966
2026-05-25 03:18:47,39865,36100,38742,37520,39582,40566
2026-05-25 03:18:57,72707,79942,79942,79942,79942,79806
2026-05-25 03:19:07,37447,35680,39722,40240,35322,38806
2026-05-25 03:19:17,75887,75220,74840,75220,73440,75086
2026-05-25 03:19:27,72707,79942,79942,79942,79942,79806
2026-05-25 03:19:37,77007,75060,70360,75060,75060,76226
2026-05-25 03:19:47,35961,32874,32874,32874,32874,33098
2026-05-25 03:19:58,35961,32874,32874,32874,32874,33098
2026-05-25 03:20:08,65885,64218,64218,64218,64218,64322
2026-05-25 03:20:18,65885,64218,64218,64218,64218,64322
2026-05-25 03:20:28,65885,64218,64218,64218,64218,64322
2026-05-25 03:20:38,65885,64218,64218,64218,64218,64322
2026-05-25 03:20:48,65885,64218,64218,64218,64218,64322
2026-05-25 03:20:58,65885,64218,64218,64218,64218,64322
2026-05-25 03:21:08,65885,64218,64218,64218,64218,64322
2026-05-25 03:21:18,65885,64218,64218,64218,64218,64322
2026-05-25 03:21:29,65885,64218,64218,64218,64218,64322
2026-05-25 03:21:39,65885,64218,64218,64218,64218,64322
2026-05-25 03:21:49,65885,64218,64218,64218,64218,64322
2026-05-25 03:21:59,65885,64218,64218,64218,64218,64322
2026-05-25 03:22:09,65885,64218,64218,64218,64218,64322
2026-05-25 03:22:19,65885,64218,64218,64218,64218,64322
2026-05-25 03:22:29,65885,64218,64218,64218,64218,64322
2026-05-25 03:22:39,65885,64218,64218,64218,64218,64322
2026-05-25 03:22:49,65885,64218,64218,64218,64218,64322
2026-05-25 03:22:59,65885,64218,64218,64218,64218,64322
2026-05-25 03:23:09,65885,64218,64218,64218,64218,64322
2026-05-25 03:23:19,65885,64218,64218,64218,64218,64322
2026-05-25 03:23:30,65885,64218,64218,64218,64218,64322
2026-05-25 03:23:40,65885,64218,64218,64218,64218,64322
2026-05-25 03:23:50,65885,64218,64218,64218,64218,64322
2026-05-25 03:24:00,65885,64218,64218,64218,64218,64322
2026-05-25 03:24:10,62781,59894,59894,59894,59894,59878
2026-05-25 03:24:20,62781,59894,59894,59894,59894,59878
2026-05-25 03:24:30,62783,59896,59896,59896,59896,59880
2026-05-25 03:24:40,22401,19534,19534,19534,19534,19418
2026-05-25 03:24:50,34741,19534,19534,19534,19534,19418
2026-05-25 03:25:00,34741,31954,31954,31954,19534,19418
2026-05-25 03:25:10,77861,75074,75014,75074,75074,75038
2026-05-25 03:25:20,42601,39796,39796,39794,39794,51378
2026-05-25 03:25:30,56921,54176,54176,53994,54174,54058
2026-05-25 03:25:41,75601,72756,72756,72756,72756,72680
2026-05-25 03:25:51,42121,38536,39536,40536,37736,40260
2026-05-25 03:26:01,75601,72756,72756,72756,72756,72220
2026-05-25 03:26:11,75601,72756,72756,72696,72756,72740
2026-05-25 03:26:21,61961,60216,59234,59234,59234,59098
2026-05-25 03:26:31,75601,72696,72756,72756,72756,72740
2026-05-25 03:26:41,41901,39796,39794,39094,39794,39038
2026-05-25 03:26:51,75601,72696,72756,72756,72756,72740
2026-05-25 03:27:01,75601,72756,72756,72756,72756,72680
2026-05-25 03:27:11,47081,44356,44354,44354,44354,44238
2026-05-25 03:27:21,75601,72696,72756,72756,72756,72740
2026-05-25 03:27:31,48061,46976,45556,45396,42736,46300
2026-05-25 03:27:41,47081,44356,44354,44354,44354,44238
2026-05-25 03:27:52,75601,72756,72756,72756,72756,72680
2026-05-25 03:28:02,46441,44676,43756,42276,43116,41640
2026-05-25 03:28:12,75141,72296,72296,72236,72236,72280
2026-05-25 03:28:22,75601,72756,72756,72756,72696,72680
2026-05-25 03:28:32,51861,49136,49134,49134,49134,49018
2026-05-25 03:28:42,75601,72696,72696,72696,72756,72740
2026-05-25 03:28:52,80961,78116,78116,78116,78056,78040
2026-05-25 03:29:02,21661,18814,18814,18814,18814,18718
2026-05-25 03:29:12,41481,37454,63616,38654,38374,39898
2026-05-25 03:29:22,65705,64218,64358,64358,64358,64282
2026-05-25 03:29:32,65705,64218,64358,64358,64358,64282
2026-05-25 03:29:42,65705,64218,64358,64358,64358,64282
2026-05-25 03:29:53,65705,64218,64358,64358,64358,64282
2026-05-25 03:30:03,65705,64218,64358,64358,64358,64282
2026-05-25 03:30:13,65705,64218,64358,64358,64358,64282
2026-05-25 03:30:23,65705,64218,64358,64358,64358,64282
2026-05-25 03:30:33,65705,64218,64358,64358,64358,64282
2026-05-25 03:30:43,65705,64218,64358,64358,64358,64282
2026-05-25 03:30:53,65705,64218,64358,64358,64358,64282
2026-05-25 03:31:03,65705,64218,64358,64358,64358,64282
2026-05-25 03:31:13,65705,64218,64358,64358,64358,64282
2026-05-25 03:31:23,65705,64218,64358,64358,64358,64282
2026-05-25 03:31:33,65705,64218,64358,64358,64358,64282
2026-05-25 03:31:43,65705,64218,64358,64358,64358,64282
2026-05-25 03:31:54,65705,64218,64358,64358,64358,64282
2026-05-25 03:32:04,65705,64218,64358,64358,64358,64282
2026-05-25 03:32:14,65705,64218,64358,64358,64358,64282
2026-05-25 03:32:24,65705,64218,64358,64358,64358,64282
2026-05-25 03:32:34,65705,64218,64358,64358,64358,64282
2026-05-25 03:32:44,65705,64218,64358,64358,64358,64282
2026-05-25 03:32:54,65705,64218,64358,64358,64358,64282
2026-05-25 03:33:04,65705,64218,64358,64358,64358,64282
2026-05-25 03:33:14,65705,64218,64358,64358,64358,64282
2026-05-25 03:33:24,65705,64218,64358,64358,64358,64282
2026-05-25 03:33:34,65705,64218,64358,64358,64358,64282
2026-05-25 03:33:44,65705,64218,64358,64358,64358,64282
2026-05-25 03:33:54,65705,64218,64358,64358,64358,64282
2026-05-25 03:34:05,65705,64218,64358,64358,64358,64282
2026-05-25 03:34:15,37841,34994,34974,34974,34974,35038
2026-05-25 03:34:25,62281,59414,59394,59394,59394,59478
2026-05-25 03:34:35,62283,59416,59396,59396,59396,59480
2026-05-25 03:34:45,62283,59416,59396,59396,59396,59480
2026-05-25 03:34:55,22401,19574,19574,19574,19574,19438
2026-05-25 03:35:05,34681,31914,31914,19574,19574,19438
2026-05-25 03:35:15,34681,31914,31914,31914,31914,31778
2026-05-25 03:35:25,75021,39734,39734,40234,40074,39678
2026-05-25 03:35:35,46701,43736,42716,44436,42074,44760
2026-05-25 03:35:45,75021,72316,72256,72316,72316,72160
2026-05-25 03:35:55,75081,72256,72256,72316,72256,72160
2026-05-25 03:36:06,47121,44396,44396,44394,44394,44278
2026-05-25 03:36:16,75081,72256,72316,72256,72316,72160
2026-05-25 03:36:26,54701,52056,52196,50956,51216,54700
2026-05-25 03:36:36,74621,69356,67856,67856,69276,71760
2026-05-25 03:36:46,75081,72256,72316,72316,72316,72220
2026-05-25 03:36:56,46601,43896,43896,43894,43894,43818
2026-05-25 03:37:07,75081,72256,72256,72256,72256,72160
2026-05-25 03:37:17,48281,49356,49996,47596,46336,48900
2026-05-25 03:37:27,74621,71856,67856,67856,71856,67760
2026-05-25 03:37:37,75081,72316,72256,72316,72256,72160
2026-05-25 03:37:47,46861,44156,44156,44154,44154,44018
2026-05-25 03:37:57,75081,72316,72316,72256,72256,72160
2026-05-25 03:38:08,45821,43176,43176,43174,43174,43078
2026-05-25 03:38:18,75081,72316,72316,72316,72256,72220
2026-05-25 03:38:28,59801,56436,58056,58096,57716,56660
2026-05-25 03:38:38,74621,67856,67856,67856,71856,71760
2026-05-25 03:38:48,75081,72256,72316,72256,72316,72160
2026-05-25 03:38:58,64181,58976,58976,58974,58974,58838
2026-05-25 03:39:08,29381,26634,26634,26634,26634,26578
2026-05-25 03:39:18,42361,39514,45476,38314,39974,63580
2026-05-25 03:39:29,65705,64238,64258,64238,64258,64242
2026-05-25 03:39:39,65705,64258,64258,64258,64258,64242
2026-05-25 03:39:49,65705,64258,64258,64258,64258,64242
2026-05-25 03:39:59,65705,64258,64258,64258,64258,64242
2026-05-25 03:40:09,65705,64258,64258,64258,64258,64242
2026-05-25 03:40:19,65705,64258,64258,64258,64258,64242
2026-05-25 03:40:29,65705,64258,64258,64258,64258,64242
2026-05-25 03:40:39,65705,64258,64258,64258,64258,64242
2026-05-25 03:40:49,65705,64258,64258,64258,64258,64242
2026-05-25 03:40:59,65705,64258,64258,64258,64258,64242
2026-05-25 03:41:09,65705,64258,64258,64258,64258,64242
2026-05-25 03:41:19,65705,64258,64258,64258,64258,64242
2026-05-25 03:41:29,65705,64258,64258,64258,64258,64242
2026-05-25 03:41:40,65705,64258,64258,64258,64258,64242
2026-05-25 03:41:50,65705,64258,64258,64258,64258,64242
2026-05-25 03:42:00,65705,64258,64258,64258,64258,64242
2026-05-25 03:42:10,65705,64258,64258,64258,64258,64242
2026-05-25 03:42:20,65705,64258,64258,64258,64258,64242
2026-05-25 03:42:30,65705,64258,64258,64258,64258,64242
2026-05-25 03:42:40,65705,64258,64258,64258,64258,64242
2026-05-25 03:42:50,58121,55054,55054,55054,55054,55238
2026-05-25 03:43:00,58123,55056,55056,55054,55056,55240
2026-05-25 03:43:10,58123,55056,55056,55056,55056,55240
2026-05-25 03:43:20,34307,19536,19536,19536,19536,19420
2026-05-25 03:43:30,34307,31540,31540,31538,31540,19420
2026-05-25 03:43:40,78167,71020,71020,71020,75380,70924
2026-05-25 03:43:51,80087,80962,80962,80962,80962,80866
2026-05-25 03:44:01,79567,80962,80962,80962,80962,80866
2026-05-25 03:44:11,64307,80962,80962,80962,80962,80866
2026-05-25 03:44:21,47607,80962,80962,80962,80962,80866
2026-05-25 03:44:31,47627,80962,80962,80962,80962,80866
2026-05-25 03:44:41,47607,80962,80962,80962,80962,80866
2026-05-25 03:44:51,47307,80962,80962,80962,80962,80866
2026-05-25 03:45:01,47327,80962,80962,80962,80962,80866
2026-05-25 03:45:11,47027,80962,80962,80962,80962,80866
2026-05-25 03:45:21,41525,80962,80962,80962,80962,80866
2026-05-25 03:45:31,37345,80962,80962,80962,80962,80866
2026-05-25 03:45:41,67087,80962,80962,80962,80962,80866
2026-05-25 03:45:51,62567,80962,80962,80962,80962,80866
2026-05-25 03:46:01,56027,80962,80962,80962,80962,80866
2026-05-25 03:46:11,55367,80962,80962,80962,80962,80866
2026-05-25 03:46:21,21345,18458,18458,18458,18458,18382
2026-05-25 03:46:31,65061,63614,63614,63614,63614,64240
2026-05-25 03:46:41,65705,64278,64278,64278,64278,64242
2026-05-25 03:46:52,65705,64278,64298,64298,64278,64242
2026-05-25 03:47:02,65705,64278,64298,64298,64278,64242
2026-05-25 03:47:12,65985,64278,64298,64298,64278,64242
2026-05-25 03:47:22,65985,64278,64298,64298,64278,64242
2026-05-25 03:47:32,65985,64278,64298,64298,64278,64242
2026-05-25 03:47:42,65985,64278,64298,64298,64278,64242
2026-05-25 03:47:52,65985,64278,64298,64298,64278,64242
2026-05-25 03:48:02,65985,64278,64298,64298,64278,64242
2026-05-25 03:48:12,65985,64278,64298,64298,64278,64242
2026-05-25 03:48:22,38161,35294,35294,35294,35294,35238
2026-05-25 03:48:33,63401,60514,60516,60514,60514,60458
2026-05-25 03:48:43,63403,60516,60516,60516,60516,60460
2026-05-25 03:48:53,63403,60516,60516,60516,60516,60460
2026-05-25 03:49:03,27981,19574,19574,19574,19574,19418
2026-05-25 03:49:13,34781,32014,32014,19574,19574,19418
2026-05-25 03:49:23,75941,73094,73154,73094,73094,73038
2026-05-25 03:49:33,76461,73696,73696,73696,73696,73540
2026-05-25 03:49:43,37701,39134,39134,39134,39134,39080
2026-05-25 03:49:54,75961,73236,69236,73236,73236,73140
2026-05-25 03:50:04,76421,73696,73696,73636,73696,73540
2026-05-25 03:50:14,46361,43694,43694,43694,43694,43578
2026-05-25 03:50:24,76421,73696,73636,73696,73696,73600
2026-05-25 03:50:34,76421,73636,73636,73696,73696,73600
2026-05-25 03:50:44,37701,39134,39134,39134,39134,39078
2026-05-25 03:50:54,75961,73176,73176,73236,73176,73140
2026-05-25 03:51:04,76421,73636,73636,73636,73696,73600
2026-05-25 03:51:14,47021,44354,44354,44354,44354,44238
2026-05-25 03:51:24,76421,73696,73636,73696,73696,73540
2026-05-25 03:51:34,76421,73696,73696,73696,73696,73540
2026-05-25 03:51:44,46361,43694,43694,43694,43694,43578
2026-05-25 03:51:54,76421,73696,73696,73696,73636,73600
2026-05-25 03:52:05,78501,79056,79056,79056,78996,78960
2026-05-25 03:52:15,62281,54674,54434,59614,59614,54338
2026-05-25 03:52:25,76421,73696,73636,73696,73696,73600
2026-05-25 03:52:35,60121,64936,64136,64716,65956,62860
2026-05-25 03:52:45,74341,70856,75496,68376,74636,74060
2026-05-25 03:52:55,76421,73696,73636,73696,73696,73540
2026-05-25 03:53:05,46301,43614,43614,43614,43614,43518
2026-05-25 03:53:15,76421,73696,73696,73636,73696,73600
2026-05-25 03:53:25,35981,33194,33194,33194,33194,32798
2026-05-25 03:53:35,65705,64218,64218,64358,64218,64282
2026-05-25 03:53:46,65705,64218,64218,64358,64218,64282
2026-05-25 03:53:56,65705,64218,64218,64358,64218,64282
2026-05-25 03:54:06,65705,64218,64218,64358,64218,64282
2026-05-25 03:54:16,65705,64218,64218,64358,64218,64282
2026-05-25 03:54:26,65705,64218,64218,64358,64218,64282
2026-05-25 03:54:36,65705,64218,64218,64358,64218,64282
2026-05-25 03:54:46,65705,64218,64218,64358,64218,64282
2026-05-25 03:54:56,65705,64218,64218,64358,64218,64282
2026-05-25 03:55:06,65705,64218,64218,64358,64218,64282
2026-05-25 03:55:16,65705,64218,64218,64358,64218,64282
2026-05-25 03:55:26,62721,59854,59854,59834,59854,59898
2026-05-25 03:55:36,62721,59854,59854,59834,59854,59898
2026-05-25 03:55:46,62723,59856,59856,59836,59856,59900
2026-05-25 03:55:56,22401,19574,19574,19574,19574,19438
2026-05-25 03:56:06,34741,29674,19574,19574,19574,19438
2026-05-25 03:56:16,34741,31954,31954,31954,23034,19438
2026-05-25 03:56:26,47381,48614,49754,47614,46794,47018
2026-05-25 03:56:36,70061,67576,69176,71336,67636,71360
2026-05-25 03:56:47,75521,72656,72716,72736,72656,72680
2026-05-25 03:56:57,80881,78016,78076,78156,78016,78040
2026-05-25 03:57:07,61941,59136,62034,59234,59574,59058
2026-05-25 03:57:17,75521,72656,72716,72796,72656,72680
2026-05-25 03:57:27,42601,39736,39734,39114,39734,39718
2026-05-25 03:57:37,75521,72716,72716,72736,72656,72680
2026-05-25 03:57:47,80881,78016,78016,78096,78016,78040
2026-05-25 03:57:57,72041,71756,76794,69314,69234,69158
2026-05-25 03:58:07,75521,72656,72716,72796,72716,72680
2026-05-25 03:58:17,46221,43236,43114,43314,43234,43358
2026-05-25 03:58:27,75521,72716,72716,72796,72656,72680
2026-05-25 03:58:38,80961,78676,78516,79516,78116,78240
2026-05-25 03:58:48,46941,44156,44154,44234,44154,44058
2026-05-25 03:58:58,75521,72716,72716,72796,72716,72620
2026-05-25 03:59:08,80881,79736,78016,78096,78016,77980
2026-05-25 03:59:18,74561,69236,69234,69314,69234,71658
2026-05-25 03:59:28,75521,72716,72656,72796,72716,72680
2026-05-25 03:59:38,41901,39036,39034,39114,39034,39018
2026-05-25 03:59:48,75521,72656,72716,72796,72716,72680
2026-05-25 03:59:58,75521,72716,72716,72736,72716,72620
2026-05-25 04:00:09,56901,54096,54094,54174,54094,54018
2026-05-25 04:00:19,34461,31674,31674,31674,31674,31598
2026-05-25 04:00:29,65703,64256,64258,64256,64256,64282
2026-05-25 04:00:39,65705,64258,64258,64258,64258,64282
2026-05-25 04:00:49,65705,64258,64258,64258,64258,64282
2026-05-25 04:00:59,65705,64258,64258,64258,64258,64282
2026-05-25 04:01:09,65705,64258,64258,64258,64258,64282
2026-05-25 04:01:19,65705,64258,64258,64258,64258,64282
2026-05-25 04:01:29,65705,64258,64258,64258,64258,64282
2026-05-25 04:01:39,65705,64258,64258,64258,64258,64282
2026-05-25 04:01:49,65705,64258,64258,64258,64258,64282
2026-05-25 04:01:59,65705,64258,64258,64258,64258,64282
2026-05-25 04:02:09,65705,64258,64258,64258,64258,64282
2026-05-25 04:02:20,65705,64258,64258,64258,64258,64282
2026-05-25 04:02:30,65705,64258,64258,64258,64258,64282
2026-05-25 04:02:40,65705,64258,64258,64258,64258,64282
2026-05-25 04:02:50,65705,64258,64258,64258,64258,64282
2026-05-25 04:03:00,65705,64258,64258,64258,64258,64282
2026-05-25 04:03:10,65705,64258,64258,64258,64258,64282
2026-05-25 04:03:20,65705,64258,64258,64258,64258,64282
2026-05-25 04:03:30,65705,64258,64258,64258,64258,64282
2026-05-25 04:03:40,65705,64258,64258,64258,64258,64282
2026-05-25 04:03:50,65705,64258,64258,64258,64258,64282
2026-05-25 04:04:00,65705,64258,64258,64258,64258,64282
2026-05-25 04:04:11,65705,64258,64258,64258,64258,64282
2026-05-25 04:04:21,65705,64258,64258,64258,64258,64282
2026-05-25 04:04:31,65705,64258,64258,64258,64258,64282
2026-05-25 04:04:41,65705,64258,64258,64258,64258,64282
2026-05-25 04:04:51,38221,35334,35334,35334,35334,35378
2026-05-25 04:05:01,63603,60734,60734,60736,60734,60780
2026-05-25 04:05:12,63603,60736,60736,60736,60736,60780
2026-05-25 04:05:22,60003,56576,59776,59836,29736,29800
2026-05-25 04:05:32,22401,19534,19534,19534,19534,19438
2026-05-25 04:05:42,34821,32014,32014,19534,19534,19438
2026-05-25 04:05:52,49781,43894,46974,46974,46974,46858
2026-05-25 04:06:03,76661,73776,73836,73836,73776,73800
2026-05-25 04:06:13,78701,79136,79136,79196,79196,79160
2026-05-25 04:06:23,67621,63214,64894,64894,64894,64820
2026-05-25 04:06:33,76621,73836,73776,73836,73776,73860
2026-05-25 04:06:43,37721,39094,39094,39094,39094,39098
2026-05-25 04:06:53,76161,73316,73376,73376,73376,73400
2026-05-25 04:07:03,76621,73836,73776,73836,73776,73800
2026-05-25 04:07:13,62901,62556,62496,62876,61016,62740
2026-05-25 04:07:23,74821,65656,72396,74316,73156,75680
2026-05-25 04:07:33,76621,73836,73836,73776,73836,73800
2026-05-25 04:07:44,46521,43814,43814,43814,43814,43738
2026-05-25 04:07:54,76621,73836,73776,73836,73836,73800
2026-05-25 04:08:04,67301,66216,67756,68256,66296,65300
2026-05-25 04:08:14,52021,48954,49074,49294,49294,50358
2026-05-25 04:08:24,76621,73776,73836,73836,73836,73860
2026-05-25 04:08:34,42721,40516,39856,42076,38876,42320
2026-05-25 04:08:44,76161,73376,73316,73376,73316,73400
2026-05-25 04:08:54,76621,73836,73836,73776,73836,73860
2026-05-25 04:09:04,47261,44534,44534,44534,44534,44478
2026-05-25 04:09:14,72161,68516,68156,65396,65616,65520
2026-05-25 04:09:24,76621,73776,73836,73836,73836,73860
2026-05-25 04:09:35,46321,43614,43614,43614,43614,43538
2026-05-25 04:09:45,76621,73836,73836,73836,73776,73860
2026-05-25 04:09:55,35981,33194,33194,33194,33194,32798
2026-05-25 04:10:05,65705,64218,64218,64358,64218,64282
2026-05-25 04:10:15,65705,64218,64218,64358,64218,64282
2026-05-25 04:10:25,65705,64218,64218,64358,64218,64282
2026-05-25 04:10:35,65705,64218,64218,64358,64218,64282
2026-05-25 04:10:45,65705,64218,64218,64358,64218,64282
2026-05-25 04:10:55,65705,64218,64218,64358,64218,64282
2026-05-25 04:11:05,65705,64218,64218,64358,64218,64282
2026-05-25 04:11:15,65705,64218,64218,64358,64218,64282
2026-05-25 04:11:25,65705,64218,64218,64358,64218,64282
2026-05-25 04:11:36,65705,64218,64218,64358,64218,64282
2026-05-25 04:11:46,65705,64218,64218,64358,64218,64282
2026-05-25 04:11:56,65705,64218,64218,64358,64218,64282
2026-05-25 04:12:06,65705,64218,64218,64358,64218,64282
2026-05-25 04:12:16,65705,64218,64218,64358,64218,64282
2026-05-25 04:12:26,65705,64218,64218,64358,64218,64282
2026-05-25 04:12:36,65705,64218,64218,64358,64218,64282
2026-05-25 04:12:46,65705,64218,64218,64358,64218,64282
2026-05-25 04:12:56,65705,64218,64218,64358,64218,64282
2026-05-25 04:13:06,65705,64218,64218,64358,64218,64282
2026-05-25 04:13:16,65705,64218,64218,64358,64218,64282
2026-05-25 04:13:26,65705,64218,64218,64358,64218,64282
2026-05-25 04:13:36,65705,64218,64218,64358,64218,64282
2026-05-25 04:13:46,65705,64218,64218,64358,64218,64282
2026-05-25 04:13:56,65705,64218,64218,64358,64218,64282
2026-05-25 04:14:06,37261,34414,34414,34394,34414,34418
2026-05-25 04:14:16,60201,56474,56474,57334,56474,57378
2026-05-25 04:14:26,60203,56474,56476,57336,56474,57378
2026-05-25 04:14:36,60203,56476,56476,57336,56476,57380
2026-05-25 04:14:47,28305,19536,19536,19536,19536,19440
2026-05-25 04:14:57,34487,31720,31720,31720,19536,19440
2026-05-25 04:15:07,72887,73660,74000,72300,73560,72786
2026-05-25 04:15:17,72527,79602,79602,79602,79602,79546
2026-05-25 04:15:27,80247,72302,71202,69742,71122,69446
2026-05-25 04:15:37,67207,66502,63602,64282,67782,65386
2026-05-25 04:15:47,72467,79602,79602,79602,79602,79506
2026-05-25 04:15:57,65087,67522,63082,63082,67762,62986
2026-05-25 04:16:07,72467,79762,79762,79762,79762,79686
2026-05-25 04:16:17,65087,67582,65942,68182,67902,64986
2026-05-25 04:16:28,72467,79602,79602,79602,79602,79506
2026-05-25 04:16:38,41645,34700,34700,34700,34700,34624
2026-05-25 04:16:48,72467,79762,79762,79762,79762,79686
2026-05-25 04:16:58,38527,41282,40982,41922,41202,41466
2026-05-25 04:17:08,72467,79602,79602,79602,79602,79506
2026-05-25 04:17:18,37965,35202,39702,40082,39262,40926
2026-05-25 04:17:28,72467,79762,79762,79762,79762,79686
2026-05-25 04:17:38,72467,79602,79602,79602,79602,79506
2026-05-25 04:17:48,64387,61402,58402,58402,58402,58306
2026-05-25 04:17:58,72467,79762,79762,79762,79762,79686
2026-05-25 04:18:08,60407,58562,58562,58562,61442,58486
2026-05-25 04:18:19,72467,79602,79602,79602,79602,79506
2026-05-25 04:18:29,65087,63082,63082,63082,63082,58306
2026-05-25 04:18:39,72467,79762,79762,79762,79762,79686
2026-05-25 04:18:49,35981,32854,32854,32854,32854,33098
2026-05-25 04:18:59,65865,64278,64278,64278,64278,64322
2026-05-25 04:19:09,65865,64278,64278,64278,64278,64322
2026-05-25 04:19:19,65865,64298,64298,64278,64278,64322
2026-05-25 04:19:29,65865,64298,64298,64278,64278,64322
2026-05-25 04:19:39,65865,64298,64298,64278,64278,64322
2026-05-25 04:19:49,65865,64298,64298,64278,64278,64322
2026-05-25 04:19:59,65865,64298,64298,64278,64278,64322
2026-05-25 04:20:09,65865,64298,64298,64278,64278,64322
2026-05-25 04:20:20,65865,64298,64298,64278,64278,64322
2026-05-25 04:20:30,65865,64298,64298,64278,64278,64322
2026-05-25 04:20:40,65865,64298,64298,64278,64278,64322
2026-05-25 04:20:50,65865,64298,64298,64278,64278,64322
2026-05-25 04:21:00,65865,64298,64298,64278,64278,64322
2026-05-25 04:21:10,65865,64298,64298,64278,64278,64322
2026-05-25 04:21:20,65865,64298,64298,64278,64278,64322
2026-05-25 04:21:30,65865,64298,64298,64278,64278,64322
2026-05-25 04:21:40,65865,64298,64298,64278,64278,64322
2026-05-25 04:21:50,65865,64298,64298,64278,64278,64322
2026-05-25 04:22:00,65865,64298,64298,64278,64278,64322
2026-05-25 04:22:10,65865,64298,64298,64278,64278,64322
2026-05-25 04:22:20,65865,64298,64298,64278,64278,64322
2026-05-25 04:22:30,65865,64298,64298,64278,64278,64322
2026-05-25 04:22:41,65865,64298,64298,64278,64278,64322
2026-05-25 04:22:51,65865,64298,64298,64278,64278,64322
2026-05-25 04:23:01,65865,64298,64298,64278,64278,64322
2026-05-25 04:23:11,65865,64298,64298,64278,64278,64322
2026-05-25 04:23:21,64781,61594,61594,61594,61594,61818
2026-05-25 04:23:31,64783,61594,61594,61596,61596,61820
2026-05-25 04:23:41,64783,61596,61596,61596,61596,61820
2026-05-25 04:23:51,22381,19554,19554,19554,19554,19438
2026-05-25 04:24:01,35301,19554,19554,19554,19554,19438
2026-05-25 04:24:11,35301,32494,32494,19554,19554,19438
2026-05-25 04:24:21,35301,32494,32494,32494,32494,32358
2026-05-25 04:24:31,78021,75176,75236,75236,75236,75060
2026-05-25 04:24:41,78061,75236,75236,75236,75236,75060
2026-05-25 04:24:51,37921,39254,39256,39256,39256,39180
2026-05-25 04:25:01,77601,70776,74276,70776,70776,70660
2026-05-25 04:25:11,78061,75176,75176,75236,75236,75120
2026-05-25 04:25:21,40641,40094,39456,39956,40034,42860
2026-05-25 04:25:31,68241,66596,68016,70776,66216,66900
2026-05-25 04:25:41,78001,75176,75176,75236,75236,75120
2026-05-25 04:25:52,77061,76576,76676,77156,77096,77400
2026-05-25 04:26:02,46941,44174,44176,44176,44174,44020
2026-05-25 04:26:12,78061,75236,75176,75236,75236,75060
2026-05-25 04:26:22,78061,75236,75236,75236,75176,75060
2026-05-25 04:26:32,46521,43774,43776,43776,43774,43620
2026-05-25 04:26:42,78061,75236,75236,75176,75176,75120
2026-05-25 04:26:52,78061,75176,75236,75236,75176,75060
2026-05-25 04:27:02,80081,80596,80596,80596,80536,80420
2026-05-25 04:27:12,47141,44394,44396,44396,44394,44240
2026-05-25 04:27:22,78061,75176,75176,75236,75176,75120
2026-05-25 04:27:33,78061,75236,75176,75236,75236,75060
2026-05-25 04:27:43,46941,44174,44176,44176,44174,44020
2026-05-25 04:27:53,78061,75236,75236,75236,75236,75060
2026-05-25 04:28:03,78061,75236,75236,75236,75236,75060
2026-05-25 04:28:13,75181,74816,76016,75516,75836,75040
2026-05-25 04:28:23,63181,60434,60436,60436,60434,64660
2026-05-25 04:28:33,29401,26614,26614,26614,30774,30718
2026-05-25 04:28:43,65703,64196,64198,64196,64196,64262
2026-05-25 04:28:53,65705,64198,64198,64198,64198,64262
2026-05-25 04:29:03,65705,64198,64198,64198,64198,64262
2026-05-25 04:29:13,65705,64198,64198,64198,64198,64262
2026-05-25 04:29:23,65705,64198,64198,64198,64198,64262
2026-05-25 04:29:33,65705,64198,64198,64198,64198,64262
2026-05-25 04:29:44,65705,64198,64198,64198,64198,64262
2026-05-25 04:29:54,65705,64198,64198,64198,64198,64262
2026-05-25 04:30:04,65705,64198,64198,64198,64198,64262
2026-05-25 04:30:14,65705,64198,64198,64198,64198,64262
2026-05-25 04:30:24,65705,64198,64198,64198,64198,64262
2026-05-25 04:30:34,65705,64198,64198,64198,64198,64262
2026-05-25 04:30:44,65705,64198,64198,64198,64198,64262
2026-05-25 04:30:54,65705,64198,64198,64198,64198,64262
2026-05-25 04:31:04,65705,64198,64198,64198,64198,64262
2026-05-25 04:31:15,65705,64198,64198,64198,64198,64262
2026-05-25 04:31:25,65705,64198,64198,64198,64198,64262
2026-05-25 04:31:35,65705,64198,64198,64198,64198,64262
2026-05-25 04:31:45,65705,64198,64198,64198,64198,64262
2026-05-25 04:31:55,65705,64198,64198,64198,64198,64262
2026-05-25 04:32:05,65705,64198,64198,64198,64198,64262
2026-05-25 04:32:15,65705,64198,64198,64198,64198,64262
2026-05-25 04:32:25,65705,64198,64198,64198,64198,64262
2026-05-25 04:32:35,65705,64198,64198,64198,64198,64262
2026-05-25 04:32:45,65705,64198,64198,64198,64198,64262
2026-05-25 04:32:56,65705,64198,64198,64198,64198,64262
2026-05-25 04:33:06,65705,64198,64198,64198,64198,64262
2026-05-25 04:33:16,65705,64198,64198,64198,64198,64262
2026-05-25 04:33:26,65705,64198,64198,64198,64198,64262
2026-05-25 04:33:36,65705,64198,64198,64198,64198,64262
2026-05-25 04:33:46,65705,64198,64198,64198,64198,64262
2026-05-25 04:33:56,65705,64198,64198,64198,64198,64262
2026-05-25 04:34:06,62821,59974,59974,59974,59974,59918
2026-05-25 04:34:16,62823,59976,59976,59976,59976,59920
2026-05-25 04:34:26,62823,59976,59976,59976,59976,59920
2026-05-25 04:34:36,22401,19514,19514,19514,19514,19418
2026-05-25 04:34:46,34741,31954,19514,19514,19514,19418
2026-05-25 04:34:56,34741,31954,31954,31954,31954,19418
2026-05-25 04:35:06,46421,42554,42554,42554,42554,42318
2026-05-25 04:35:16,67101,64076,64396,64394,64314,64238
2026-05-25 04:35:26,75761,73036,72976,73036,73036,72920
2026-05-25 04:35:36,45881,43256,43254,43254,43254,43018
2026-05-25 04:35:47,75761,73036,72976,72976,73036,72860
2026-05-25 04:35:57,81121,78396,78396,78756,78336,78660
2026-05-25 04:36:07,70141,64396,59314,64394,64394,64238
2026-05-25 04:36:17,75761,72976,73036,73036,73036,72920
2026-05-25 04:36:27,41901,39116,39114,39114,39114,39038
2026-05-25 04:36:37,75761,73036,73036,73036,72516,72920
2026-05-25 04:36:47,76921,74736,75116,75116,75116,74920
2026-05-25 04:36:57,47401,44696,44694,44694,44754,44538
2026-05-25 04:37:07,75761,73036,73036,73036,72976,72860
2026-05-25 04:37:17,47581,45836,45596,47196,44136,45260
2026-05-25 04:37:27,46621,43916,43914,43914,43914,43758
2026-05-25 04:37:38,75761,73036,73036,72976,73036,72920
2026-05-25 04:37:48,54001,54756,55156,51756,54896,53960
2026-05-25 04:37:58,75301,72576,68576,68576,68576,68460
2026-05-25 04:38:08,75761,73036,72976,73036,73036,72920
2026-05-25 04:38:18,49321,47656,46614,46834,46614,46458
2026-05-25 04:38:28,75761,73036,73036,73036,73036,72860
2026-05-25 04:38:38,77221,73576,75036,74676,73876,74540
2026-05-25 04:38:48,72501,72016,72014,73134,69474,71858
2026-05-25 04:38:58,35981,32874,32874,32874,32874,32798
2026-05-25 04:39:08,65705,64258,64238,64258,64258,64282
2026-05-25 04:39:19,65705,64258,64238,64258,64258,64282
2026-05-25 04:39:29,65705,64258,64258,64258,64258,64282
2026-05-25 04:39:39,65705,64258,64258,64258,64258,64282
2026-05-25 04:39:49,65705,64258,64258,64258,64258,64282
2026-05-25 04:39:59,65705,64258,64258,64258,64258,64282
2026-05-25 04:40:09,65705,64258,64258,64258,64258,64282
2026-05-25 04:40:19,65705,64258,64258,64258,64258,64282
2026-05-25 04:40:29,65705,64258,64258,64258,64258,64282
2026-05-25 04:40:39,65705,64258,64258,64258,64258,64282
2026-05-25 04:40:49,65705,64258,64258,64258,64258,64282
2026-05-25 04:40:59,65705,64258,64258,64258,64258,64282
2026-05-25 04:41:09,65705,64258,64258,64258,64258,64282
2026-05-25 04:41:19,65705,64258,64258,64258,64258,64282
2026-05-25 04:41:30,65705,64258,64258,64258,64258,64282
2026-05-25 04:41:40,37421,34534,34534,34534,34534,34578
2026-05-25 04:41:50,60721,57834,57834,57834,57834,57878
2026-05-25 04:42:00,60723,57836,57836,57836,57836,57880
2026-05-25 04:42:10,60723,57836,57836,57836,41476,41040
2026-05-25 04:42:20,34527,19536,19536,19536,19536,19440
2026-05-25 04:42:30,34527,31760,31760,31760,19536,19440
2026-05-25 04:42:40,50507,52220,54200,54322,52222,54926
2026-05-25 04:42:50,73007,80682,80682,80682,80682,80566
2026-05-25 04:43:00,62267,65762,62602,64242,63462,63446
2026-05-25 04:43:10,72547,80122,80122,80122,80122,80106
2026-05-25 04:43:21,73987,76062,76722,75842,76062,75786
2026-05-25 04:43:31,68605,80082,80082,80082,80082,79966
2026-05-25 04:43:41,73007,80282,80282,80282,80282,80266
2026-05-25 04:43:51,45927,44160,44160,44162,44162,44006
2026-05-25 04:44:01,73007,80382,80382,80382,80382,80186
2026-05-25 04:44:11,41605,34798,34798,34800,34800,34624
2026-05-25 04:44:21,73007,80242,80242,80242,80242,80266
2026-05-25 04:44:31,49367,53742,51682,51562,50722,52006
2026-05-25 04:44:41,70167,68360,70720,68362,75482,68246
2026-05-25 04:44:51,73007,80242,80242,80242,80242,80126
2026-05-25 04:45:01,50247,47800,49040,47802,49242,49186
2026-05-25 04:45:11,73007,80382,80382,80382,80382,80126
2026-05-25 04:45:21,46107,44180,44180,44182,44182,44026
2026-05-25 04:45:31,73007,80242,80242,80242,80242,80126
2026-05-25 04:45:41,54267,55482,54942,53062,54402,53986
2026-05-25 04:45:52,73007,80382,80382,80382,80382,80126
2026-05-25 04:46:02,66027,65322,66542,67362,67942,67606
2026-05-25 04:46:12,68605,80082,80082,80082,80082,79966
2026-05-25 04:46:22,35961,32874,32874,32874,32874,33098
2026-05-25 04:46:32,65865,64198,64198,64198,64198,64382
2026-05-25 04:46:42,65865,64198,64198,64198,64198,64382
2026-05-25 04:46:52,65865,64198,64218,64218,64218,64382
2026-05-25 04:47:02,65865,64198,64218,64218,64218,64382
2026-05-25 04:47:12,65865,64198,64218,64218,64218,64382
2026-05-25 04:47:22,65865,64198,64218,64218,64218,64382
2026-05-25 04:47:32,65865,64198,64218,64218,64218,64382
2026-05-25 04:47:42,65865,64198,64218,64218,64218,64382
2026-05-25 04:47:52,65865,64198,64218,64218,64218,64382
2026-05-25 04:48:03,65865,64198,64218,64218,64218,64382
2026-05-25 04:48:13,65865,64198,64218,64218,64218,64382
2026-05-25 04:48:23,38981,36054,36054,36054,36054,36058
2026-05-25 04:48:33,66221,63274,63276,63274,63274,63300
2026-05-25 04:48:43,66223,63276,63276,63276,63276,63300
2026-05-25 04:48:53,66223,63276,63276,63276,63276,63300
2026-05-25 04:49:03,22401,19554,19554,19554,19554,19438
2026-05-25 04:49:13,35461,32634,19554,19554,19554,19438
2026-05-25 04:49:23,35461,32634,32634,32634,21174,19438
2026-05-25 04:49:33,43061,79714,79714,79714,79714,79680
2026-05-25 04:49:43,54981,36594,34294,37536,36116,33120
2026-05-25 04:49:53,55301,47154,45754,45696,45276,47240
2026-05-25 04:50:04,43541,76976,76916,76976,76916,76960
2026-05-25 04:50:14,45621,76976,76916,76976,76916,76960
2026-05-25 04:50:24,55141,54996,52816,51756,52476,52000
2026-05-25 04:50:34,55261,45194,45194,45196,45196,45140
2026-05-25 04:50:44,42801,76976,76976,76976,76976,76900
2026-05-25 04:50:54,45161,76916,76916,76976,76976,76960
2026-05-25 04:51:04,45621,76916,76976,76976,76916,76900
2026-05-25 04:51:14,55141,55676,54976,56436,53616,52280
2026-05-25 04:51:24,62321,52594,55594,52376,53276,52780
2026-05-25 04:51:34,41001,76976,76916,76916,76916,76960
2026-05-25 04:51:44,45621,76976,76976,76916,76916,76960
2026-05-25 04:51:55,55141,71496,71516,71436,70816,71220
2026-05-25 04:52:05,55141,39334,39334,39336,39336,39280
2026-05-25 04:52:15,67001,80816,80814,80816,80316,80760
2026-05-25 04:52:25,45621,76916,76916,76976,76916,76900
2026-05-25 04:52:35,45621,76976,76976,76916,76976,76900
2026-05-25 04:52:45,55261,43574,43554,43576,43576,43660
2026-05-25 04:52:55,72581,67076,70596,68776,71536,70920
2026-05-25 04:53:05,45621,76976,76916,76916,76916,76960
2026-05-25 04:53:15,45621,76916,76976,76976,76976,76960
2026-05-25 04:53:26,55141,39376,43796,43516,40416,43800
2026-05-25 04:53:36,67921,61274,60034,60876,61276,57600
2026-05-25 04:53:46,44701,76976,76916,76976,76976,76960
2026-05-25 04:53:56,35981,32854,32854,32854,32854,32798
2026-05-25 04:54:06,65705,64198,64298,64198,64198,64242
2026-05-25 04:54:16,65705,64198,64298,64198,64198,64242
2026-05-25 04:54:26,65705,64198,64298,64198,64198,64242
2026-05-25 04:54:36,65705,64198,64298,64198,64198,64242
2026-05-25 04:54:46,65705,64198,64298,64198,64198,64242
2026-05-25 04:54:56,65705,64198,64298,64198,64198,64242
2026-05-25 04:55:06,65705,64198,64298,64198,64198,64242
2026-05-25 04:55:16,65705,64198,64298,64198,64198,64242
2026-05-25 04:55:26,65705,64198,64298,64198,64198,64242
2026-05-25 04:55:36,65705,64198,64298,64198,64198,64242
2026-05-25 04:55:46,65705,64198,64298,64198,64198,64242
2026-05-25 04:55:56,65705,64198,64298,64198,64198,64242
2026-05-25 04:56:06,65705,64198,64298,64198,64198,64242
2026-05-25 04:56:16,65705,64198,64298,64198,64198,64242
2026-05-25 04:56:27,65705,64198,64298,64198,64198,64242
2026-05-25 04:56:37,65705,64198,64298,64198,64198,64242
2026-05-25 04:56:47,65705,64198,64298,64198,64198,64242
2026-05-25 04:56:57,65705,64198,64298,64198,64198,64242
2026-05-25 04:57:07,65705,64198,64298,64198,64198,64242
2026-05-25 04:57:17,65705,64198,64298,64198,64198,64242
2026-05-25 04:57:27,65705,64198,64298,64198,64198,64242
2026-05-25 04:57:37,65705,64198,64298,64198,64198,64242
2026-05-25 04:57:47,65705,64198,64298,64198,64198,64242
2026-05-25 04:57:57,65705,64198,64298,64198,64198,64242
2026-05-25 04:58:07,65705,64198,64298,64198,64198,64242
2026-05-25 04:58:17,65705,64198,64298,64198,64198,64242
2026-05-25 04:58:27,65705,64198,64298,64198,64198,64242
2026-05-25 04:58:38,65705,64198,64298,64198,64198,64242
2026-05-25 04:58:48,65705,64198,64298,64198,64198,64242
2026-05-25 04:58:58,65705,64198,64298,64198,64198,64242
2026-05-25 04:59:08,65705,64198,64298,64198,64198,64242
2026-05-25 04:59:18,65705,64198,64298,64198,64198,64242
2026-05-25 04:59:28,50025,52058,55998,54138,56918,56002
2026-05-25 04:59:38,60341,57474,57474,57474,57474,57418
2026-05-25 04:59:48,60343,57476,57476,57474,57476,57420
2026-05-25 04:59:58,60343,57476,57476,57476,57476,57420
2026-05-25 05:00:08,25025,19516,19516,19516,19516,19420
2026-05-25 05:00:18,34487,31720,31720,31720,19516,19420
2026-05-25 05:00:28,76047,73220,73220,73220,73220,73124
2026-05-25 05:00:38,78447,67940,67940,70300,67940,67126
2026-05-25 05:00:49,72767,79902,79902,79902,79902,80226
2026-05-25 05:00:59,62227,61820,58500,60480,59360,61226
2026-05-25 05:01:09,72767,80002,80002,80002,80002,79826
2026-05-25 05:01:19,45727,44080,44080,44080,44080,44026
2026-05-25 05:01:29,72767,79902,79902,79902,79902,79826
2026-05-25 05:01:39,45667,44080,44080,44080,44080,43986
2026-05-25 05:01:49,72767,79982,79982,79982,79982,79926
2026-05-25 05:01:59,42345,38858,43018,38858,38858,43664
2026-05-25 05:02:09,72767,79902,79902,79902,79902,79826
2026-05-25 05:02:19,59027,63322,62182,62162,64402,63206
2026-05-25 05:02:30,72767,79982,79982,79982,79982,79926
2026-05-25 05:02:40,60827,63202,61982,61722,63662,60766
2026-05-25 05:02:50,69425,79742,79742,79742,79742,79666
2026-05-25 05:03:00,68987,69922,71222,69382,69742,70046
2026-05-25 05:03:10,72307,79822,79822,79822,79822,79766
2026-05-25 05:03:20,79307,76202,75802,74582,74242,75226
2026-05-25 05:03:31,65207,63220,63220,63220,63220,63146
2026-05-25 05:03:41,72767,79982,79982,79982,79982,79806
2026-05-25 05:03:51,65127,58580,58580,58740,60940,58526
2026-05-25 05:04:01,72767,79902,79902,79902,79902,79806
2026-05-25 05:04:11,35981,32854,32854,32854,32854,33098
2026-05-25 05:04:21,65825,64278,64278,64298,64298,64282
2026-05-25 05:04:31,65825,64278,64278,64298,64298,64282
2026-05-25 05:04:42,65825,64298,64298,64298,64298,64282
2026-05-25 05:04:52,65825,64298,64298,64298,64298,64282
2026-05-25 05:05:02,65825,64298,64298,64298,64298,64282
2026-05-25 05:05:12,65825,64298,64298,64298,64298,64282
2026-05-25 05:05:22,65825,64298,64298,64298,64298,64282
2026-05-25 05:05:32,65825,64298,64298,64298,64298,64282
2026-05-25 05:05:42,65825,64298,64298,64298,64298,64282
2026-05-25 05:05:52,65825,64298,64298,64298,64298,64282
2026-05-25 05:06:02,65825,64298,64298,64298,64298,64282
2026-05-25 05:06:12,65825,64298,64298,64298,64298,64282
2026-05-25 05:06:22,65825,64298,64298,64298,64298,64282
2026-05-25 05:06:32,65825,64298,64298,64298,64298,64282
2026-05-25 05:06:42,65825,64298,64298,64298,64298,64282
2026-05-25 05:06:52,65825,64298,64298,64298,64298,64282
2026-05-25 05:07:02,65825,64298,64298,64298,64298,64282
2026-05-25 05:07:13,65825,64298,64298,64298,64298,64282
2026-05-25 05:07:23,65825,64298,64298,64298,64298,64282
2026-05-25 05:07:33,65825,64298,64298,64298,64298,64282
2026-05-25 05:07:43,65825,64298,64298,64298,64298,64282
2026-05-25 05:07:53,65825,64298,64298,64298,64298,64282
2026-05-25 05:08:03,65825,64298,64298,64298,64298,64282
2026-05-25 05:08:13,65825,64298,64298,64298,64298,64282
2026-05-25 05:08:23,65825,64298,64298,64298,64298,64282
2026-05-25 05:08:33,65825,64298,64298,64298,64298,64282
2026-05-25 05:08:44,65825,64298,64298,64298,64298,64282
2026-05-25 05:08:54,65825,64298,64298,64298,64298,64282
2026-05-25 05:09:04,65825,64298,64298,64298,64298,64282
2026-05-25 05:09:14,60181,57594,57594,57594,57594,57438
2026-05-25 05:09:24,60181,57594,57596,57594,57594,57540
2026-05-25 05:09:34,60183,57596,57596,57596,57596,57540
2026-05-25 05:09:45,22383,19536,19536,19536,19536,19420
2026-05-25 05:09:55,34487,31740,31740,20716,19536,19420
2026-05-25 05:10:05,75187,72360,72360,72420,72420,72264
2026-05-25 05:10:15,46467,44400,44400,44400,44400,44326
2026-05-25 05:10:26,72967,80242,80242,80242,80242,79986
2026-05-25 05:10:36,46147,44080,44080,44080,44080,44026
2026-05-25 05:10:46,73107,80162,80162,80162,80162,79846
2026-05-25 05:10:56,78107,80222,80222,80222,80222,80006
2026-05-25 05:11:06,65627,63380,63540,63380,63380,63266
2026-05-25 05:11:16,72967,80102,80102,80102,80102,80006
2026-05-25 05:11:26,55867,53860,53860,53860,54760,53766
2026-05-25 05:11:36,72967,80102,80102,80102,80102,80006
2026-05-25 05:11:46,58267,63622,58142,61122,59882,60206
2026-05-25 05:11:56,72967,80122,80122,80122,80122,80006
2026-05-25 05:12:06,71267,72422,73022,73002,73442,73486
2026-05-25 05:12:16,69627,80062,80062,80062,80062,79846
2026-05-25 05:12:27,73047,72562,73242,73182,72342,72786
2026-05-25 05:12:37,71987,80082,80082,80082,80082,79846
2026-05-25 05:12:47,72967,80102,80102,80102,80102,80146
2026-05-25 05:12:57,45647,44100,44100,44100,44100,43986
2026-05-25 05:13:07,72967,80102,80102,80102,80102,80146
2026-05-25 05:13:17,42345,43738,43038,43218,43738,43624
2026-05-25 05:13:27,72967,80082,80082,80082,80082,80146
2026-05-25 05:13:37,39127,40400,40182,39000,37342,37626
2026-05-25 05:13:47,22285,22958,23178,22458,22758,22862
2026-05-25 05:13:58,42481,41114,63616,39954,38614,63600
2026-05-25 05:14:08,65825,64278,64278,64278,64298,64382
2026-05-25 05:14:18,65825,64280,64298,64298,64298,64382
2026-05-25 05:14:28,65825,64280,64298,64298,64298,64382
2026-05-25 05:14:38,65825,64300,64298,64298,64298,64382
2026-05-25 05:14:49,65825,64300,64298,64298,64298,64382
2026-05-25 05:14:59,65825,64300,64298,64298,64298,64382
2026-05-25 05:15:09,65825,64300,64298,64298,64298,64382
2026-05-25 05:15:19,65825,64300,64298,64298,64298,64382
2026-05-25 05:15:29,65825,64300,64298,64298,64298,64382
2026-05-25 05:15:39,65825,64300,64298,64298,64298,64382
2026-05-25 05:15:50,65825,64300,64298,64298,64298,64382
2026-05-25 05:16:00,65825,64300,64298,64298,64298,64382
2026-05-25 05:16:10,65825,64300,64298,64298,64298,64382
2026-05-25 05:16:20,65825,64300,64298,64298,64298,64382
2026-05-25 05:16:30,65825,64300,64298,64298,64298,64382
2026-05-25 05:16:40,65825,64300,64298,64298,64298,64382
2026-05-25 05:16:50,65825,64300,64298,64298,64298,64382
2026-05-25 05:17:00,65825,64300,64298,64298,64298,64382
2026-05-25 05:17:10,65825,64300,64298,64298,64298,64382
2026-05-25 05:17:20,65825,64300,64298,64298,64298,64382
2026-05-25 05:17:30,65825,64300,64298,64298,64298,64382
2026-05-25 05:17:40,65825,64300,64298,64298,64298,64382
2026-05-25 05:17:50,65825,64300,64298,64298,64298,64382
2026-05-25 05:18:01,65825,64300,64298,64298,64298,64382
2026-05-25 05:18:11,65825,64300,64298,64298,64298,64382
2026-05-25 05:18:21,65825,64300,64298,64298,64298,64382
2026-05-25 05:18:31,65825,64300,64298,64298,64298,64382
2026-05-25 05:18:41,65825,64300,64298,64298,64298,64382
2026-05-25 05:18:51,65825,64300,64298,64298,64298,64382
2026-05-25 05:19:01,65825,64300,64298,64298,64298,64382
2026-05-25 05:19:11,51201,60334,49834,53574,52674,56978
2026-05-25 05:19:21,63241,60334,60334,60334,60334,60278
2026-05-25 05:19:31,63243,60336,60336,60336,60336,60280
2026-05-25 05:19:41,22381,19574,19574,19574,19574,19418
2026-05-25 05:19:51,34781,19574,19574,19574,19574,19418
2026-05-25 05:20:01,34781,31974,31974,23714,19574,19418
2026-05-25 05:20:12,77681,74894,74894,74894,75094,74838
2026-05-25 05:20:22,44881,44496,45976,42736,42476,46300
2026-05-25 05:20:32,75701,68976,72976,68976,72916,68900
2026-05-25 05:20:42,76161,73436,73376,73436,73376,73360
2026-05-25 05:20:52,46421,43754,43754,43754,43754,43620
2026-05-25 05:21:02,76161,73436,73376,73376,73436,73360
2026-05-25 05:21:13,53921,55816,55856,55156,54316,56780
2026-05-25 05:21:23,72241,65456,64536,66416,64896,68900
2026-05-25 05:21:33,76161,73436,73436,73376,73436,73360
2026-05-25 05:21:43,46741,44074,44074,44074,44074,43938
2026-05-25 05:21:53,76161,73436,73436,73436,73436,73300
2026-05-25 05:22:03,60061,59496,58776,58896,58696,59960
2026-05-25 05:22:14,46221,43554,43554,43554,43554,43418
2026-05-25 05:22:24,76161,73376,73376,73436,73376,73360
2026-05-25 05:22:34,72041,73556,71856,72296,71856,72760
2026-05-25 05:22:44,73621,80796,77756,76936,80016,77318
2026-05-25 05:22:54,76161,73376,73436,73436,73436,73360
2026-05-25 05:23:04,45241,42774,42774,42774,42774,42938
2026-05-25 05:23:14,80921,77454,77456,77456,77454,72660
2026-05-25 05:23:24,76161,73436,73376,73436,73436,73360
2026-05-25 05:23:34,37721,39134,39134,39134,39134,39058
2026-05-25 05:23:44,76161,73436,73436,73436,73436,73300
2026-05-25 05:23:54,76161,73376,73436,73436,73436,73360
2026-05-25 05:24:05,46861,44074,44074,44074,19214,18738
2026-05-25 05:24:15,41161,38214,41154,37914,34954,52660
2026-05-25 05:24:25,65705,64218,64218,64218,64218,64282
2026-05-25 05:24:35,65705,64218,64218,64218,64218,64282
2026-05-25 05:24:45,65705,64218,64218,64218,64218,64282
2026-05-25 05:24:55,65705,64218,64218,64218,64218,64282
2026-05-25 05:25:05,65705,64218,64218,64218,64218,64282
2026-05-25 05:25:15,65705,64218,64218,64218,64218,64282
2026-05-25 05:25:25,65705,64218,64218,64218,64218,64282
2026-05-25 05:25:35,65705,64218,64218,64218,64218,64282
2026-05-25 05:25:45,65705,64218,64218,64218,64218,64282
2026-05-25 05:25:55,65705,64218,64218,64218,64218,64282
2026-05-25 05:26:06,65705,64218,64218,64218,64218,64282
2026-05-25 05:26:16,65705,64218,64218,64218,64218,64282
2026-05-25 05:26:26,65705,64218,64218,64218,64218,64282
2026-05-25 05:26:36,65705,64218,64218,64218,64218,64282
2026-05-25 05:26:46,65705,64218,64218,64218,64218,64282
2026-05-25 05:26:56,65705,64218,64218,64218,64218,64282
2026-05-25 05:27:06,65705,64218,64218,64218,64218,64282
2026-05-25 05:27:16,65705,64218,64218,64218,64218,64282
2026-05-25 05:27:26,65705,64218,64218,64218,64218,64282
2026-05-25 05:27:36,58865,59298,61398,62358,63598,64042
2026-05-25 05:27:46,60101,57254,57254,57254,57254,57258
2026-05-25 05:27:56,60101,57254,57254,57254,57254,57260
2026-05-25 05:28:06,60103,57256,57256,57256,57256,57260
2026-05-25 05:28:16,32685,19536,19536,19536,19536,19440
2026-05-25 05:28:26,34467,31720,31720,31720,19536,19440
2026-05-25 05:28:36,63787,67880,67560,67040,67380,66384
2026-05-25 05:28:46,72307,79402,79402,79402,79402,79306
2026-05-25 05:28:56,48567,48702,52122,52562,52862,50686
2026-05-25 05:29:07,71807,79542,79542,79542,79542,79426
2026-05-25 05:29:17,53447,56782,56382,57582,55882,55406
2026-05-25 05:29:27,77367,75042,79262,75322,79262,74486
2026-05-25 05:29:37,77627,79422,79422,79422,79422,79426
2026-05-25 05:29:47,63927,79282,79282,79282,79282,79166
2026-05-25 05:29:57,77627,79402,79402,79402,79402,79306
2026-05-25 05:30:07,77867,79262,79262,79262,79262,79146
2026-05-25 05:30:17,72267,79422,79422,79422,79422,79306
2026-05-25 05:30:27,42325,37840,34700,34700,34700,34564
2026-05-25 05:30:37,72267,79562,79562,79562,79562,79426
2026-05-25 05:30:47,42325,34680,38840,37580,38840,34584
2026-05-25 05:30:58,72267,79562,79562,79562,79562,79326
2026-05-25 05:31:08,42325,34720,34720,34720,34720,34584
2026-05-25 05:31:18,72267,79422,79422,79422,79422,79306
2026-05-25 05:31:28,54687,58542,58222,56542,56482,60066
2026-05-25 05:31:38,68367,79262,79262,79262,79262,79286
2026-05-25 05:31:48,77627,79562,79562,79562,79562,79306
2026-05-25 05:31:58,67865,79262,79262,79262,79262,79146
2026-05-25 05:32:09,72267,79562,79562,79562,79562,79446
2026-05-25 05:32:19,35981,32854,32854,32854,32854,33098
2026-05-25 05:32:29,65825,64278,64298,64278,64298,64382
2026-05-25 05:32:39,65825,64278,64298,64278,64298,64382
2026-05-25 05:32:49,65825,64298,64298,64278,64298,64382
2026-05-25 05:32:59,65825,64298,64298,64278,64298,64382
2026-05-25 05:33:09,65825,64298,64298,64278,64298,64382
2026-05-25 05:33:19,65825,64298,64298,64278,64298,64382
2026-05-25 05:33:29,65825,64298,64298,64278,64298,64382
2026-05-25 05:33:39,65825,64298,64298,64278,64298,64382
2026-05-25 05:33:49,65825,64298,64298,64278,64298,64382
2026-05-25 05:33:59,65825,64298,64298,64278,64298,64382
2026-05-25 05:34:09,59061,56334,56334,56334,56334,56318
2026-05-25 05:34:19,59061,56334,56334,56334,56334,56318
2026-05-25 05:34:30,59063,56336,56336,56336,56336,56320
2026-05-25 05:34:40,22383,19516,19516,19516,19516,19420
2026-05-25 05:34:50,34387,31660,31660,19516,19516,19420
2026-05-25 05:35:00,71447,68700,68700,68900,68700,68584
2026-05-25 05:35:10,46805,80482,80482,80482,80482,80366
2026-05-25 05:35:20,71347,78422,78422,78422,78422,78286
2026-05-25 05:35:30,71347,80502,80502,80502,80502,80746
2026-05-25 05:35:40,81047,80502,80502,80502,80502,80746
2026-05-25 05:35:50,81047,80502,80502,80502,80502,80746
2026-05-25 05:36:00,81047,80502,80502,80502,80502,80746
2026-05-25 05:36:10,81047,80502,80502,80502,80502,80746
2026-05-25 05:36:20,81047,80502,80502,80502,80502,80746
2026-05-25 05:36:30,81047,80502,80502,80502,80502,80746
2026-05-25 05:36:40,81047,80502,80502,80502,80502,80746
2026-05-25 05:36:51,81047,80502,80502,80502,80502,80746
2026-05-25 05:37:01,81047,80502,80502,80502,80502,80746
2026-05-25 05:37:11,81047,80502,80502,80502,80502,80746
2026-05-25 05:37:21,81047,80502,80502,80502,80502,80746
2026-05-25 05:37:31,35981,32854,32854,32854,32854,32758
2026-05-25 05:37:41,65705,64278,64278,64278,64298,64222
2026-05-25 05:37:51,65705,64278,64278,64278,64298,64222
2026-05-25 05:38:01,65705,64278,64278,64298,64298,64222
2026-05-25 05:38:11,65705,64298,64278,64298,64298,64222
2026-05-25 05:38:21,65705,64298,64278,64298,64298,64222
2026-05-25 05:38:31,65705,64298,64278,64298,64298,64222
2026-05-25 05:38:41,65705,64298,64278,64298,64298,64222
2026-05-25 05:38:51,65705,64298,64278,64298,64298,64222
2026-05-25 05:39:01,65705,64298,64278,64298,64298,64222
2026-05-25 05:39:11,65705,64298,64278,64298,64298,64222
2026-05-25 05:39:21,37421,34294,34294,34294,34294,34498
2026-05-25 05:39:31,60581,56634,56634,56634,56634,57758
2026-05-25 05:39:41,60583,56636,56636,56636,56636,57760
2026-05-25 05:39:51,22403,19536,19536,19536,19536,19420
2026-05-25 05:40:01,34527,19536,19536,19536,19536,19420
2026-05-25 05:40:12,34527,31760,31760,31760,19536,19420
2026-05-25 05:40:22,36465,38238,38238,38178,38238,34026
2026-05-25 05:40:32,72827,80402,80402,80402,80402,80286
2026-05-25 05:40:42,40945,37100,36222,35520,35442,38166
2026-05-25 05:40:52,68445,79642,79642,79642,79642,79826
2026-05-25 05:41:02,41605,79642,79642,79642,79642,38824
2026-05-25 05:41:12,72847,79642,79642,79642,79642,80006
2026-05-25 05:41:22,68445,79642,79642,79642,79642,79926
2026-05-25 05:41:32,41605,79642,79642,79642,79642,38804
2026-05-25 05:41:42,72847,79642,79642,79642,79642,80006
2026-05-25 05:41:52,55767,79642,79642,79642,79642,51986
2026-05-25 05:42:03,72847,79642,79642,79642,79642,80086
2026-05-25 05:42:13,72847,79642,79642,79642,79642,80006
2026-05-25 05:42:23,45867,79642,79642,79642,79642,44046
2026-05-25 05:42:33,72847,79642,79642,79642,79642,79986
2026-05-25 05:42:43,72847,79642,79642,79642,79642,80086
2026-05-25 05:42:53,45867,79642,79642,79642,79642,44026
2026-05-25 05:43:04,72847,79642,79642,79642,79642,79986
2026-05-25 05:43:14,74347,79642,79642,79642,79642,79826
2026-05-25 05:43:24,41605,79642,79642,79642,79642,34664
2026-05-25 05:43:34,72847,79642,79642,79642,79642,80086
2026-05-25 05:43:44,35961,32874,32874,32874,32874,33098
2026-05-25 05:43:54,65885,64198,64198,64218,64218,64282
2026-05-25 05:44:04,65885,64198,64198,64218,64218,64282
2026-05-25 05:44:14,65885,64198,64218,64218,64218,64282
2026-05-25 05:44:24,65885,64218,64218,64218,64218,64282
2026-05-25 05:44:34,65885,64218,64218,64218,64218,64282
2026-05-25 05:44:44,65885,64218,64218,64218,64218,64282
2026-05-25 05:44:54,65885,64218,64218,64218,64218,64282
2026-05-25 05:45:04,65885,64218,64218,64218,64218,64282
2026-05-25 05:45:15,65885,64218,64218,64218,64218,64282
2026-05-25 05:45:25,65885,64218,64218,64218,64218,64282
2026-05-25 05:45:35,65885,64218,64218,64218,64218,64282
2026-05-25 05:45:45,65885,64218,64218,64218,64218,64282
2026-05-25 05:45:55,36601,33774,33774,33774,33774,33918
2026-05-25 05:46:05,58441,54794,54794,54794,54794,55758
2026-05-25 05:46:15,58443,54796,54796,54796,54796,55760
2026-05-25 05:46:25,22423,19556,19556,19556,19556,19420
2026-05-25 05:46:35,34345,31600,19556,19556,19556,19420
2026-05-25 05:46:45,34345,31600,31598,31598,31598,25022
2026-05-25 05:46:55,79667,76920,76922,76922,76922,76826
2026-05-25 05:47:05,80287,77482,77482,77482,77482,77426
2026-05-25 05:47:16,64767,81022,81022,81022,81022,80846
2026-05-25 05:47:26,61207,81022,81022,81022,81022,80846
2026-05-25 05:47:36,47347,81022,81022,81022,81022,80846
2026-05-25 05:47:46,47367,81022,81022,81022,81022,80846
2026-05-25 05:47:56,47347,81022,81022,81022,81022,80846
2026-05-25 05:48:06,47327,81022,81022,81022,81022,80846
2026-05-25 05:48:16,46747,81022,81022,81022,81022,80846
2026-05-25 05:48:26,46747,81022,81022,81022,81022,80846
2026-05-25 05:48:36,46767,81022,81022,81022,81022,80846
2026-05-25 05:48:46,46747,81022,81022,81022,81022,80846
2026-05-25 05:48:56,46747,81022,81022,81022,81022,80846
2026-05-25 05:49:06,45685,81022,81022,81022,81022,80846
2026-05-25 05:49:16,80447,81022,81022,81022,81022,80846
2026-05-25 05:49:26,80467,81022,81022,81022,81022,80846
2026-05-25 05:49:36,28065,25278,25278,25278,25418,25202
2026-05-25 05:49:46,65863,64296,64276,64276,64296,64240
2026-05-25 05:49:56,65865,64298,64278,64278,64298,64242
2026-05-25 05:50:06,65865,64298,64298,64278,64298,64242
2026-05-25 05:50:16,65865,64298,64298,64278,64298,64242
2026-05-25 05:50:27,65865,64298,64298,64298,64298,64242
2026-05-25 05:50:37,65865,64298,64298,64298,64298,64242
2026-05-25 05:50:47,65865,64298,64298,64298,64298,64242
2026-05-25 05:50:57,65865,64298,64298,64298,64298,64242
2026-05-25 05:51:07,65865,64298,64298,64298,64298,64242
2026-05-25 05:51:17,65865,64298,64298,64298,64298,64242
2026-05-25 05:51:27,65865,64298,64298,64298,64298,64242
2026-05-25 05:51:37,37201,34094,34094,34094,34094,34278
2026-05-25 05:51:47,59921,56014,56014,56014,56014,57058
2026-05-25 05:51:57,59923,56016,56016,56016,56016,57060
2026-05-25 05:52:07,22383,19536,19536,19536,19536,19420
2026-05-25 05:52:17,34467,31720,19536,19536,19536,19420
2026-05-25 05:52:28,34467,31720,31720,31720,31720,28162
2026-05-25 05:52:38,43967,78602,78602,78602,78602,78526
2026-05-25 05:52:48,46387,44422,44422,44422,44422,44306
2026-05-25 05:52:58,72227,79402,79402,79402,79402,79246
2026-05-25 05:53:08,53627,44402,44082,44402,44402,44306
2026-05-25 05:53:18,43987,79362,79362,79362,79362,79306
2026-05-25 05:53:28,38347,41142,40482,41002,42642,41306
2026-05-25 05:53:38,72227,79322,79322,79322,79322,79326
2026-05-25 05:53:48,53507,38102,34822,38822,36262,38986
2026-05-25 05:53:58,43987,79422,79422,79422,79422,79206
2026-05-25 05:54:08,42325,34720,34720,34720,34720,34604
2026-05-25 05:54:18,72227,79322,79322,79322,79322,79326
2026-05-25 05:54:29,43987,79422,79422,79422,79422,79206
2026-05-25 05:54:39,64907,66542,63022,63022,69982,62806
2026-05-25 05:54:49,72227,79322,79322,79322,79322,79326
2026-05-25 05:54:59,75227,62922,67562,66122,64462,67566
2026-05-25 05:55:09,43987,79422,79422,79422,79422,79206
2026-05-25 05:55:19,69547,68622,67662,67662,67662,69766
2026-05-25 05:55:29,72227,79322,79322,79322,79322,79326
2026-05-25 05:55:39,53507,38860,38860,38860,38860,38784
2026-05-25 05:55:49,43987,79422,79422,79422,79422,79206
2026-05-25 05:55:59,42325,34720,34720,34720,38880,34604
2026-05-25 05:56:09,26625,23698,23698,23698,23698,23702
2026-05-25 05:56:19,65823,64276,64296,64256,64256,64320
2026-05-25 05:56:30,65825,64278,64298,64278,64258,64322
2026-05-25 05:56:40,65825,64278,64298,64278,64278,64322
2026-05-25 05:56:50,65825,64278,64298,64278,64278,64322
2026-05-25 05:57:00,65825,64278,64298,64278,64278,64322
2026-05-25 05:57:10,65825,64278,64298,64278,64278,64322
2026-05-25 05:57:20,65825,64278,64298,64278,64278,64322
2026-05-25 05:57:30,65825,64278,64298,64278,64278,64322
2026-05-25 05:57:40,65825,64278,64298,64278,64278,64322
2026-05-25 05:57:50,65825,64278,64298,64278,64278,64322
2026-05-25 05:58:00,28441,25554,25534,25614,25614,25478
2026-05-25 05:58:10,59761,57054,57054,57054,57054,57018
2026-05-25 05:58:20,59761,57054,57054,57054,57054,57020
2026-05-25 05:58:30,59763,57056,57056,57056,57056,57020
2026-05-25 05:58:41,22383,19536,19536,19536,19536,19420
2026-05-25 05:58:51,34467,31700,31700,20696,19536,19420
2026-05-25 05:59:01,74487,71680,71740,71680,71680,71564
2026-05-25 05:59:11,53487,44082,44082,44082,44082,81186
2026-05-25 05:59:21,44187,79462,79462,79462,79462,79066
2026-05-25 05:59:31,64847,62782,62782,62782,62782,75086
2026-05-25 05:59:41,79047,78922,78922,78922,78922,78886
2026-05-25 05:59:51,72087,69462,69462,69462,69462,69386
2026-05-25 06:00:01,72087,79082,79082,79082,79082,79026
2026-05-25 06:00:11,72087,79082,79082,79082,79082,79026
2026-05-25 06:00:21,72087,79082,79082,79082,79082,79026
2026-05-25 06:00:31,72087,79082,79082,79082,79082,79026
2026-05-25 06:00:41,72087,79082,79082,79082,79082,79026
2026-05-25 06:00:51,67685,79082,79082,79082,79082,79026
2026-05-25 06:01:01,81107,79082,79082,79082,79082,79026
2026-05-25 06:01:11,53827,79082,79082,79082,79082,79026
2026-05-25 06:01:21,53827,79082,79082,79082,79082,79026
2026-05-25 06:01:31,53827,79082,79082,79082,79082,79026
2026-05-25 06:01:41,53707,79082,79082,79082,79082,79026
2026-05-25 06:01:52,53707,79082,79082,79082,79082,79026
2026-05-25 06:02:02,35981,32854,32854,32854,32854,33098
2026-05-25 06:02:12,65865,64298,64298,64278,64278,64282
2026-05-25 06:02:22,65865,64298,64298,64278,64278,64282
2026-05-25 06:02:32,65865,64298,64298,64278,64278,64282
2026-05-25 06:02:42,65865,64298,64298,64278,64278,64282
2026-05-25 06:02:53,65865,64298,64298,64278,64278,64282
2026-05-25 06:03:03,65865,64298,64298,64278,64278,64282
2026-05-25 06:03:13,65865,64298,64298,64278,64278,64282
2026-05-25 06:03:23,65865,64298,64298,64278,64278,64282
2026-05-25 06:03:33,65865,64298,64298,64278,64278,64282
2026-05-25 06:03:43,65865,64298,64298,64278,64278,64282
2026-05-25 06:03:53,37861,34974,34974,34974,34974,34918
2026-05-25 06:04:03,62281,59376,59374,59374,59376,59318
2026-05-25 06:04:13,62283,59376,59376,59376,59376,59320
2026-05-25 06:04:23,22381,19574,19574,19574,19574,19418
2026-05-25 06:04:34,34681,19574,19574,19574,19574,19418
2026-05-25 06:04:44,34681,31914,31914,31914,19574,19418
2026-05-25 06:04:54,77901,75134,75194,75194,75134,75138
2026-05-25 06:05:04,46481,51514,51514,51514,51514,51258
2026-05-25 06:05:14,75121,72234,72296,72236,72236,72140
2026-05-25 06:05:24,57621,58276,58456,58256,56216,56640
2026-05-25 06:05:34,70661,68376,67836,67836,70236,67740
2026-05-25 06:05:44,75121,72236,72236,72296,72296,72140
2026-05-25 06:05:54,55301,53936,52196,51754,50654,49218
2026-05-25 06:06:04,75121,72296,72236,72296,72296,72200
2026-05-25 06:06:14,43661,40696,40516,40714,40714,40758
2026-05-25 06:06:24,75121,72236,72296,72296,72296,72140
2026-05-25 06:06:35,62421,58056,60716,57016,60676,59460
2026-05-25 06:06:45,74661,71836,67836,70236,67836,67740
2026-05-25 06:06:55,75121,72296,72296,72296,72296,72140
2026-05-25 06:07:05,41861,39036,39036,39034,39034,38998
2026-05-25 06:07:15,75121,72296,72296,72236,72236,72140
2026-05-25 06:07:25,80481,77656,77596,77596,77656,77560
2026-05-25 06:07:35,74241,71416,71416,76576,71414,73538
2026-05-25 06:07:45,75121,72296,72296,72236,72296,72200
2026-05-25 06:07:55,40401,38656,36116,35656,37074,38340
2026-05-25 06:08:05,68741,75296,73656,66736,69696,72060
2026-05-25 06:08:16,75121,72296,72296,72236,72236,72200
2026-05-25 06:08:26,47181,44356,44356,44354,44354,44318
2026-05-25 06:08:36,75121,72236,72296,72296,72296,72200
2026-05-25 06:08:46,35961,32874,32874,32874,32874,32758
2026-05-25 06:08:56,65705,64258,64258,64258,64258,64262
2026-05-25 06:09:06,65705,64258,64258,64258,64258,64262
2026-05-25 06:09:16,65705,64258,64258,64258,64258,64262
2026-05-25 06:09:26,65705,64258,64258,64258,64258,64262
2026-05-25 06:09:36,65705,64258,64258,64258,64258,64262
2026-05-25 06:09:46,65705,64258,64258,64258,64258,64262
2026-05-25 06:09:56,65705,64258,64258,64258,64258,64262
2026-05-25 06:10:06,65705,64258,64258,64258,64258,64262
2026-05-25 06:10:16,65705,64258,64258,64258,64258,64262
2026-05-25 06:10:26,65705,64258,64258,64258,64258,64262
2026-05-25 06:10:36,65705,64258,64258,64258,64258,64262
2026-05-25 06:10:46,65705,64258,64258,64258,64258,64262
2026-05-25 06:10:56,65705,64258,64258,64258,64258,64262
2026-05-25 06:11:06,65705,64258,64258,64258,64258,64262
2026-05-25 06:11:17,65705,64258,64258,64258,64258,64262
2026-05-25 06:11:27,65705,64258,64258,64258,64258,64262
2026-05-25 06:11:37,65705,64258,64258,64258,64258,64262
2026-05-25 06:11:47,65705,64258,64258,64258,64258,64262
2026-05-25 06:11:57,65705,64258,64258,64258,64258,64262
2026-05-25 06:12:07,65705,64258,64258,64258,64258,64262
2026-05-25 06:12:17,65705,64258,64258,64258,64258,64262
2026-05-25 06:12:27,62521,59714,59714,59714,59714,59438
2026-05-25 06:12:37,62523,59714,59714,59714,59714,59438
2026-05-25 06:12:47,62523,59716,59716,59716,59716,59440
2026-05-25 06:12:57,22441,19534,19534,19534,19534,19418
2026-05-25 06:13:07,34721,28034,19534,19534,19534,19418
2026-05-25 06:13:18,34721,31934,31934,31934,31934,19418
2026-05-25 06:13:28,46381,42654,42654,42654,42654,42638
2026-05-25 06:13:38,75421,72594,72596,72656,72656,72560
2026-05-25 06:13:48,69261,63836,64416,63456,65276,64240
2026-05-25 06:13:59,70961,68216,68216,68216,68216,68120
2026-05-25 06:14:09,75421,72616,72616,72616,72676,72520
2026-05-25 06:14:19,46381,43696,43694,43694,43694,43518
2026-05-25 06:14:29,75421,72676,72676,72616,72676,72580
2026-05-25 06:14:39,57721,55116,54336,54776,54236,53380
2026-05-25 06:14:50,74961,71496,72156,72216,70636,72120
2026-05-25 06:15:00,75421,72676,72676,72676,72616,72580
2026-05-25 06:15:10,66881,59156,59154,64194,59154,58998
2026-05-25 06:15:20,75421,72616,72616,72676,72676,72580
2026-05-25 06:15:30,41401,35216,35694,35794,35874,34978
2026-05-25 06:15:40,75421,72616,72676,72616,72676,72580
2026-05-25 06:15:50,75421,73476,72876,72676,74156,72980
2026-05-25 06:16:00,66881,64196,64194,64194,64194,64038
2026-05-25 06:16:10,75421,72616,72676,72676,72616,72520
2026-05-25 06:16:20,75421,72616,72676,72676,72676,72580
2026-05-25 06:16:30,47221,44536,44534,44454,44534,44358
2026-05-25 06:16:40,75421,72676,72676,72676,72616,72580
2026-05-25 06:16:50,40801,36036,38956,37556,38156,36298
2026-05-25 06:17:01,75421,72616,72616,72616,72676,72520
2026-05-25 06:17:11,80781,78036,78036,78036,77976,77940
2026-05-25 06:17:21,35961,32874,32874,32874,32874,32778
2026-05-25 06:17:31,65705,64238,64258,64258,64258,64262
2026-05-25 06:17:41,65705,64238,64258,64258,64258,64262
2026-05-25 06:17:51,65705,64258,64258,64258,64258,64262
2026-05-25 06:18:01,65705,64258,64258,64258,64258,64262
2026-05-25 06:18:11,65705,64258,64258,64258,64258,64262
2026-05-25 06:18:21,65705,64258,64258,64258,64258,64262
2026-05-25 06:18:31,65705,64258,64258,64258,64258,64262
2026-05-25 06:18:41,65705,64258,64258,64258,64258,64262
2026-05-25 06:18:51,65705,64258,64258,64258,64258,64262
2026-05-25 06:19:01,65705,64258,64258,64258,64258,64262
2026-05-25 06:19:11,65705,64258,64258,64258,64258,64262
2026-05-25 06:19:21,62681,59874,59874,59874,59874,59618
2026-05-25 06:19:32,62683,59876,59876,59876,59876,59620
2026-05-25 06:19:42,62683,59876,59876,59876,59876,59620
2026-05-25 06:19:52,22441,19534,19534,19534,19534,19438
2026-05-25 06:20:02,34721,31954,19534,19534,19534,19438
2026-05-25 06:20:12,34721,31954,31954,31954,31954,19438
2026-05-25 06:20:22,47021,43474,43474,43474,43474,43298
2026-05-25 06:20:32,73901,69376,71916,76974,71574,80078
2026-05-25 06:20:42,75641,72896,72836,72896,72896,72680
2026-05-25 06:20:52,45881,43256,43254,43254,43254,42998
2026-05-25 06:21:02,75641,72896,72836,72896,72896,72740
2026-05-25 06:21:12,81001,78256,78256,78256,78196,78100
2026-05-25 06:21:22,79681,76976,69474,69634,71914,69218
2026-05-25 06:21:33,75641,72836,72896,72896,72896,72680
2026-05-25 06:21:43,52161,50216,48396,48156,48776,47720
2026-05-25 06:21:53,75181,68976,68436,68436,72436,68280
2026-05-25 06:22:03,75641,72836,72896,72836,72896,72740
2026-05-25 06:22:13,46941,44236,44234,44234,44234,44058
2026-05-25 06:22:23,75641,72896,72896,72836,72896,72740
2026-05-25 06:22:33,75641,72896,72896,72896,72836,72680
2026-05-25 06:22:43,45881,43256,43254,43254,43254,42998
2026-05-25 06:22:53,75641,72896,72836,72836,72836,72680
2026-05-25 06:23:03,75861,73236,73276,73236,73256,72900
2026-05-25 06:23:13,78041,76976,72934,76974,71914,71738
2026-05-25 06:23:23,75641,72836,72836,72896,72896,72740
2026-05-25 06:23:34,57841,56816,54616,57676,58536,56260
2026-05-25 06:23:44,73581,68436,68436,67536,67296,68280
2026-05-25 06:23:54,75641,72896,72896,72836,72896,72740
2026-05-25 06:24:04,47261,44556,44554,44554,44554,44378
2026-05-25 06:24:14,29401,26634,26634,26634,30794,30718
2026-05-25 06:24:24,65703,64256,64238,64236,64256,64282
2026-05-25 06:24:34,65705,64258,64238,64238,64258,64282
2026-05-25 06:24:45,65705,64258,64238,64258,64258,64282
2026-05-25 06:24:55,65705,64258,64238,64258,64258,64282
2026-05-25 06:25:05,65705,64258,64238,64258,64258,64282
2026-05-25 06:25:15,65705,64258,64238,64258,64258,64282
2026-05-25 06:25:25,65705,64258,64258,64258,64258,64282
2026-05-25 06:25:35,65705,64258,64258,64258,64258,64282
2026-05-25 06:25:45,65705,64258,64258,64258,64258,64282
2026-05-25 06:25:55,65705,64258,64258,64258,64258,64282
2026-05-25 06:26:05,65705,64258,64258,64258,64258,64282
2026-05-25 06:26:15,65705,64258,64258,64258,64258,64282
2026-05-25 06:26:25,65705,64258,64258,64258,64258,64282
2026-05-25 06:26:35,65705,64258,64258,64258,64258,64282
2026-05-25 06:26:46,65705,64258,64258,64258,64258,64282
2026-05-25 06:26:56,65705,64258,64258,64258,64258,64282
2026-05-25 06:27:06,65705,64258,64258,64258,64258,64282
2026-05-25 06:27:16,65705,64258,64258,64258,64258,64282
2026-05-25 06:27:26,65705,64258,64258,64258,64258,64282
2026-05-25 06:27:36,65705,64258,64258,64258,64258,64282
2026-05-25 06:27:46,65705,64258,64258,64258,64258,64282
2026-05-25 06:27:56,65705,64258,64258,64258,64258,64282
2026-05-25 06:28:06,65705,64258,64258,64258,64258,64282
2026-05-25 06:28:16,65705,64258,64258,64258,64258,64282
2026-05-25 06:28:26,65705,64258,64258,64258,64258,64282
2026-05-25 06:28:36,65705,64258,64258,64258,64258,64282
2026-05-25 06:28:46,58601,54774,54774,54774,54774,55758
2026-05-25 06:28:56,58601,54774,54774,54776,54776,55760
2026-05-25 06:29:06,58603,54776,54776,54776,54776,55760
2026-05-25 06:29:16,24885,19536,19536,19536,19536,19440
2026-05-25 06:29:26,34345,31598,31598,31600,19536,19440
2026-05-25 06:29:36,44987,42280,42280,42280,42280,41944
2026-05-25 06:29:46,76407,76922,76142,76102,77262,76926
2026-05-25 06:29:57,80387,80962,80962,80962,80962,79626
2026-05-25 06:30:07,80407,80962,80962,80962,80962,79626
2026-05-25 06:30:17,80407,80962,80962,80962,80962,79626
2026-05-25 06:30:27,77927,80962,80962,80962,80962,79626
2026-05-25 06:30:37,70567,80962,80962,80962,80962,79626
2026-05-25 06:30:47,70587,80962,80962,80962,80962,79626
2026-05-25 06:30:57,70567,80962,80962,80962,80962,79626
2026-05-25 06:31:07,80247,80962,80962,80962,80962,79626
2026-05-25 06:31:17,66205,80962,80962,80962,80962,79626
2026-05-25 06:31:28,80327,80962,80962,80962,80962,79626
2026-05-25 06:31:38,80327,80962,80962,80962,80962,79626
2026-05-25 06:31:48,80327,80962,80962,80962,80962,79626
2026-05-25 06:31:58,80327,80962,80962,80962,80962,79626
2026-05-25 06:32:08,29405,26618,26618,26618,30774,30678
2026-05-25 06:32:18,65703,64296,64276,64276,64276,64222
2026-05-25 06:32:28,65705,64298,64278,64278,64278,64222
2026-05-25 06:32:38,65985,64298,64278,64278,64280,64224
2026-05-25 06:32:48,65985,64298,64278,64278,64280,64224
2026-05-25 06:32:58,65985,64298,64278,64278,64280,64224
2026-05-25 06:33:08,65985,64298,64278,64278,64280,64224
2026-05-25 06:33:18,65985,64298,64278,64278,64280,64224
2026-05-25 06:33:28,65985,64298,64278,64278,64280,64224
2026-05-25 06:33:38,65985,64298,64278,64278,64280,64224
2026-05-25 06:33:49,65985,64298,64278,64278,64280,64224
2026-05-25 06:33:59,65985,64298,64278,64278,64280,64224
2026-05-25 06:34:09,65985,64298,64278,64278,64280,64224
2026-05-25 06:34:19,65985,64298,64278,64278,64280,64224
2026-05-25 06:34:29,65985,64298,64278,64278,64280,64224
2026-05-25 06:34:39,65985,64298,64278,64278,64280,64224
2026-05-25 06:34:49,65985,64298,64278,64278,64280,64224
2026-05-25 06:34:59,65985,64298,64278,64278,64280,64224
2026-05-25 06:35:10,65985,64298,64278,64278,64280,64224
2026-05-25 06:35:20,65985,64298,64278,64278,64280,64224
2026-05-25 06:35:30,65985,64298,64278,64278,64280,64224
2026-05-25 06:35:40,65985,64298,64278,64278,64280,64224
2026-05-25 06:35:50,65985,64298,64278,64278,64280,64224
2026-05-25 06:36:00,65985,64298,64278,64278,64280,64224
2026-05-25 06:36:11,65985,64298,64278,64278,64280,64224
2026-05-25 06:36:21,65985,64298,64278,64278,64280,64224
2026-05-25 06:36:31,65985,64298,64278,64278,64280,64224
2026-05-25 06:36:41,59021,57014,57014,57014,57014,56958
2026-05-25 06:36:51,59821,57014,57016,57016,57016,56960
2026-05-25 06:37:01,59823,57016,57016,57016,57016,56960
2026-05-25 06:37:11,22383,19536,19536,19536,19536,19420
2026-05-25 06:37:21,34447,31700,31700,19536,19536,19420
2026-05-25 06:37:31,73287,70760,70540,70700,70760,70604
2026-05-25 06:37:41,53727,43102,43102,43102,43102,42986
2026-05-25 06:37:52,43907,79522,79522,79522,79522,79406
2026-05-25 06:38:02,46447,44402,44402,44402,44402,44286
2026-05-25 06:38:12,72207,79462,79462,79462,79462,79106
2026-05-25 06:38:22,53427,34680,34680,34680,34680,78826
2026-05-25 06:38:32,43907,79222,79222,79222,79222,69326
2026-05-25 06:38:42,42305,43700,43700,43700,43700,78886
2026-05-25 06:38:52,72207,79322,79322,79322,79322,69366
2026-05-25 06:39:02,53547,44062,44062,44062,44062,78986
2026-05-25 06:39:12,81187,79422,79422,79422,79422,69326
2026-05-25 06:39:22,56867,59982,56702,60402,60182,78906
2026-05-25 06:39:32,72207,79222,79222,79222,79222,69386
2026-05-25 06:39:42,53427,47122,48502,48882,49302,79086
2026-05-25 06:39:53,43907,79442,79442,79442,79442,79086
2026-05-25 06:40:03,45827,44062,44062,44062,44062,79086
2026-05-25 06:40:13,72207,79222,79222,79222,79222,79086
2026-05-25 06:40:23,53547,44682,44682,44682,44682,79086
2026-05-25 06:40:34,43907,79322,79322,79322,79322,79086
2026-05-25 06:40:44,81187,74422,74422,79062,78222,79086
2026-05-25 06:40:54,72187,73982,74182,74342,74322,79086
2026-05-25 06:41:04,21445,18578,18578,18578,18578,18482
2026-05-25 06:41:14,46983,50256,64276,41496,37836,64320
2026-05-25 06:41:25,65865,64278,64278,64278,64278,64322
2026-05-25 06:41:35,65865,64278,64278,64298,64278,64322
2026-05-25 06:41:45,65865,64278,64278,64298,64278,64322
2026-05-25 06:41:55,65865,64278,64298,64298,64278,64322
2026-05-25 06:42:05,65865,64278,64298,64298,64278,64322
2026-05-25 06:42:15,65865,64278,64298,64298,64278,64322
2026-05-25 06:42:25,65865,64278,64298,64298,64278,64322
2026-05-25 06:42:35,65865,64278,64298,64298,64278,64322
2026-05-25 06:42:45,65865,64278,64298,64298,64278,64322
2026-05-25 06:42:55,65865,64278,64298,64298,64278,64322
2026-05-25 06:43:05,65865,64278,64298,64298,64278,64322
2026-05-25 06:43:15,65865,64278,64298,64298,64278,64322
2026-05-25 06:43:25,65865,64278,64298,64298,64278,64322
2026-05-25 06:43:36,65865,64278,64298,64298,64278,64322
2026-05-25 06:43:46,65865,64278,64298,64298,64278,64322
2026-05-25 06:43:56,65865,64278,64298,64298,64278,64322
2026-05-25 06:44:06,65865,64278,64298,64298,64278,64322
2026-05-25 06:44:16,65865,64278,64298,64298,64278,64322
2026-05-25 06:44:26,65865,64278,64298,64298,64278,64322
2026-05-25 06:44:36,65865,64278,64298,64298,64278,64322
2026-05-25 06:44:46,65865,64278,64298,64298,64278,64322
2026-05-25 06:44:56,65865,64278,64298,64298,64278,64322
2026-05-25 06:45:06,65865,64278,64298,64298,64278,64322
2026-05-25 06:45:16,65865,64278,64298,64298,64278,64322
2026-05-25 06:45:26,65865,64278,64298,64298,64278,64322
2026-05-25 06:45:36,65865,64278,64298,64298,64278,64322
2026-05-25 06:45:46,65865,64278,64298,64298,64278,64322
2026-05-25 06:45:56,65865,64278,64298,64298,64278,64322
2026-05-25 06:46:06,65865,64278,64298,64298,64278,64322
2026-05-25 06:46:16,65865,64278,64298,64298,64278,64322
2026-05-25 06:46:26,65865,64278,64298,64298,64278,64322
2026-05-25 06:46:36,59421,56674,56674,56674,56674,56678
2026-05-25 06:46:47,59421,56674,56674,56674,56674,56678
2026-05-25 06:46:57,59423,56676,56676,56676,56676,56680
2026-05-25 06:47:07,22383,19516,19516,19516,19516,19420
2026-05-25 06:47:17,34407,31680,31680,19516,19516,19420
2026-05-25 06:47:27,71307,68500,68500,68560,68500,68404
2026-05-25 06:47:37,80227,80902,80902,80902,80902,80806
2026-05-25 06:47:47,43767,78942,78942,78942,78942,78686
2026-05-25 06:47:57,43687,81022,81022,81022,81022,81226
2026-05-25 06:48:07,40847,81022,81022,81022,81022,81226
2026-05-25 06:48:17,38645,81022,81022,81022,81022,81226
2026-05-25 06:48:27,81147,81022,81022,81022,81022,81226
2026-05-25 06:48:37,46427,81022,81022,81022,81022,81226
2026-05-25 06:48:47,46107,81022,81022,81022,81022,81226
2026-05-25 06:48:58,45787,81022,81022,81022,81022,81226
2026-05-25 06:49:08,42705,81022,81022,81022,81022,81226
2026-05-25 06:49:18,41585,81022,81022,81022,81022,81226
2026-05-25 06:49:28,41585,81022,81022,81022,81022,81226
2026-05-25 06:49:38,71767,81022,81022,81022,81022,81226
2026-05-25 06:49:48,71767,81022,81022,81022,81022,81226
2026-05-25 06:49:58,71767,81022,81022,81022,81022,81226
2026-05-25 06:50:08,71767,81022,81022,81022,81022,81226
2026-05-25 06:50:18,21425,18558,18558,18558,18558,18462
2026-05-25 06:50:28,65063,63616,63616,63616,63616,64280
2026-05-25 06:50:38,65865,64298,64278,64298,64278,64282
2026-05-25 06:50:48,65865,64298,64278,64298,64278,64282
2026-05-25 06:50:58,65865,64298,64278,64298,64278,64282
2026-05-25 06:51:09,65865,64298,64278,64298,64278,64282
2026-05-25 06:51:19,65865,64298,64298,64298,64278,64282
2026-05-25 06:51:29,65865,64298,64298,64298,64278,64282
2026-05-25 06:51:39,65865,64298,64298,64298,64278,64282
2026-05-25 06:51:50,65865,64298,64298,64298,64278,64282
2026-05-25 06:52:00,65865,64298,64298,64298,64278,64282
2026-05-25 06:52:10,65865,64298,64298,64298,64278,64282
2026-05-25 06:52:20,65865,64298,64298,64298,64278,64282
2026-05-25 06:52:30,65865,64298,64298,64298,64278,64282
2026-05-25 06:52:40,65865,64298,64298,64298,64278,64282
2026-05-25 06:52:51,65865,64298,64298,64298,64278,64282
2026-05-25 06:53:01,65865,64298,64298,64298,64278,64282
2026-05-25 06:53:11,65865,64298,64298,64298,64278,64282
2026-05-25 06:53:21,65865,64298,64298,64298,64278,64282
2026-05-25 06:53:31,65865,64298,64298,64298,64278,64282
2026-05-25 06:53:41,39061,35854,35854,35854,35854,36098
2026-05-25 06:53:51,66381,63174,63174,63176,63174,63418
2026-05-25 06:54:01,66383,63176,63176,63176,63176,63420
2026-05-25 06:54:11,66383,63176,63176,63176,63176,63420
2026-05-25 06:54:21,22381,19554,19554,19554,19554,19438
2026-05-25 06:54:31,35101,32654,19554,19554,19554,19438
2026-05-25 06:54:41,35101,32654,32654,32654,22534,19438
2026-05-25 06:54:51,38581,78974,78974,78974,78974,78978
2026-05-25 06:55:01,55101,79156,79216,79156,79216,79080
2026-05-25 06:55:11,55221,43734,43736,43736,43736,43680
2026-05-25 06:55:21,67161,78296,77256,74476,70736,77640
2026-05-25 06:55:31,45581,77036,77096,77096,77096,77000
2026-05-25 06:55:42,45601,77036,77096,77036,77036,77060
2026-05-25 06:55:52,55121,79116,79116,79116,79116,79140
2026-05-25 06:56:02,55241,44234,44236,44236,44236,44100
2026-05-25 06:56:12,80821,76576,76576,76636,76576,76600
2026-05-25 06:56:22,45641,77096,77096,77096,77036,77000
2026-05-25 06:56:32,55381,79116,79176,79176,79176,79080
2026-05-25 06:56:42,55321,44094,44096,44096,44096,43960
2026-05-25 06:56:52,55321,44734,44736,44736,44736,44600
2026-05-25 06:57:02,48221,77096,77096,77096,77096,77000
2026-05-25 06:57:12,45701,77096,77096,77096,77036,77000
2026-05-25 06:57:22,55221,69056,70196,68856,69416,70080
2026-05-25 06:57:32,55341,44154,44156,44156,44156,44040
2026-05-25 06:57:43,80901,72636,76636,76636,72636,74500
2026-05-25 06:57:53,45701,77096,77096,77036,77096,77000
2026-05-25 06:58:03,55221,66016,63696,65636,64276,65700
2026-05-25 06:58:13,55341,44314,44316,44316,44316,44180
2026-05-25 06:58:23,80901,76636,76576,76636,76636,76600
2026-05-25 06:58:33,45701,77096,77036,77096,77096,77060
2026-05-25 06:58:43,55221,79176,79116,79116,79176,79080
2026-05-25 06:58:54,55341,44234,44236,44236,44236,44100
2026-05-25 06:59:04,55341,44454,44476,44476,44456,44380
2026-05-25 06:59:14,21941,19074,19074,19074,19074,18978
2026-05-25 06:59:24,65023,64156,64196,63536,63536,64260
2026-05-25 06:59:34,65705,64298,64198,64298,64198,64262
2026-05-25 06:59:44,65705,64298,64198,64298,64198,64262
2026-05-25 06:59:54,65705,64298,64198,64298,64198,64262
2026-05-25 07:00:04,65705,64298,64198,64298,64198,64262
2026-05-25 07:00:14,65705,64298,64198,64298,64198,64262
2026-05-25 07:00:24,65705,64298,64198,64298,64198,64262
2026-05-25 07:00:34,65705,64298,64198,64298,64198,64262
2026-05-25 07:00:44,65705,64298,64198,64298,64198,64262
2026-05-25 07:00:54,65705,64298,64198,64298,64198,64262
2026-05-25 07:01:05,65705,64298,64198,64298,64198,64262
2026-05-25 07:01:15,65705,64298,64198,64298,64198,64262
2026-05-25 07:01:25,65705,64298,64198,64298,64198,64262
2026-05-25 07:01:35,65705,64298,64198,64298,64198,64262
2026-05-25 07:01:45,65705,64298,64198,64298,64198,64262
2026-05-25 07:01:55,65705,64298,64198,64298,64198,64262
2026-05-25 07:02:05,65705,64298,64198,64298,64198,64262
2026-05-25 07:02:15,65705,64298,64198,64298,64198,64262
2026-05-25 07:02:25,65705,64298,64198,64298,64198,64262
2026-05-25 07:02:35,65705,64298,64198,64298,64198,64262
2026-05-25 07:02:45,65705,64298,64198,64298,64198,64262
2026-05-25 07:02:55,65705,64298,64198,64298,64198,64262
2026-05-25 07:03:06,65705,64298,64198,64298,64198,64262
2026-05-25 07:03:16,65705,64298,64198,64298,64198,64262
2026-05-25 07:03:26,65705,64298,64198,64298,64198,64262
2026-05-25 07:03:36,65705,64298,64198,64298,64198,64262
2026-05-25 07:03:46,65705,64298,64198,64298,64198,64262
2026-05-25 07:03:56,65705,64298,64198,64298,64198,64262
2026-05-25 07:04:06,65705,64298,64198,64298,64198,64262
2026-05-25 07:04:16,65705,64298,64198,64298,64198,64262
2026-05-25 07:04:26,60741,57894,57894,57894,57894,57838
2026-05-25 07:04:36,60741,57894,57894,57894,57894,57838
2026-05-25 07:04:46,60743,57896,57896,57896,57896,57840
2026-05-25 07:04:56,22423,19516,19516,19516,19516,19420
2026-05-25 07:05:06,34527,31760,19516,19516,19516,19420
2026-05-25 07:05:16,34527,31760,31760,31760,31760,29902
2026-05-25 07:05:26,73047,79562,79562,79562,79562,79446
2026-05-25 07:05:36,42325,43798,43798,43800,43800,43664
2026-05-25 07:05:46,73047,80242,80242,80242,80242,80126
2026-05-25 07:05:57,39647,36980,37042,36722,41562,39446
2026-05-25 07:06:07,73047,80262,80262,80262,80262,80146
2026-05-25 07:06:17,73047,80402,80402,80402,80402,80306
2026-05-25 07:06:27,42325,40358,38938,43100,43800,43684
2026-05-25 07:06:37,73047,80382,80382,80382,80382,80146
2026-05-25 07:06:47,38065,40380,37962,37722,40262,40086
2026-05-25 07:06:57,73047,80382,80382,80382,80382,80146
2026-05-25 07:07:07,50627,52662,53382,53442,53102,54966
2026-05-25 07:07:17,46687,44800,44800,44802,44802,44666
2026-05-25 07:07:27,73047,80262,80262,80262,80262,80146
2026-05-25 07:07:37,46067,44180,44180,44182,44182,44046
2026-05-25 07:07:48,73047,80262,80262,80262,80262,80166
2026-05-25 07:07:58,42325,38958,38958,38960,38960,38804
2026-05-25 07:08:08,73047,80262,80262,80262,80262,80146
2026-05-25 07:08:18,69167,60082,60822,62882,59482,61766
2026-05-25 07:08:28,64507,63480,63480,63482,63482,60786
2026-05-25 07:08:38,73047,80242,80242,80242,80242,80146
2026-05-25 07:08:48,46987,45360,45120,45122,45362,45266
2026-05-25 07:08:58,73047,80242,80242,80242,80242,80166
2026-05-25 07:09:08,35961,32874,32874,32874,32874,33098
2026-05-25 07:09:18,65865,64198,64198,64198,64218,64382
2026-05-25 07:09:28,65865,64198,64198,64198,64218,64382
2026-05-25 07:09:38,65867,64218,64198,64198,64218,64382
2026-05-25 07:09:49,65867,64218,64198,64198,64218,64382
2026-05-25 07:09:59,65867,64218,64218,64198,64218,64382
2026-05-25 07:10:09,65867,64218,64218,64198,64218,64382
2026-05-25 07:10:19,65867,64218,64218,64198,64218,64382
2026-05-25 07:10:29,65867,64218,64218,64198,64218,64382
2026-05-25 07:10:39,65867,64218,64218,64198,64218,64382
2026-05-25 07:10:49,65867,64218,64218,64198,64218,64382
2026-05-25 07:10:59,27901,25054,24774,24694,25054,24638
2026-05-25 07:11:09,58141,55454,55454,55414,55454,55438
2026-05-25 07:11:19,58141,55454,55454,55454,55454,55438
2026-05-25 07:11:29,22423,19556,19556,19556,19556,19420
2026-05-25 07:11:39,34305,29818,19556,19556,19556,19420
2026-05-25 07:11:50,34305,31558,31558,31558,31558,19420
2026-05-25 07:12:00,79207,76460,76460,76462,76462,76366
2026-05-25 07:12:10,79967,81142,81142,81142,81142,81106
2026-05-25 07:12:20,79967,81142,81142,81142,81142,81106
2026-05-25 07:12:30,79827,81142,81142,81142,81142,81106
2026-05-25 07:12:40,79807,81142,81142,81142,81142,81106
2026-05-25 07:12:50,77387,81142,81142,81142,81142,81106
2026-05-25 07:13:00,70167,81142,81142,81142,81142,81106
2026-05-25 07:13:10,70187,81142,81142,81142,81142,81106
2026-05-25 07:13:20,79827,81142,81142,81142,81142,81106
2026-05-25 07:13:30,79867,81142,81142,81142,81142,81106
2026-05-25 07:13:40,79867,81142,81142,81142,81142,81106
2026-05-25 07:13:50,79927,81142,81142,81142,81142,81106
2026-05-25 07:14:01,79927,81142,81142,81142,81142,81106
2026-05-25 07:14:11,79927,81142,81142,81142,81142,81106
2026-05-25 07:14:21,79927,81142,81142,81142,81142,81106
2026-05-25 07:14:31,35981,32854,32854,32854,32854,32758
2026-05-25 07:14:41,65865,64258,64278,64298,64298,64222
2026-05-25 07:14:51,65865,64258,64278,64298,64298,64222
2026-05-25 07:15:01,65865,64280,64298,64298,64298,64222
2026-05-25 07:15:11,65865,64280,64298,64298,64298,64222
2026-05-25 07:15:21,65865,64280,64298,64298,64298,64222
2026-05-25 07:15:31,65865,64280,64298,64298,64298,64222
2026-05-25 07:15:41,65865,64280,64298,64298,64298,64222
2026-05-25 07:15:51,65865,64280,64298,64298,64298,64222
2026-05-25 07:16:01,65865,64280,64298,64298,64298,64222
2026-05-25 07:16:11,65865,64280,64298,64298,64298,64222
2026-05-25 07:16:21,45581,42694,42694,42694,42694,42638
2026-05-25 07:16:31,59161,56274,56274,56274,56274,56218
2026-05-25 07:16:41,59163,56276,56276,56276,56276,56220
2026-05-25 07:16:51,22383,19516,19516,19516,19516,19420
2026-05-25 07:17:01,34387,31620,31620,19516,19516,19420
2026-05-25 07:17:11,71647,68880,69100,69100,68880,68784
2026-05-25 07:17:22,47087,80382,80382,80382,80382,80266
2026-05-25 07:17:32,71267,78322,78322,78322,78322,78266
2026-05-25 07:17:42,80907,80402,80402,80402,80402,80346
2026-05-25 07:17:52,80907,80402,80402,80402,80402,80346
2026-05-25 07:18:02,71267,80402,80402,80402,80402,80346
2026-05-25 07:18:12,81027,80402,80402,80402,80402,80346
2026-05-25 07:18:22,81027,80402,80402,80402,80402,80346
2026-05-25 07:18:32,81027,80402,80402,80402,80402,80346
2026-05-25 07:18:42,81027,80402,80402,80402,80402,80346
2026-05-25 07:18:52,81027,80402,80402,80402,80402,80346
2026-05-25 07:19:02,81027,80402,80402,80402,80402,80346
2026-05-25 07:19:13,81027,80402,80402,80402,80402,80346
2026-05-25 07:19:23,81027,80402,80402,80402,80402,80346
2026-05-25 07:19:33,81027,80402,80402,80402,80402,80346
2026-05-25 07:19:43,35981,32854,32854,32854,32854,32758
2026-05-25 07:19:53,65705,64258,64298,64278,64278,64222
2026-05-25 07:20:03,65705,64258,64298,64278,64278,64222
2026-05-25 07:20:13,65705,64298,64298,64300,64300,64224
2026-05-25 07:20:23,65705,64298,64298,64300,64300,64224
2026-05-25 07:20:33,65705,64298,64298,64300,64300,64224
2026-05-25 07:20:43,65705,64298,64298,64300,64300,64224
2026-05-25 07:20:53,65705,64298,64298,64300,64300,64224
2026-05-25 07:21:03,65705,64298,64298,64300,64300,64224
2026-05-25 07:21:13,65705,64298,64298,64300,64300,64224
2026-05-25 07:21:23,65705,64298,64298,64300,64300,64224
2026-05-25 07:21:34,36941,33774,33774,33774,33774,33878
2026-05-25 07:21:44,58061,54894,54894,54894,54894,55818
2026-05-25 07:21:54,58063,54896,54896,54896,54896,55820
2026-05-25 07:22:04,22383,19516,19516,19516,19516,19420
2026-05-25 07:22:14,34347,31598,31598,19516,19516,19420
2026-05-25 07:22:24,70327,67660,67600,67600,67600,67484
2026-05-25 07:22:34,46747,79902,79902,79902,79902,79826
2026-05-25 07:22:44,80687,80002,80002,80002,80002,79906
2026-05-25 07:22:54,80707,80002,80002,80002,80002,81086
2026-05-25 07:23:04,80687,80002,80002,80002,80002,81086
2026-05-25 07:23:14,80707,80002,80002,80002,80002,81086
2026-05-25 07:23:24,80707,80002,80002,80002,80002,81086
2026-05-25 07:23:34,80687,80002,80002,80002,80002,81086
2026-05-25 07:23:44,80707,80002,80002,80002,80002,81086
2026-05-25 07:23:55,76087,80002,80002,80002,80002,81086
2026-05-25 07:24:05,64927,80002,80002,80002,80002,81086
2026-05-25 07:24:15,47587,80002,80002,80002,80002,81086
2026-05-25 07:24:25,47587,80002,80002,80002,80002,81086
2026-05-25 07:24:35,47567,80002,80002,80002,80002,81086
2026-05-25 07:24:45,47587,80002,80002,80002,80002,81086
2026-05-25 07:24:55,46767,80002,80002,80002,80002,81086
2026-05-25 07:25:05,47047,80002,80002,80002,80002,81086
2026-05-25 07:25:15,35981,32854,32854,32854,32854,32758
2026-05-25 07:25:26,65985,64278,64278,64298,64298,64222
2026-05-25 07:25:36,65985,64278,64278,64298,64298,64222
2026-05-25 07:25:46,65985,64278,64278,64298,64300,64222
2026-05-25 07:25:56,65985,64278,64278,64298,64300,64222
2026-05-25 07:26:06,65985,64278,64278,64298,64300,64222
2026-05-25 07:26:16,65985,64278,64278,64298,64300,64222
2026-05-25 07:26:26,65985,64278,64278,64298,64300,64222
2026-05-25 07:26:36,65985,64278,64278,64298,64300,64222
2026-05-25 07:26:46,65985,64278,64278,64298,64300,64222
2026-05-25 07:26:56,65985,64278,64278,64298,64300,64222
2026-05-25 07:27:06,65985,64278,64278,64298,64300,64222
2026-05-25 07:27:16,65985,64278,64278,64298,64300,64222
2026-05-25 07:27:26,65985,64278,64278,64298,64300,64222
2026-05-25 07:27:36,65985,64278,64278,64298,64300,64222
2026-05-25 07:27:46,65985,64278,64278,64298,64300,64222
2026-05-25 07:27:56,65985,64278,64278,64298,64300,64222
2026-05-25 07:28:06,65985,64278,64278,64298,64300,64222
2026-05-25 07:28:16,65985,64278,64278,64298,64300,64222
2026-05-25 07:28:26,65985,64278,64278,64298,64300,64222
2026-05-25 07:28:37,65985,64278,64278,64298,64300,64222
2026-05-25 07:28:47,65985,64278,64278,64298,64300,64222
2026-05-25 07:28:57,65985,64278,64278,64298,64300,64222
2026-05-25 07:29:07,60861,57974,57974,57974,57974,57918
2026-05-25 07:29:17,60861,57974,57974,57974,57974,57918
2026-05-25 07:29:27,60863,57976,57976,57976,57976,57920
2026-05-25 07:29:37,22421,19554,19554,19554,19554,19418
2026-05-25 07:29:47,34541,31774,29694,19554,19554,19418
2026-05-25 07:29:57,34541,31774,31774,31774,31774,31638
2026-05-25 07:30:07,73463,79818,79818,79818,79818,79762
2026-05-25 07:30:17,48563,50058,51858,53038,48358,50802
2026-05-25 07:30:27,73003,80498,80498,80498,80498,80642
2026-05-25 07:30:37,69843,70858,70918,71358,71718,70702
2026-05-25 07:30:48,67101,80476,80476,80476,80478,80322
2026-05-25 07:30:58,73463,80458,80458,80458,80458,80522
2026-05-25 07:31:08,60901,56954,58774,58776,58776,58760
2026-05-25 07:31:18,73463,80518,80518,80518,80518,80502
2026-05-25 07:31:28,42461,38914,38914,38916,38916,38860
2026-05-25 07:31:38,73463,80458,80458,80458,80458,80622
2026-05-25 07:31:48,47503,48758,46918,48278,47038,47302
2026-05-25 07:31:58,73463,80638,80638,80638,80638,80482
2026-05-25 07:32:08,57603,57438,62778,62378,58958,59922
2026-05-25 07:32:18,77961,75514,75514,78976,75516,74060
2026-05-25 07:32:29,73463,80638,80638,80638,80638,80482
2026-05-25 07:32:39,56121,54114,51314,54116,51676,53980
2026-05-25 07:32:49,73463,80458,80458,80458,80458,80622
2026-05-25 07:32:59,46141,44114,44114,44116,44116,44100
2026-05-25 07:33:09,73463,80638,80638,80638,80638,80482
2026-05-25 07:33:19,39343,33756,32696,35138,32858,34700
2026-05-25 07:33:29,73463,80458,80458,80458,80458,80622
2026-05-25 07:33:39,59763,61778,61938,63418,61498,59342
2026-05-25 07:33:49,35961,32874,32874,32874,32874,33098
2026-05-25 07:33:59,65885,64218,64218,64198,64218,64322
2026-05-25 07:34:09,65885,64218,64218,64198,64218,64322
2026-05-25 07:34:20,65885,64218,64218,64218,64218,64322
2026-05-25 07:34:30,65885,64218,64218,64218,64218,64322
2026-05-25 07:34:41,65885,64218,64218,64218,64218,64322
2026-05-25 07:34:51,65885,64218,64218,64218,64218,64322
2026-05-25 07:35:01,65885,64218,64218,64218,64218,64322
2026-05-25 07:35:11,65885,64218,64218,64218,64218,64322
2026-05-25 07:35:21,65885,64218,64218,64218,64218,64322
2026-05-25 07:35:31,65885,64218,64218,64218,64218,64322
2026-05-25 07:35:42,65885,64218,64218,64218,64218,64322
2026-05-25 07:35:52,65885,64218,64218,64218,64218,64322
2026-05-25 07:36:02,65885,64218,64218,64218,64218,64322
2026-05-25 07:36:12,65885,64218,64218,64218,64218,64322
2026-05-25 07:36:22,65885,64218,64218,64218,64218,64322
2026-05-25 07:36:32,65885,64218,64218,64218,64218,64322
2026-05-25 07:36:42,65885,64218,64218,64218,64218,64322
2026-05-25 07:36:52,65885,64218,64218,64218,64218,64322
2026-05-25 07:37:02,65885,64218,64218,64218,64218,64322
2026-05-25 07:37:12,65885,64218,64218,64218,64218,64322
2026-05-25 07:37:22,65885,64218,64218,64218,64218,64322
2026-05-25 07:37:32,65885,64218,64218,64218,64218,64322
2026-05-25 07:37:43,65885,64218,64218,64218,64218,64322
2026-05-25 07:37:53,65885,64218,64218,64218,64218,64322
2026-05-25 07:38:03,65885,64218,64218,64218,64218,64322
2026-05-25 07:38:13,65885,64218,64218,64218,64218,64322
2026-05-25 07:38:23,65885,64218,64218,64218,64218,64322
2026-05-25 07:38:33,65885,64218,64218,64218,64218,64322
2026-05-25 07:38:43,65885,64218,64218,64218,64218,64322
2026-05-25 07:38:53,65885,64218,64218,64218,64218,64322
2026-05-25 07:39:03,65885,64218,64218,64218,64218,64322
2026-05-25 07:39:13,65885,64218,64218,64218,64218,64322
2026-05-25 07:39:23,65885,64218,64218,64218,64218,64322
2026-05-25 07:39:33,36801,34154,34154,34154,34154,34118
2026-05-25 07:39:43,59101,56454,56454,56454,56454,56418
2026-05-25 07:39:53,59103,56456,56456,56456,56456,56420
2026-05-25 07:40:04,22423,19536,19536,19536,19536,19420
2026-05-25 07:40:14,34407,31660,19536,19536,19536,19420
2026-05-25 07:40:24,34407,31660,31660,31660,31660,31464
2026-05-25 07:40:34,78967,80462,80462,80102,79762,79686
2026-05-25 07:40:45,71367,78542,78542,78542,78542,78386
2026-05-25 07:40:55,71347,80622,80622,80622,80622,80466
2026-05-25 07:41:05,71347,80622,80622,80622,80622,80466
2026-05-25 07:41:15,81107,80622,80622,80622,80622,80466
2026-05-25 07:41:25,81107,80622,80622,80622,80622,80466
2026-05-25 07:41:35,81107,80622,80622,80622,80622,80466
2026-05-25 07:41:46,81107,80622,80622,80622,80622,80466
2026-05-25 07:41:56,81107,80622,80622,80622,80622,80466
2026-05-25 07:42:06,81107,80622,80622,80622,80622,80466
2026-05-25 07:42:16,81107,80622,80622,80622,80622,80466
2026-05-25 07:42:26,81107,80622,80622,80622,80622,80466
2026-05-25 07:42:36,81107,80622,80622,80622,80622,80466
2026-05-25 07:42:46,81107,80622,80622,80622,80622,80466
2026-05-25 07:42:56,35981,32854,32854,32854,32854,33098
2026-05-25 07:43:06,65865,64298,64278,64298,64258,64322
2026-05-25 07:43:16,65865,64298,64278,64298,64258,64322
2026-05-25 07:43:26,65865,64298,64280,64298,64298,64322
2026-05-25 07:43:36,65865,64298,64280,64298,64298,64322
2026-05-25 07:43:46,65865,64298,64280,64298,64298,64322
2026-05-25 07:43:56,65865,64298,64280,64298,64298,64322
2026-05-25 07:44:06,65865,64298,64300,64298,64298,64322
2026-05-25 07:44:17,65865,64298,64300,64298,64298,64322
2026-05-25 07:44:27,65865,64298,64300,64298,64298,64322
2026-05-25 07:44:37,65865,64298,64300,64298,64298,64322
2026-05-25 07:44:47,65865,64298,64300,64298,64298,64322
2026-05-25 07:44:57,65865,64298,64300,64298,64298,64322
2026-05-25 07:45:07,65865,64298,64300,64298,64298,64322
2026-05-25 07:45:17,65865,64298,64300,64298,64298,64322
2026-05-25 07:45:27,65865,64298,64300,64298,64298,64322
2026-05-25 07:45:37,65865,64298,64300,64298,64298,64322
2026-05-25 07:45:47,65865,64298,64300,64298,64298,64322
2026-05-25 07:45:57,65865,64298,64300,64298,64298,64322
2026-05-25 07:46:07,65865,64298,64300,64298,64298,64322
2026-05-25 07:46:17,65865,64298,64300,64298,64298,64322
2026-05-25 07:46:28,65865,64298,64300,64298,64298,64322
2026-05-25 07:46:38,65865,64298,64300,64298,64298,64322
2026-05-25 07:46:48,65865,64298,64300,64298,64298,64322
2026-05-25 07:46:58,65865,64298,64300,64298,64298,64322
2026-05-25 07:47:08,65865,64298,64300,64298,64298,64322
2026-05-25 07:47:18,65865,64298,64300,64298,64298,64322
2026-05-25 07:47:28,65865,64298,64300,64298,64298,64322
2026-05-25 07:47:38,65865,64298,64300,64298,64298,64322
2026-05-25 07:47:48,27981,25074,24694,24694,24694,24638
2026-05-25 07:47:58,60161,57574,57574,57574,57574,57418
2026-05-25 07:48:08,60163,57576,57576,57574,57574,57500
2026-05-25 07:48:18,60163,57576,57576,57576,57576,57500
2026-05-25 07:48:28,22383,19536,19536,19536,19536,19420
2026-05-25 07:48:39,34487,31720,31720,19536,19536,19420
2026-05-25 07:48:49,74267,71500,71500,71500,71500,71404
2026-05-25 07:48:59,44327,79262,79262,79262,79262,79166
2026-05-25 07:49:09,75507,75220,75220,75220,75220,75166
2026-05-25 07:49:19,72867,80122,80122,80122,80122,79886
2026-05-25 07:49:29,70947,70360,68000,74720,75080,70286
2026-05-25 07:49:39,72867,79962,79962,79962,79962,80046
2026-05-25 07:49:49,60567,58560,58100,58060,58560,57106
2026-05-25 07:49:59,72867,79962,79962,79962,79962,79886
2026-05-25 07:50:09,50607,52042,51962,53842,52202,52466
2026-05-25 07:50:20,72867,77402,77402,77402,77402,79886
2026-05-25 07:50:30,45827,79542,79542,79542,79542,43986
2026-05-25 07:50:40,72867,70140,70140,70140,70140,80046
2026-05-25 07:50:50,78047,64662,64580,65482,65882,77046
2026-05-25 07:51:00,59807,79702,79702,79702,79702,60866
2026-05-25 07:51:10,72867,70220,70220,70220,70220,80046
2026-05-25 07:51:20,46147,79822,79822,79822,79822,44286
2026-05-25 07:51:30,72867,70280,70280,70280,70280,80046
2026-05-25 07:51:40,80367,64902,65162,65162,65102,77106
2026-05-25 07:51:50,61067,79822,79822,79822,79822,62206
2026-05-25 07:52:00,72867,79942,79942,79942,79942,80046
2026-05-25 07:52:11,42765,79942,79942,79942,79942,44004
2026-05-25 07:52:21,29465,26678,26678,26678,30774,30678
2026-05-25 07:52:31,65823,64276,64278,64276,64276,64322
2026-05-25 07:52:41,65825,64278,64278,64278,64278,64322
2026-05-25 07:52:51,65825,64278,64298,64278,64278,64322
2026-05-25 07:53:01,65825,64278,64298,64278,64278,64322
2026-05-25 07:53:11,65825,64278,64298,64278,64278,64322
2026-05-25 07:53:21,65825,64278,64298,64278,64278,64322
2026-05-25 07:53:31,65825,64278,64298,64278,64278,64322
2026-05-25 07:53:41,65825,64278,64298,64278,64278,64322
2026-05-25 07:53:51,65825,64278,64298,64278,64278,64322
2026-05-25 07:54:01,65825,64278,64298,64278,64278,64322
2026-05-25 07:54:11,65825,64278,64298,64278,64278,64322
2026-05-25 07:54:21,65825,64278,64298,64278,64278,64322
2026-05-25 07:54:31,65825,64278,64298,64278,64278,64322
2026-05-25 07:54:41,65825,64278,64298,64278,64278,64322
2026-05-25 07:54:51,65825,64278,64298,64278,64278,64322
2026-05-25 07:55:01,65825,64278,64298,64278,64278,64322
2026-05-25 07:55:11,65825,64278,64298,64278,64278,64322
2026-05-25 07:55:21,65825,64278,64298,64278,64278,64322
2026-05-25 07:55:31,65825,64278,64298,64278,64278,64322
2026-05-25 07:55:42,65825,64278,64298,64278,64278,64322
2026-05-25 07:55:52,65825,64278,64298,64278,64278,64322
2026-05-25 07:56:02,65825,64278,64298,64278,64278,64322
2026-05-25 07:56:12,65825,64278,64298,64278,64278,64322
2026-05-25 07:56:22,65825,64278,64298,64278,64278,64322
2026-05-25 07:56:32,65825,64278,64298,64278,64278,64322
2026-05-25 07:56:42,65825,64278,64298,64278,64278,64322
2026-05-25 07:56:52,65825,64278,64298,64278,64278,64322
2026-05-25 07:57:02,65825,64278,64298,64278,64278,64322
2026-05-25 07:57:12,65825,64278,64298,64278,64278,64322
2026-05-25 07:57:23,65825,64278,64298,64278,64278,64322
2026-05-25 07:57:33,65825,64278,64298,64278,64278,64322
2026-05-25 07:57:43,65825,64278,64298,64278,64278,64322
2026-05-25 07:57:53,65825,64278,64298,64278,64278,64322
2026-05-25 07:58:03,37781,35174,35174,35174,35174,34818
2026-05-25 07:58:13,61601,60054,60056,60056,60056,58658
2026-05-25 07:58:23,61603,60056,60056,60056,60056,58660
2026-05-25 07:58:33,61603,60056,60056,60056,60056,58660
2026-05-25 07:58:43,22381,19574,19574,19574,19574,19418
2026-05-25 07:58:53,35081,32334,32334,19574,19574,19418
2026-05-25 07:59:03,35081,32334,32334,32334,32334,32178
2026-05-25 07:59:13,75821,73034,73036,73036,72976,72960
2026-05-25 07:59:23,75781,73036,72976,73036,73036,72960
2026-05-25 07:59:34,40441,38156,36294,37034,38236,36520
2026-05-25 07:59:44,75781,73036,72976,73036,73036,72960
2026-05-25 07:59:54,81141,78396,78396,78336,78396,78260
2026-05-25 08:00:04,67121,64396,64394,69394,69494,64300
2026-05-25 08:00:14,75781,73036,73036,72976,73036,72960
2026-05-25 08:00:24,52581,48276,47476,46896,45996,51040
2026-05-25 08:00:34,76321,68756,73916,77856,77236,71880
2026-05-25 08:00:44,75781,73036,73036,73036,72976,72960
2026-05-25 08:00:54,46301,43576,43574,43574,43574,43460
2026-05-25 08:01:04,75781,72976,72976,73036,72976,72960
2026-05-25 08:01:14,59521,56216,56236,55476,57496,55080
2026-05-25 08:01:25,46621,43896,43894,43894,43894,43780
2026-05-25 08:01:35,75781,73036,73036,73036,73036,72900
2026-05-25 08:01:45,70481,67416,65996,67636,65856,66820
2026-05-25 08:01:55,76981,73496,76896,69076,72756,79080
2026-05-25 08:02:05,75781,72976,72976,73036,73036,72960
2026-05-25 08:02:15,46621,43896,43894,43894,43894,43780
2026-05-25 08:02:25,75781,73036,72976,73036,73036,72960
2026-05-25 08:02:35,71521,69596,68976,68556,69916,67660
2026-05-25 08:02:45,66481,76756,74296,71656,76536,72580
2026-05-25 08:02:56,75781,72976,73036,73036,73036,72960
2026-05-25 08:03:06,35981,33194,33194,33194,33194,32798
2026-05-25 08:03:16,65705,64358,64358,64358,64218,64282
2026-05-25 08:03:26,65705,64358,64358,64358,64218,64282
2026-05-25 08:03:36,65705,64358,64358,64358,64218,64282
2026-05-25 08:03:46,65705,64358,64358,64358,64218,64282
2026-05-25 08:03:56,65705,64358,64358,64358,64218,64282
2026-05-25 08:04:06,65705,64358,64358,64358,64218,64282
2026-05-25 08:04:16,65705,64358,64358,64358,64218,64282
2026-05-25 08:04:26,65705,64358,64358,64358,64218,64282
2026-05-25 08:04:36,65705,64358,64358,64358,64218,64282
2026-05-25 08:04:46,65705,64358,64358,64358,64218,64282
2026-05-25 08:04:56,65705,64358,64358,64358,64218,64282
2026-05-25 08:05:06,65705,64358,64358,64358,64218,64282
2026-05-25 08:05:16,65705,64358,64358,64358,64218,64282
2026-05-25 08:05:26,65705,64358,64358,64358,64218,64282
2026-05-25 08:05:37,65705,64358,64358,64358,64218,64282
2026-05-25 08:05:47,65705,64358,64358,64358,64218,64282
2026-05-25 08:05:57,65705,64358,64358,64358,64218,64282
2026-05-25 08:06:07,65705,64358,64358,64358,64218,64282
2026-05-25 08:06:17,65705,64358,64358,64358,64218,64282
2026-05-25 08:06:27,65705,64358,64358,64358,64218,64282
2026-05-25 08:06:37,65705,64358,64358,64358,64218,64282
2026-05-25 08:06:47,65705,64358,64358,64358,64218,64282
2026-05-25 08:06:57,65705,64358,64358,64358,64218,64282
2026-05-25 08:07:07,65705,64358,64358,64358,64218,64282
2026-05-25 08:07:17,65705,64358,64358,64358,64218,64282
2026-05-25 08:07:27,65705,64358,64358,64358,64218,64282
2026-05-25 08:07:37,65705,64358,64358,64358,64218,64282
2026-05-25 08:07:48,65705,64358,64358,64358,64218,64282
2026-05-25 08:07:58,65705,64358,64358,64358,64218,64282
2026-05-25 08:08:08,65705,64358,64358,64358,64218,64282
2026-05-25 08:08:18,61961,59074,59074,59074,59094,59118
2026-05-25 08:08:28,61961,59074,59074,59074,59094,59118
2026-05-25 08:08:38,61963,59076,59076,59076,59096,59120
2026-05-25 08:08:48,22401,19574,19574,19574,19574,19438
2026-05-25 08:08:58,34681,31914,19574,19574,19574,19438
2026-05-25 08:09:08,34681,31914,31914,31914,31914,19438
2026-05-25 08:09:18,46681,43854,43854,43854,43854,43798
2026-05-25 08:09:28,74501,71656,71656,71656,71656,71580
2026-05-25 08:09:38,41861,39036,39036,39036,39036,81180
2026-05-25 08:09:49,46741,51516,51514,51516,51516,43860
2026-05-25 08:09:59,74441,74554,74554,74554,74554,71680
2026-05-25 08:10:09,74441,41876,41874,41876,41876,74498
2026-05-25 08:10:19,47061,35194,35194,35194,35194,51260
2026-05-25 08:10:29,74441,39996,39734,39996,39676,74498
2026-05-25 08:10:39,41861,81136,81196,81136,81196,51140
2026-05-25 08:10:49,46421,43596,43596,43596,43596,34758
2026-05-25 08:10:59,74501,71616,71616,71676,71676,40840
2026-05-25 08:11:09,72081,72696,72896,72156,72116,81140
2026-05-25 08:11:19,61521,66356,64674,64676,65016,58660
2026-05-25 08:11:29,74501,74554,74554,74554,74554,71620
2026-05-25 08:11:39,77221,51396,51394,51396,51396,77180
2026-05-25 08:11:50,42981,28914,33094,29134,30174,51260
2026-05-25 08:12:00,74441,66876,66676,67056,69296,74498
2026-05-25 08:12:10,74501,71616,71616,71616,71676,41620
2026-05-25 08:12:20,46801,43976,43976,43976,43976,34878
2026-05-25 08:12:30,74501,71676,71616,71616,71616,41620
2026-05-25 08:12:40,59341,61016,60456,62376,61896,81140
2026-05-25 08:12:50,66441,69596,69594,69596,69596,58660
2026-05-25 08:13:01,74441,74554,74554,74554,74554,71680
2026-05-25 08:13:11,74441,41876,41874,41876,41876,74498
2026-05-25 08:13:21,35961,32874,32874,32874,32874,32758
2026-05-25 08:13:31,65705,64258,64238,64258,64258,64242
2026-05-25 08:13:41,65705,64258,64258,64258,64258,64242
2026-05-25 08:13:51,65705,64258,64258,64258,64258,64242
2026-05-25 08:14:01,65705,64258,64258,64258,64258,64242
2026-05-25 08:14:11,65705,64258,64258,64258,64258,64242
2026-05-25 08:14:22,65705,64258,64258,64258,64258,64242
2026-05-25 08:14:32,65705,64258,64258,64258,64258,64242
2026-05-25 08:14:42,65705,64258,64258,64258,64258,64242
2026-05-25 08:14:52,65705,64258,64258,64258,64258,64242
2026-05-25 08:15:02,65705,64258,64258,64258,64258,64242
2026-05-25 08:15:12,65705,64258,64258,64258,64258,64242
2026-05-25 08:15:22,65705,64258,64258,64258,64258,64242
2026-05-25 08:15:32,65705,64258,64258,64258,64258,64242
2026-05-25 08:15:42,65705,64258,64258,64258,64258,64242
2026-05-25 08:15:52,65705,64258,64258,64258,64258,64242
2026-05-25 08:16:02,65705,64258,64258,64258,64258,64242
2026-05-25 08:16:12,65705,64258,64258,64258,64258,64242
2026-05-25 08:16:22,65705,64258,64258,64258,64258,64242
2026-05-25 08:16:32,65705,64258,64258,64258,64258,64242
2026-05-25 08:16:43,65705,64258,64258,64258,64258,64242
2026-05-25 08:16:53,65705,64258,64258,64258,64258,64242
2026-05-25 08:17:03,65705,64258,64258,64258,64258,64242
2026-05-25 08:17:13,65705,64258,64258,64258,64258,64242
2026-05-25 08:17:23,65705,64258,64258,64258,64258,64242
2026-05-25 08:17:33,65705,64258,64258,64258,64258,64242
2026-05-25 08:17:43,65705,64258,64258,64258,64258,64242
2026-05-25 08:17:53,65705,64258,64258,64258,64258,64242
2026-05-25 08:18:03,65705,64258,64258,64258,64258,64242
2026-05-25 08:18:14,63941,61134,61134,61134,61134,60858
2026-05-25 08:18:24,63943,61134,61134,61136,61134,60858
2026-05-25 08:18:34,63943,61136,61136,61136,61136,60860
2026-05-25 08:18:44,22421,19534,19534,19534,19534,19418
2026-05-25 08:18:54,34861,19534,19534,19534,19534,19418
2026-05-25 08:19:04,34861,32054,32054,32054,19534,19418
2026-05-25 08:19:15,79621,76894,76894,76894,76894,76838
2026-05-25 08:19:25,37761,39194,39194,39196,39196,39140
2026-05-25 08:19:35,76741,73996,73936,73936,73936,73880
2026-05-25 08:19:45,77201,74456,74396,74396,74456,74280
2026-05-25 08:19:55,46661,43994,43994,43996,43996,43858
2026-05-25 08:20:06,77201,74456,74456,74396,74396,74280
2026-05-25 08:20:16,77201,74456,74456,74456,74456,74280
2026-05-25 08:20:26,46801,44134,44134,44136,44136,44058
2026-05-25 08:20:36,77201,74396,74456,74396,74396,74280
2026-05-25 08:20:46,79281,79816,79816,79816,79756,79700
2026-05-25 08:20:56,63321,60014,60014,60016,60016,59878
2026-05-25 08:21:06,77201,74396,74456,74456,74456,74280
2026-05-25 08:21:16,77201,74456,74456,74456,74456,74280
2026-05-25 08:21:26,46601,43854,43854,43856,43856,43718
2026-05-25 08:21:36,77141,74456,74396,74396,74456,74280
2026-05-25 08:21:46,79281,79816,79816,79756,79756,79700
2026-05-25 08:21:56,56101,54754,54754,54756,54756,54238
2026-05-25 08:22:06,77201,74456,74456,74456,74456,74280
2026-05-25 08:22:16,77141,74396,74396,74396,74396,74280
2026-05-25 08:22:26,41821,39856,44136,41116,42896,40518
2026-05-25 08:22:36,76741,69996,69996,69996,69996,69880
2026-05-25 08:22:47,77201,74456,74456,74456,74456,74280
2026-05-25 08:22:57,46541,43854,43854,43856,43856,43718
2026-05-25 08:23:07,77201,74396,74396,74456,74396,74340
2026-05-25 08:23:17,35981,33194,33194,33194,33194,32798
2026-05-25 08:23:27,65705,64218,64218,64358,64218,64282
2026-05-25 08:23:37,65705,64218,64218,64358,64218,64282
2026-05-25 08:23:47,65705,64218,64218,64358,64218,64282
2026-05-25 08:23:57,65705,64218,64218,64358,64218,64282
2026-05-25 08:24:07,65705,64218,64218,64358,64218,64282
2026-05-25 08:24:17,65705,64218,64218,64358,64218,64282
2026-05-25 08:24:28,65705,64218,64218,64358,64218,64282
2026-05-25 08:24:38,65705,64218,64218,64358,64218,64282
2026-05-25 08:24:48,65705,64218,64218,64358,64218,64282
2026-05-25 08:24:58,65705,64218,64218,64358,64218,64282
2026-05-25 08:25:08,65705,64218,64218,64358,64218,64282
2026-05-25 08:25:18,65705,64218,64218,64358,64218,64282
2026-05-25 08:25:28,65705,64218,64218,64358,64218,64282
2026-05-25 08:25:38,65705,64218,64218,64358,64218,64282
2026-05-25 08:25:48,65705,64218,64218,64358,64218,64282
2026-05-25 08:25:58,65705,64218,64218,64358,64218,64282
2026-05-25 08:26:08,65705,64218,64218,64358,64218,64282
2026-05-25 08:26:18,65705,64218,64218,64358,64218,64282
2026-05-25 08:26:29,65705,64218,64218,64358,64218,64282
2026-05-25 08:26:39,65705,64218,64218,64358,64218,64282
2026-05-25 08:26:49,65705,64218,64218,64358,64218,64282
2026-05-25 08:26:59,36941,34094,34094,34074,34094,34118
2026-05-25 08:27:09,59041,56214,56214,56194,56214,56238
2026-05-25 08:27:19,59043,56216,56216,56196,56216,56240
2026-05-25 08:27:29,22403,19536,19536,19516,19536,19440
2026-05-25 08:27:39,34387,31620,19536,19516,19536,19440
2026-05-25 08:27:49,34387,31620,31620,31620,31620,26382
2026-05-25 08:27:59,80167,77362,77362,77362,77362,77306
2026-05-25 08:28:09,70607,78102,78102,78102,78102,78066
2026-05-25 08:28:19,71087,80182,80182,80182,80182,68246
2026-05-25 08:28:30,80767,80182,80182,80182,80182,77946
2026-05-25 08:28:40,80767,80182,80182,80182,80182,77946
2026-05-25 08:28:50,80767,80182,80182,80182,80182,77946
2026-05-25 08:29:00,80767,80182,80182,80182,80182,77946
2026-05-25 08:29:10,80767,80182,80182,80182,80182,77946
2026-05-25 08:29:20,80767,80182,80182,80182,80182,77946
2026-05-25 08:29:30,80767,80182,80182,80182,80182,77946
2026-05-25 08:29:40,80767,80182,80182,80182,80182,77946
2026-05-25 08:29:50,80767,80182,80182,80182,80182,77946
2026-05-25 08:30:01,80767,80182,80182,80182,80182,77946
2026-05-25 08:30:11,80767,80182,80182,80182,80182,77946
2026-05-25 08:30:21,35981,32854,32854,32854,32854,32758
2026-05-25 08:30:31,65705,64298,64258,64278,64278,64222
2026-05-25 08:30:41,65705,64298,64258,64278,64278,64222
2026-05-25 08:30:51,65985,64298,64278,64278,64278,64242
2026-05-25 08:31:01,65985,64298,64278,64278,64278,64242
2026-05-25 08:31:11,65985,64298,64278,64278,64278,64242
2026-05-25 08:31:21,65985,64298,64278,64278,64278,64242
2026-05-25 08:31:31,65985,64298,64278,64278,64278,64242
2026-05-25 08:31:41,65985,64298,64278,64278,64278,64242
2026-05-25 08:31:51,65985,64298,64278,64278,64278,64242
2026-05-25 08:32:01,65985,64298,64278,64278,64278,64242
2026-05-25 08:32:11,65985,64298,64278,64278,64278,64242
2026-05-25 08:32:21,38981,35794,35794,35794,35794,35738
2026-05-25 08:32:31,66021,62834,62834,62834,62834,62778
2026-05-25 08:32:41,66023,62836,62836,62836,62836,62780
2026-05-25 08:32:51,66023,62836,62836,62836,62836,62780
2026-05-25 08:33:01,22401,19554,19554,19554,19554,19438
2026-05-25 08:33:11,35441,32634,19554,19554,19554,19438
2026-05-25 08:33:21,35441,32634,32634,32634,19554,19438
2026-05-25 08:33:32,36761,78894,78894,78954,78894,78898
2026-05-25 08:33:42,62941,66616,67416,66576,67036,68240
2026-05-25 08:33:52,52721,50054,50054,49276,50056,50000
2026-05-25 08:34:02,79501,76616,76616,76556,76616,76580
2026-05-25 08:34:12,79541,76556,76556,76616,76616,76580
2026-05-25 08:34:22,47081,40034,40034,40036,40036,40000
2026-05-25 08:34:32,69501,69056,67816,71516,72156,70300
2026-05-25 08:34:42,79481,76616,76616,76616,76616,76520
2026-05-25 08:34:52,52021,53056,51176,52696,51836,50340
2026-05-25 08:35:03,70221,66654,66654,66656,66656,72140
2026-05-25 08:35:13,79481,76616,76616,76556,76556,76520
2026-05-25 08:35:23,79481,78696,78636,78636,78696,78600
2026-05-25 08:35:33,48201,44134,44134,44136,44136,44080
2026-05-25 08:35:43,79021,76616,76156,76096,76616,76120
2026-05-25 08:35:53,79481,76616,76616,76616,76556,76520
2026-05-25 08:36:03,38361,37894,36094,37296,39236,40660
2026-05-25 08:36:13,65221,61114,61114,62856,61116,66600
2026-05-25 08:36:23,79481,76616,76556,76616,76616,76580
2026-05-25 08:36:33,79481,78636,78636,78696,78696,78600
2026-05-25 08:36:43,48341,44414,44414,44416,44416,44360
2026-05-25 08:36:53,79481,76556,76616,76616,76616,76580
2026-05-25 08:37:04,79481,76556,76556,76616,76616,76580
2026-05-25 08:37:14,38061,36534,34894,36716,37096,37460
2026-05-25 08:37:24,81061,80494,80496,80496,78656,80440
2026-05-25 08:37:34,79481,76616,76556,76556,76616,76520
2026-05-25 08:37:44,35981,32854,32854,32854,32854,32798
2026-05-25 08:37:54,65705,64298,64198,64198,64198,64242
2026-05-25 08:38:04,65705,64298,64198,64198,64198,64242
2026-05-25 08:38:14,65705,64298,64198,64198,64198,64242
2026-05-25 08:38:24,65705,64298,64198,64198,64198,64242
2026-05-25 08:38:34,65705,64298,64198,64198,64198,64262
2026-05-25 08:38:44,65705,64298,64198,64198,64198,64262
2026-05-25 08:38:54,65705,64298,64198,64198,64198,64262
2026-05-25 08:39:05,65705,64298,64198,64198,64198,64262
2026-05-25 08:39:15,65705,64298,64198,64198,64198,64262
2026-05-25 08:39:25,65705,64298,64198,64198,64198,64262
2026-05-25 08:39:35,65705,64298,64198,64198,64198,64262
2026-05-25 08:39:45,65705,64298,64198,64198,64198,64262
2026-05-25 08:39:55,65705,64298,64198,64198,64198,64262
2026-05-25 08:40:06,65705,64298,64198,64198,64198,64262
2026-05-25 08:40:16,65705,64298,64198,64198,64198,64262
2026-05-25 08:40:26,65705,64298,64198,64198,64198,64262
2026-05-25 08:40:36,65705,64298,64198,64198,64198,64262
2026-05-25 08:40:46,65705,64298,64198,64198,64198,64262
2026-05-25 08:40:56,65705,64298,64198,64198,64198,64262
2026-05-25 08:41:07,65705,64298,64198,64198,64198,64262
2026-05-25 08:41:17,65705,64298,64198,64198,64198,64262
2026-05-25 08:41:27,65705,64298,64198,64198,64198,64262
2026-05-25 08:41:37,65705,64298,64198,64198,64198,64262
2026-05-25 08:41:47,65705,64298,64198,64198,64198,64262
2026-05-25 08:41:57,65705,64298,64198,64198,64198,64262
2026-05-25 08:42:07,65705,64298,64198,64198,64198,64262
2026-05-25 08:42:17,65705,64298,64198,64198,64198,64262
2026-05-25 08:42:27,38801,35974,35974,35974,35974,35898
2026-05-25 08:42:37,66361,63534,63534,63534,63534,63458
2026-05-25 08:42:47,66363,63536,63536,63536,63536,63460
2026-05-25 08:42:57,66363,63536,63536,63536,63536,63460
2026-05-25 08:43:07,22401,19534,19534,19534,19534,19438
2026-05-25 08:43:18,35521,19534,19534,19534,19534,19438
2026-05-25 08:43:28,35521,32694,32694,19534,19534,19438
2026-05-25 08:43:38,35521,32694,32694,32694,32694,19438
2026-05-25 08:43:48,54481,46214,46216,46216,46216,45140
2026-05-25 08:43:58,76681,76996,77456,76936,76936,76920
2026-05-25 08:44:08,44181,77456,77456,77456,77396,77380
2026-05-25 08:44:18,45361,77396,77456,77396,77456,77380
2026-05-25 08:44:28,54881,68016,67416,66856,67356,66480
2026-05-25 08:44:38,55001,44616,44616,44616,44616,44500
2026-05-25 08:44:48,81181,72996,72996,74496,76996,76920
2026-05-25 08:44:58,45401,77456,77396,77396,77456,77380
2026-05-25 08:45:08,45421,77396,77456,77396,77396,77380
2026-05-25 08:45:19,54961,57336,58736,58696,56096,55820
2026-05-25 08:45:29,55121,44896,44896,44896,44896,44780
2026-05-25 08:45:39,80381,76936,76996,76936,76996,76920
2026-05-25 08:45:49,45441,77456,77456,77456,77396,77380
2026-05-25 08:45:59,45441,77456,77396,77456,77396,77380
2026-05-25 08:46:09,54961,72696,72056,71436,71376,72140
2026-05-25 08:46:19,54961,39356,39356,39516,39856,39520
2026-05-25 08:46:29,72541,75616,75616,75616,75616,75700
2026-05-25 08:46:39,45441,77456,77396,77456,77396,77380
2026-05-25 08:46:49,45441,77456,77396,77396,77456,77320
2026-05-25 08:46:59,54961,67216,67076,66576,64616,64480
2026-05-25 08:47:10,55081,44616,44616,44616,44616,44500
2026-05-25 08:47:20,55081,44456,44456,44456,44456,44360
2026-05-25 08:47:30,80361,76996,75396,76276,72996,75440
2026-05-25 08:47:40,45441,77396,77456,77456,77456,77380
2026-05-25 08:47:50,45441,77456,77396,77456,77396,77320
2026-05-25 08:48:00,54961,35196,35196,33616,32696,31540
2026-05-25 08:48:10,37341,28836,34396,34556,19114,19018
2026-05-25 08:48:20,36241,33394,35934,33394,32934,36918
2026-05-25 08:48:30,65705,64198,64198,64198,64198,64282
2026-05-25 08:48:40,65705,64198,64198,64198,64198,64282
2026-05-25 08:48:50,65705,64198,64198,64198,64198,64282
2026-05-25 08:49:01,65705,64198,64198,64198,64198,64282
2026-05-25 08:49:11,65705,64198,64198,64198,64198,64282
2026-05-25 08:49:21,65705,64198,64198,64198,64198,64282
2026-05-25 08:49:31,65705,64198,64198,64198,64198,64282
2026-05-25 08:49:41,65705,64198,64198,64198,64198,64282
2026-05-25 08:49:51,65705,64198,64198,64198,64198,64282
2026-05-25 08:50:01,65705,64198,64198,64198,64198,64282
2026-05-25 08:50:11,65705,64198,64198,64198,64198,64282
2026-05-25 08:50:21,65705,64198,64198,64198,64198,64282
2026-05-25 08:50:31,65705,64198,64198,64198,64198,64282
2026-05-25 08:50:41,65705,64198,64198,64198,64198,64282
2026-05-25 08:50:51,65705,64198,64198,64198,64198,64282
2026-05-25 08:51:01,65705,64198,64198,64198,64198,64282
2026-05-25 08:51:11,65705,64198,64198,64198,64198,64282
2026-05-25 08:51:21,65705,64198,64198,64198,64198,64282
2026-05-25 08:51:31,65705,64198,64198,64198,64198,64282
2026-05-25 08:51:41,38201,35294,35294,35294,35294,35358
2026-05-25 08:51:51,63441,60554,60554,60554,60554,60618
2026-05-25 08:52:01,63443,60556,60556,60556,60556,60620
2026-05-25 08:52:12,63443,60556,60556,60556,60556,60620
2026-05-25 08:52:22,22401,19534,19534,19534,19534,19438
2026-05-25 08:52:32,34801,32034,20974,19534,19534,19438
2026-05-25 08:52:42,34801,32034,32034,32034,32034,19438
2026-05-25 08:52:52,57201,53794,53674,53794,53794,53640
2026-05-25 08:53:02,76341,73636,73696,73696,73696,73520
2026-05-25 08:53:12,35361,37194,37734,38014,36074,36000
2026-05-25 08:53:22,71941,69236,69236,69236,69236,69120
2026-05-25 08:53:32,76401,73636,73636,73696,73696,73520
2026-05-25 08:53:42,49461,50356,47956,48476,51556,49980
2026-05-25 08:53:52,73441,69236,69236,69236,69236,69120
2026-05-25 08:54:03,76401,73696,73696,73696,73636,73520
2026-05-25 08:54:13,46601,43934,43934,43934,43934,43778
2026-05-25 08:54:23,76401,73696,73636,73696,73696,73520
2026-05-25 08:54:33,76401,73696,73696,73696,73696,73520
2026-05-25 08:54:43,52181,48996,51036,50556,50656,50860
2026-05-25 08:54:53,68241,71476,70776,69336,70256,71040
2026-05-25 08:55:03,76401,73696,73636,73696,73696,73580
2026-05-25 08:55:13,46341,43674,43674,43674,43674,43518
2026-05-25 08:55:23,76401,73636,73636,73636,73636,73580
2026-05-25 08:55:33,71721,72696,72496,71596,72216,73380
2026-05-25 08:55:43,75841,74654,76814,77714,77714,76438
2026-05-25 08:55:54,76401,73696,73696,73696,73696,73520
2026-05-25 08:56:04,42601,39854,39854,39854,39854,39778
2026-05-25 08:56:14,75941,73176,73236,73236,73236,73120
2026-05-25 08:56:24,76401,73696,73696,73696,73696,73520
2026-05-25 08:56:34,42601,39854,39854,39854,39854,39778
2026-05-25 08:56:44,21721,18854,18854,18854,18854,18758
2026-05-25 08:56:54,65083,55976,63616,62656,42596,37678
2026-05-25 08:57:04,65705,64218,64218,64358,64218,64282
2026-05-25 08:57:14,65705,64218,64218,64358,64218,64282
2026-05-25 08:57:24,65705,64218,64218,64358,64218,64282
2026-05-25 08:57:34,65705,64218,64218,64358,64218,64282
2026-05-25 08:57:44,65705,64218,64218,64358,64218,64282
2026-05-25 08:57:54,65705,64218,64218,64358,64218,64282
2026-05-25 08:58:05,65705,64218,64218,64358,64218,64282
2026-05-25 08:58:15,65705,64218,64218,64358,64218,64282
2026-05-25 08:58:25,65705,64218,64218,64358,64218,64282
2026-05-25 08:58:35,65705,64218,64218,64358,64218,64282
2026-05-25 08:58:45,65705,64218,64218,64358,64218,64282
2026-05-25 08:58:55,65705,64218,64218,64358,64218,64282
2026-05-25 08:59:05,65705,64218,64218,64358,64218,64282
2026-05-25 08:59:15,65705,64218,64218,64358,64218,64282
2026-05-25 08:59:25,65705,64218,64218,64358,64218,64282
2026-05-25 08:59:35,65705,64218,64218,64358,64218,64282
2026-05-25 08:59:45,65705,64218,64218,64358,64218,64282
2026-05-25 08:59:55,65705,64218,64218,64358,64218,64282
2026-05-25 09:00:05,65705,64218,64218,64358,64218,64282
2026-05-25 09:00:16,65705,64218,64218,64358,64218,64282
2026-05-25 09:00:26,65705,64218,64218,64358,64218,64282
2026-05-25 09:00:36,65705,64218,64218,64358,64218,64282
2026-05-25 09:00:46,65705,64218,64218,64358,64218,64282
2026-05-25 09:00:56,65705,64218,64218,64358,64218,64282
2026-05-25 09:01:06,61741,58874,58874,58854,58874,58898
2026-05-25 09:01:16,61743,58874,58874,58856,58876,58898
2026-05-25 09:01:26,61743,58876,58876,58856,58876,58900
2026-05-25 09:01:36,22401,19574,19574,19574,19574,19438
2026-05-25 09:01:46,34641,22234,19574,19574,19574,19438
2026-05-25 09:01:57,34641,31834,31834,31854,31834,19438
2026-05-25 09:02:07,45701,42934,42934,42954,42934,42798
2026-05-25 09:02:17,74423,71638,71578,71638,71638,71622
2026-05-25 09:02:27,42941,31014,31014,31014,31014,30978
2026-05-25 09:02:37,74363,48438,50718,48678,49098,48982
2026-05-25 09:02:47,71123,81138,81078,81138,81138,81122
2026-05-25 09:02:58,74363,71558,71558,71558,71558,71562
2026-05-25 09:03:08,45741,34034,34034,34034,34034,81202
2026-05-25 09:03:18,74363,40718,40718,40676,40636,71662
2026-05-25 09:03:28,41821,81138,81138,81078,81138,38960
2026-05-25 09:03:38,74363,71618,71618,71618,71618,71542
2026-05-25 09:03:48,46141,34354,34354,34354,34354,81182
2026-05-25 09:03:58,71023,81138,81138,81138,81138,71162
2026-05-25 09:04:09,74423,71558,71558,71618,71618,71642
2026-05-25 09:04:19,74363,71618,71618,71618,71618,74340
2026-05-25 09:04:29,42941,61318,59818,60618,61298,51262
2026-05-25 09:04:39,74363,72338,71838,72398,71378,71602
2026-05-25 09:04:49,79783,81078,81138,81078,81078,81142
2026-05-25 09:04:59,74363,71558,71558,71558,71558,71582
2026-05-25 09:05:09,46841,35034,35034,35054,35034,34918
2026-05-25 09:05:19,74363,40638,40718,40676,40636,40762
2026-05-25 09:05:29,46081,81198,81198,81198,81198,81182
2026-05-25 09:05:39,29381,26634,26634,26634,30794,30678
2026-05-25 09:05:49,65723,64256,64238,64236,64256,64262
2026-05-25 09:05:59,65725,64258,64238,64238,64258,64262
2026-05-25 09:06:10,65725,64258,64258,64238,64258,64262
2026-05-25 09:06:20,65725,64258,64258,64238,64258,64262
2026-05-25 09:06:30,65725,64258,64258,64258,64258,64262
2026-05-25 09:06:40,65725,64258,64258,64258,64258,64262
2026-05-25 09:06:50,65725,64258,64258,64258,64258,64262
2026-05-25 09:07:00,65725,64258,64258,64258,64258,64262
2026-05-25 09:07:10,65725,64258,64258,64258,64258,64262
2026-05-25 09:07:20,65725,64258,64258,64258,64258,64262
2026-05-25 09:07:30,65725,64258,64258,64258,64258,64262
2026-05-25 09:07:40,65725,64258,64258,64258,64258,64262
2026-05-25 09:07:50,65725,64258,64258,64258,64258,64262
2026-05-25 09:08:00,65725,64258,64258,64258,64258,64262
2026-05-25 09:08:11,65725,64258,64258,64258,64258,64262
2026-05-25 09:08:21,65725,64258,64258,64258,64258,64262
2026-05-25 09:08:31,65725,64258,64258,64258,64258,64262
2026-05-25 09:08:41,65725,64258,64258,64258,64258,64262
2026-05-25 09:08:51,65725,64258,64258,64258,64258,64262
2026-05-25 09:09:01,65725,64258,64258,64258,64258,64262
2026-05-25 09:09:12,65725,64258,64258,64258,64258,64262
2026-05-25 09:09:22,48361,45774,45774,45774,45774,45518
2026-05-25 09:09:32,64461,61876,61876,61874,61874,61618
2026-05-25 09:09:42,64463,61876,61876,61876,61876,61620
2026-05-25 09:09:52,64463,61876,61876,61876,61876,61620
2026-05-25 09:10:03,22421,19534,19534,19534,19534,19438
2026-05-25 09:10:13,35301,32494,19534,19534,19534,19438
2026-05-25 09:10:23,35301,32494,32494,32494,32494,19438
2026-05-25 09:10:33,53101,72634,72596,71556,72436,71440
2026-05-25 09:10:43,63221,60414,60416,61036,60416,60320
2026-05-25 09:10:53,78121,75236,75176,75236,75236,75140
2026-05-25 09:11:03,64081,63776,62016,65096,65176,63760
2026-05-25 09:11:13,41961,38894,40656,41956,39314,40920
2026-05-25 09:11:23,68281,67476,66156,66736,66236,66500
2026-05-25 09:11:33,78121,75236,75236,75176,75176,75200
2026-05-25 09:11:44,35661,38194,39236,36336,39234,36980
2026-05-25 09:11:54,69241,68056,79596,73976,68836,75540
2026-05-25 09:12:04,78121,75236,75176,75236,75236,75200
2026-05-25 09:12:14,78061,75176,75176,75176,75236,75140
2026-05-25 09:12:24,46421,43594,43596,43596,43594,43640
2026-05-25 09:12:34,73661,74056,70776,70776,74716,70740
2026-05-25 09:12:44,78121,75176,75236,75236,75236,75200
2026-05-25 09:12:54,37941,39234,39236,39236,39234,39200
2026-05-25 09:13:04,68281,71336,70776,70696,67976,71220
2026-05-25 09:13:14,78121,75176,75236,75236,75236,75200
2026-05-25 09:13:24,78121,75236,75236,75176,75236,75200
2026-05-25 09:13:35,45241,42514,41776,42516,42154,42200
2026-05-25 09:13:45,77661,74776,74776,74716,74776,74740
2026-05-25 09:13:55,78121,75176,75176,75176,75236,75200
2026-05-25 09:14:05,46421,43534,43536,43536,43534,43580
2026-05-25 09:14:15,75161,73814,73816,73816,79196,73740
2026-05-25 09:14:25,78121,75236,75176,75176,75236,75200
2026-05-25 09:14:35,80201,80596,80536,80596,80596,80500
2026-05-25 09:14:45,35981,32854,32854,32854,32854,32798
2026-05-25 09:14:55,65705,64198,64198,64198,64198,64222
2026-05-25 09:15:05,65705,64198,64198,64198,64198,64222
2026-05-25 09:15:16,65705,64198,64198,64198,64198,64262
2026-05-25 09:15:26,65705,64198,64198,64198,64198,64262
2026-05-25 09:15:36,65705,64198,64198,64198,64198,64262
2026-05-25 09:15:46,65705,64198,64198,64198,64198,64262
2026-05-25 09:15:56,65705,64198,64198,64198,64198,64262
2026-05-25 09:16:06,65705,64198,64198,64198,64198,64262
2026-05-25 09:16:16,65705,64198,64198,64198,64198,64262
2026-05-25 09:16:26,65705,64198,64198,64198,64198,64262
2026-05-25 09:16:36,65705,64198,64198,64198,64198,64262
2026-05-25 09:16:46,65705,64198,64198,64198,64198,64262
2026-05-25 09:16:56,65705,64198,64198,64198,64198,64262
2026-05-25 09:17:06,65705,64198,64198,64198,64198,64262
2026-05-25 09:17:16,65705,64198,64198,64198,64198,64262
2026-05-25 09:17:26,65705,64198,64198,64198,64198,64262
2026-05-25 09:17:36,65705,64198,64198,64198,64198,64262
2026-05-25 09:17:46,65705,64198,64198,64198,64198,64262
2026-05-25 09:17:56,65705,64198,64198,64198,64198,64262
2026-05-25 09:18:06,65705,64198,64198,64198,64198,64262
2026-05-25 09:18:16,65705,64198,64198,64198,64198,64262
2026-05-25 09:18:26,38281,35414,35414,35414,35414,35358
2026-05-25 09:18:37,63841,60974,60974,60974,60974,60898
2026-05-25 09:18:47,63843,60976,60976,60976,60976,60900
2026-05-25 09:18:57,63843,60976,60976,60976,60976,60900
2026-05-25 09:19:07,22421,19514,19514,19514,19514,19418
2026-05-25 09:19:17,34821,32034,19514,19514,19514,19418
2026-05-25 09:19:27,34821,32034,32034,32034,20974,19418
2026-05-25 09:19:37,50441,52554,50314,52334,53094,52400
2026-05-25 09:19:47,76021,78194,77616,81056,69856,79540
2026-05-25 09:19:57,77001,74216,74156,74216,74216,74180
2026-05-25 09:20:07,37761,39134,39134,39134,39034,36218
2026-05-25 09:20:17,76541,73756,73756,73756,73756,73660
2026-05-25 09:20:28,77001,74216,74216,74156,74216,74180
2026-05-25 09:20:38,69081,70676,70736,71256,69756,69360
2026-05-25 09:20:48,59401,59854,54614,59854,57434,58638
2026-05-25 09:20:58,77001,74216,74216,74216,74216,74120
2026-05-25 09:21:08,48001,49216,48856,47236,48336,50220
2026-05-25 09:21:18,71101,67016,69756,69756,66436,64780
2026-05-25 09:21:28,77001,74156,74216,74216,74156,74180
2026-05-25 09:21:38,79081,79516,79516,79576,79516,79540
2026-05-25 09:21:48,57921,56474,59854,59234,56574,59778
2026-05-25 09:21:59,77001,74216,74216,74156,74216,74180
2026-05-25 09:22:09,45941,47896,47116,47876,46296,45500
2026-05-25 09:22:19,68721,68856,71916,72716,68316,67640
2026-05-25 09:22:29,77001,74216,74216,74216,74156,74180
2026-05-25 09:22:39,79081,79516,79576,79576,79516,79540
2026-05-25 09:22:49,57341,54614,56694,54614,54614,54558
2026-05-25 09:22:59,77001,74156,74216,74156,74216,74120
2026-05-25 09:23:09,55961,57956,58976,59856,58956,59060
2026-05-25 09:23:19,67541,78636,77416,74216,72216,80800
2026-05-25 09:23:29,77001,74216,74216,74216,74156,74180
2026-05-25 09:23:40,35981,33194,33194,33194,33194,32798
2026-05-25 09:23:50,65705,64218,64218,64358,64218,64282
2026-05-25 09:24:00,65705,64218,64218,64358,64218,64282
2026-05-25 09:24:10,65705,64218,64218,64358,64218,64282
2026-05-25 09:24:20,65705,64218,64218,64358,64218,64282
2026-05-25 09:24:30,65705,64218,64218,64358,64218,64282
2026-05-25 09:24:40,65705,64218,64218,64358,64218,64282
2026-05-25 09:24:51,65705,64218,64218,64358,64218,64282
2026-05-25 09:25:01,65705,64218,64218,64358,64218,64282
2026-05-25 09:25:11,65705,64218,64218,64358,64218,64282
2026-05-25 09:25:21,65705,64218,64218,64358,64218,64282
2026-05-25 09:25:31,65705,64218,64218,64358,64218,64282
2026-05-25 09:25:41,65705,64218,64218,64358,64218,64282
2026-05-25 09:25:52,65705,64218,64218,64358,64218,64282
2026-05-25 09:26:02,65705,64218,64218,64358,64218,64282
2026-05-25 09:26:12,65705,64218,64218,64358,64218,64282
2026-05-25 09:26:22,65705,64218,64218,64358,64218,64282
2026-05-25 09:26:32,65705,64218,64218,64358,64218,64282
2026-05-25 09:26:42,65705,64218,64218,64358,64218,64282
2026-05-25 09:26:52,60761,57934,57934,57914,57934,57958
2026-05-25 09:27:02,60761,57934,57934,57914,57934,57958
2026-05-25 09:27:12,60763,57936,57936,57916,57936,57960
2026-05-25 09:27:22,22401,19554,19554,19554,19554,19438
2026-05-25 09:27:33,34541,31774,19554,19554,19554,19438
2026-05-25 09:27:43,34541,31774,31774,31774,31774,20638
2026-05-25 09:27:53,72343,79238,79238,79238,79238,79122
2026-05-25 09:28:03,78683,80818,80818,80818,80818,80782
2026-05-25 09:28:13,60821,58734,58734,59236,58736,58840
2026-05-25 09:28:23,73323,80478,80478,80478,80478,80342
2026-05-25 09:28:33,46501,44434,44434,44436,44436,44380
2026-05-25 09:28:43,73323,80338,80338,80338,80338,80482
2026-05-25 09:28:53,78683,80338,80338,80338,80338,80342
2026-05-25 09:29:03,72081,80178,80178,80178,80178,80182
2026-05-25 09:29:13,73323,80458,80458,80458,80458,80482
2026-05-25 09:29:23,63981,63454,62354,63456,63456,63600
2026-05-25 09:29:34,73323,80338,80338,80338,80338,80342
2026-05-25 09:29:44,46821,45074,45074,45076,45076,45020
2026-05-25 09:29:54,69001,80178,80178,80178,80178,80322
2026-05-25 09:30:04,78683,80458,80458,80458,80458,80342
2026-05-25 09:30:14,65861,68234,59694,67916,68236,64420
2026-05-25 09:30:24,73323,80338,80338,80338,80338,80482
2026-05-25 09:30:34,46761,44754,44754,44756,44756,44720
2026-05-25 09:30:44,73323,80338,80338,80338,80338,80342
2026-05-25 09:30:54,40043,39216,43558,44838,43698,44042
2026-05-25 09:31:04,68921,80178,80178,80178,80178,80322
2026-05-25 09:31:15,78683,80338,80338,80338,80338,80342
2026-05-25 09:31:25,77521,75454,80216,78516,75456,75400
2026-05-25 09:31:35,35961,32874,32874,32874,32874,33098
2026-05-25 09:31:45,65885,64218,64218,64218,64198,64322
2026-05-25 09:31:55,65885,64218,64218,64218,64198,64322
2026-05-25 09:32:05,65885,64218,64218,64218,64218,64322
2026-05-25 09:32:15,65885,64218,64218,64218,64218,64322
2026-05-25 09:32:25,65885,64218,64218,64218,64218,64322
2026-05-25 09:32:35,65885,64218,64218,64218,64218,64322
2026-05-25 09:32:45,65885,64218,64218,64218,64218,64322
2026-05-25 09:32:55,65885,64218,64218,64218,64218,64322
2026-05-25 09:33:05,65885,64218,64218,64218,64218,64322
2026-05-25 09:33:16,65885,64218,64218,64218,64218,64322
2026-05-25 09:33:26,65885,64218,64218,64218,64218,64322
2026-05-25 09:33:36,37381,34494,34494,34494,34494,34698
2026-05-25 09:33:46,60141,57614,57614,57614,57614,57558
2026-05-25 09:33:56,60143,57616,57616,57616,57616,57560
2026-05-25 09:34:06,60143,57616,57616,57616,55936,55600
2026-05-25 09:34:16,34507,19536,19536,19536,19536,19420
2026-05-25 09:34:26,34507,31760,31760,31760,19536,19420
2026-05-25 09:34:36,53367,55440,57440,56360,56720,56726
2026-05-25 09:34:46,72647,80322,80322,80322,80322,79786
2026-05-25 09:34:56,58467,59962,57682,62342,61082,61766
2026-05-25 09:35:06,46087,44140,44140,44140,44140,44026
2026-05-25 09:35:16,72667,79862,79862,79862,79862,79946
2026-05-25 09:35:27,42725,44138,44138,44138,44138,44004
2026-05-25 09:35:37,72667,79862,79862,79862,79862,79866
2026-05-25 09:35:47,41605,34758,34758,34758,34758,34644
2026-05-25 09:35:57,72667,80022,80022,80022,80022,79786
2026-05-25 09:36:07,73447,75122,74662,75382,75622,74766
2026-05-25 09:36:17,55827,53980,53980,53980,53940,53746
2026-05-25 09:36:27,72667,79882,79882,79882,79882,79786
2026-05-25 09:36:37,46467,44460,44760,44760,44760,44666
2026-05-25 09:36:47,72667,79902,79902,79902,79902,79786
2026-05-25 09:36:57,45847,44140,44140,44140,44140,44026
2026-05-25 09:37:08,72667,79862,79862,79862,79862,79786
2026-05-25 09:37:18,51807,55662,54102,56222,57382,57446
2026-05-25 09:37:28,72667,79862,79862,79862,79862,79786
2026-05-25 09:37:38,57887,57922,58242,59262,59062,58386
2026-05-25 09:37:48,72207,79862,79862,79862,79862,79626
2026-05-25 09:37:58,65847,67142,64082,68942,68282,69246
2026-05-25 09:38:08,68265,79862,79862,79862,79862,79626
2026-05-25 09:38:18,34441,31674,31674,31674,31674,31578
2026-05-25 09:38:28,65883,64216,64198,64198,64196,64322
2026-05-25 09:38:38,65885,64218,64198,64198,64198,64322
2026-05-25 09:38:48,65885,64218,64218,64198,64218,64322
2026-05-25 09:38:59,65885,64218,64218,64198,64218,64322
2026-05-25 09:39:09,65885,64218,64218,64218,64218,64322
2026-05-25 09:39:19,65885,64218,64218,64218,64218,64322
2026-05-25 09:39:29,65885,64218,64218,64218,64218,64322
2026-05-25 09:39:39,65885,64218,64218,64218,64218,64322
2026-05-25 09:39:49,65885,64218,64218,64218,64218,64322
2026-05-25 09:39:59,65885,64218,64218,64218,64218,64322
2026-05-25 09:40:09,65885,64218,64218,64218,64218,64322
2026-05-25 09:40:19,65885,64218,64218,64218,64218,64322
2026-05-25 09:40:29,65885,64218,64218,64218,64218,64322
2026-05-25 09:40:39,65885,64218,64218,64218,64218,64322
2026-05-25 09:40:49,65885,64218,64218,64218,64218,64322
2026-05-25 09:41:00,65885,64218,64218,64218,64218,64322
2026-05-25 09:41:10,65885,64218,64218,64218,64218,64322
2026-05-25 09:41:20,65885,64218,64218,64218,64218,64322
2026-05-25 09:41:31,65885,64218,64218,64218,64218,64322
2026-05-25 09:41:41,61421,58534,58534,58534,58534,58518
2026-05-25 09:41:51,61421,58534,58534,58534,58534,58518
2026-05-25 09:42:01,61423,58536,58536,58536,58536,58520
2026-05-25 09:42:11,22421,19574,19574,19574,19574,19418
2026-05-25 09:42:21,34601,31814,19574,19574,19574,19418
2026-05-25 09:42:31,34601,31814,31814,31814,31814,19418
2026-05-25 09:42:42,74003,80478,80478,80478,80478,80382
2026-05-25 09:42:52,74003,41776,41778,41778,41776,41742
2026-05-25 09:43:02,73543,71258,71198,71258,71198,71202
2026-05-25 09:43:12,46541,80878,80878,80878,80878,80842
2026-05-25 09:43:22,79363,80938,80938,80938,80938,80902
2026-05-25 09:43:32,74003,80938,80938,80938,80938,80902
2026-05-25 09:43:42,47181,80938,80938,80938,80938,80902
2026-05-25 09:43:52,42501,80938,80938,80938,80938,80902
2026-05-25 09:44:02,74003,80938,80938,80938,80938,80902
2026-05-25 09:44:12,74003,80938,80938,80938,80938,80902
2026-05-25 09:44:22,74003,80938,80938,80938,80938,80902
2026-05-25 09:44:32,74003,80938,80938,80938,80938,80902
2026-05-25 09:44:42,74003,80938,80938,80938,80938,80902
2026-05-25 09:44:53,74003,80938,80938,80938,80938,80902
2026-05-25 09:45:03,46981,80938,80938,80938,80938,80902
2026-05-25 09:45:13,41801,80938,80938,80938,80938,80902
2026-05-25 09:45:23,74003,80938,80938,80938,80938,80902
2026-05-25 09:45:33,74003,80938,80938,80938,80938,80902
2026-05-25 09:45:43,46721,74058,80938,80938,63158,63022
2026-05-25 09:45:53,37481,34634,36854,33454,34194,37158
2026-05-25 09:46:03,65705,64218,64218,64218,64198,64242
2026-05-25 09:46:13,65705,64218,64218,64218,64218,64262
2026-05-25 09:46:23,65705,64218,64218,64218,64218,64262
2026-05-25 09:46:33,65705,64218,64218,64218,64218,64262
2026-05-25 09:46:43,65705,64218,64218,64218,64218,64262
2026-05-25 09:46:54,65705,64218,64218,64218,64218,64262
2026-05-25 09:47:04,65705,64218,64218,64218,64218,64262
2026-05-25 09:47:14,65705,64218,64218,64218,64218,64262
2026-05-25 09:47:24,65705,64218,64218,64218,64218,64262
2026-05-25 09:47:34,65705,64218,64218,64218,64218,64262
2026-05-25 09:47:44,65705,64218,64218,64218,64218,64262
2026-05-25 09:47:54,65705,64218,64218,64218,64218,64262
2026-05-25 09:48:04,65705,64218,64218,64218,64218,64262
2026-05-25 09:48:14,65705,64218,64218,64218,64218,64262
2026-05-25 09:48:24,65705,64218,64218,64218,64218,64262
2026-05-25 09:48:34,65705,64218,64218,64218,64218,64262
2026-05-25 09:48:44,37241,34414,34414,34414,34414,34378
2026-05-25 09:48:54,60341,57514,57514,57514,57514,57458
2026-05-25 09:49:05,60343,57516,57516,57516,57516,57460
2026-05-25 09:49:15,22423,19536,19536,19536,19536,19420
2026-05-25 09:49:25,34487,31740,19536,19536,19536,19420
2026-05-25 09:49:35,34487,31740,31740,31740,31740,19420
2026-05-25 09:49:45,81047,73560,70060,72060,73560,73486
2026-05-25 09:49:55,78147,79862,79862,79862,79862,79806
2026-05-25 09:50:05,69107,79862,79862,77842,79862,79626
2026-05-25 09:50:15,78107,79862,79862,79862,79862,79946
2026-05-25 09:50:25,64927,79922,79922,79922,79182,75066
2026-05-25 09:50:35,78107,79882,79882,79882,79882,79786
2026-05-25 09:50:45,76187,70862,75142,75142,70442,72246
2026-05-25 09:50:56,72747,79862,79862,79862,79862,79946
2026-05-25 09:51:06,57367,55122,53782,56342,55582,53706
2026-05-25 09:51:16,72747,80022,80022,80022,80022,79946
2026-05-25 09:51:26,46527,44722,44722,44722,44722,44646
2026-05-25 09:51:36,72747,79862,79862,79862,79862,79786
2026-05-25 09:51:46,44087,40802,38542,38662,41842,39606
2026-05-25 09:51:56,72747,80022,80022,80022,80022,79946
2026-05-25 09:52:06,55927,59102,58982,57862,59482,58406
2026-05-25 09:52:16,72747,79862,79862,79862,79862,79946
2026-05-25 09:52:26,61747,63642,61782,65542,63762,63046
2026-05-25 09:52:36,72287,79862,79862,79862,79862,79626
2026-05-25 09:52:46,70647,72602,72742,73262,72022,72486
2026-05-25 09:52:57,55807,53782,53782,53782,55042,53866
2026-05-25 09:53:07,72747,80022,80022,80022,80022,79806
2026-05-25 09:53:17,46625,46260,46260,46260,38520,39044
2026-05-25 09:53:27,40121,37034,39954,37294,37414,38740
2026-05-25 09:53:37,65825,64278,64278,64278,64278,64322
2026-05-25 09:53:47,65825,64278,64278,64278,64298,64322
2026-05-25 09:53:57,65825,64278,64278,64278,64298,64322
2026-05-25 09:54:07,65825,64278,64278,64298,64298,64322
2026-05-25 09:54:17,65825,64278,64278,64298,64298,64322
2026-05-25 09:54:27,65825,64278,64278,64298,64298,64322
2026-05-25 09:54:37,65825,64278,64278,64298,64298,64322
2026-05-25 09:54:47,65825,64278,64278,64298,64298,64322
2026-05-25 09:54:58,65825,64278,64278,64298,64298,64322
2026-05-25 09:55:08,65825,64278,64278,64298,64298,64322
2026-05-25 09:55:18,65825,64278,64278,64298,64298,64322
2026-05-25 09:55:28,65825,64278,64278,64298,64298,64322
2026-05-25 09:55:38,65825,64278,64278,64298,64298,64322
2026-05-25 09:55:48,65825,64278,64278,64298,64298,64322
2026-05-25 09:55:58,65825,64278,64278,64298,64298,64322
2026-05-25 09:56:08,65825,64278,64278,64298,64298,64322
2026-05-25 09:56:18,65825,64278,64278,64298,64298,64322
2026-05-25 09:56:28,38161,35254,35254,35254,35254,35218
2026-05-25 09:56:38,62901,59994,59994,59994,59994,59938
2026-05-25 09:56:48,62903,59996,59996,59996,59996,59940
2026-05-25 09:56:58,62903,59996,59996,59996,59996,59940
2026-05-25 09:57:08,22381,19574,19574,19574,19574,19418
2026-05-25 09:57:19,34761,31974,31974,19574,19574,19418
2026-05-25 09:57:29,34761,31974,31974,31974,31974,22518
2026-05-25 09:57:39,75301,66196,66976,67456,65856,66520
2026-05-25 09:57:49,75361,72456,72516,72456,72516,72500
2026-05-25 09:57:59,46601,43856,43856,43854,43854,43758
2026-05-25 09:58:10,75361,72616,72616,72616,72616,72500
2026-05-25 09:58:20,80721,77976,77976,77976,77976,77860
2026-05-25 09:58:30,66961,64216,64216,64214,64214,63858
2026-05-25 09:58:40,75361,72556,72616,72616,72616,72560
2026-05-25 09:58:50,41901,39116,39116,39114,39114,39058
2026-05-25 09:59:00,74901,72096,72096,72156,72156,72100
2026-05-25 09:59:11,75361,72616,72616,72616,72556,72500
2026-05-25 09:59:21,46661,43936,43936,43934,43934,43838
2026-05-25 09:59:31,75361,72616,72616,72556,72616,72560
2026-05-25 09:59:41,59521,57336,57556,57156,57356,55740
2026-05-25 09:59:51,78441,75716,79576,68556,72696,73240
2026-05-25 10:00:01,75361,72556,72616,72616,72616,72500
2026-05-25 10:00:11,80721,77976,79416,81216,78976,80920
2026-05-25 10:00:21,66961,64216,64216,64214,64214,64118
2026-05-25 10:00:31,75361,72616,72616,72616,72556,72560
2026-05-25 10:00:42,43021,40236,40236,40234,40234,40178
2026-05-25 10:00:52,75361,72556,72616,72556,72616,72500
2026-05-25 10:01:02,80721,77976,77976,77976,77976,77860
2026-05-25 10:01:12,46801,44056,44056,44054,44054,43958
2026-05-25 10:01:22,75361,72616,72556,72616,72616,72560
2026-05-25 10:01:32,35981,33194,33194,33194,33194,32798
2026-05-25 10:01:42,65705,64358,64218,64358,64358,64282
2026-05-25 10:01:52,65705,64358,64218,64358,64358,64282
2026-05-25 10:02:02,65705,64358,64218,64358,64358,64282
2026-05-25 10:02:12,65705,64358,64218,64358,64358,64282
2026-05-25 10:02:22,65705,64358,64218,64358,64358,64282
2026-05-25 10:02:32,65705,64358,64218,64358,64358,64282
2026-05-25 10:02:42,65705,64358,64218,64358,64358,64282
2026-05-25 10:02:53,65705,64358,64218,64358,64358,64282
2026-05-25 10:03:03,65705,64358,64218,64358,64358,64282
2026-05-25 10:03:13,65705,64358,64218,64358,64358,64282
2026-05-25 10:03:23,65705,64358,64218,64358,64358,64282
2026-05-25 10:03:33,65705,64358,64218,64358,64358,64282
2026-05-25 10:03:43,65705,64358,64218,64358,64358,64282
2026-05-25 10:03:53,65705,64358,64218,64358,64358,64282
2026-05-25 10:04:03,65705,64358,64218,64358,64358,64282
2026-05-25 10:04:13,65705,64358,64218,64358,64358,64282
2026-05-25 10:04:24,65705,64358,64218,64358,64358,64282
2026-05-25 10:04:34,65705,64358,64218,64358,64358,64282
2026-05-25 10:04:44,52045,54478,58618,59098,59458,61042
2026-05-25 10:04:54,60861,57974,57994,57974,57974,58018
2026-05-25 10:05:04,60863,57976,57996,57976,57976,58020
2026-05-25 10:05:14,60863,57976,57996,57976,57976,58020
2026-05-25 10:05:24,22401,19554,19554,19554,19554,19438
2026-05-25 10:05:34,34561,31774,31774,19554,19554,19438
2026-05-25 10:05:44,72643,67054,67054,67054,67054,66898
2026-05-25 10:05:54,74863,75858,75738,75718,75738,75682
2026-05-25 10:06:04,68981,80258,80258,80258,80258,80262
2026-05-25 10:06:15,78743,80398,80398,80398,80398,80422
2026-05-25 10:06:25,42481,39594,43094,40616,42436,39000
2026-05-25 10:06:35,73383,80538,80538,80538,80538,80482
2026-05-25 10:06:45,40323,43098,41198,42018,43458,41082
2026-05-25 10:06:55,73383,80418,80418,80418,80418,80422
2026-05-25 10:07:05,59943,60298,60718,59978,61598,60962
2026-05-25 10:07:15,68981,80258,80258,80258,80258,80242
2026-05-25 10:07:25,73383,80398,80398,80398,80398,80422
2026-05-25 10:07:35,42901,44154,44154,44156,44156,44080
2026-05-25 10:07:45,73383,80538,80538,80538,80538,80402
2026-05-25 10:07:55,41781,34754,34754,34756,34756,34720
2026-05-25 10:08:06,73383,80418,80418,80418,80418,80422
2026-05-25 10:08:16,57823,58698,55758,55658,57538,57182
2026-05-25 10:08:26,46681,44634,44634,44636,44636,44680
2026-05-25 10:08:36,73383,80398,80398,80398,80398,80422
2026-05-25 10:08:46,42901,44154,44154,44156,44156,44100
2026-05-25 10:08:56,73383,80538,80538,80538,80538,80482
2026-05-25 10:09:06,42723,43598,45678,43318,43878,44082
2026-05-25 10:09:16,73383,80418,80418,80418,80418,80422
2026-05-25 10:09:26,70703,69618,71138,71518,71278,70462
2026-05-25 10:09:37,35961,32874,32874,32874,32874,33098
2026-05-25 10:09:47,65865,64218,64198,64218,64218,64382
2026-05-25 10:09:57,65865,64218,64218,64218,64218,64382
2026-05-25 10:10:07,65865,64218,64218,64218,64218,64382
2026-05-25 10:10:17,65865,64218,64218,64218,64218,64382
2026-05-25 10:10:27,65865,64218,64218,64218,64218,64382
2026-05-25 10:10:38,65865,64218,64218,64218,64218,64382
2026-05-25 10:10:48,65865,64218,64218,64218,64218,64382
2026-05-25 10:10:58,65865,64218,64218,64218,64218,64382
2026-05-25 10:11:08,65865,64218,64218,64218,64218,64382
2026-05-25 10:11:18,65865,64218,64218,64218,64218,64382
2026-05-25 10:11:28,65865,64218,64218,64218,64218,64382
2026-05-25 10:11:38,65865,64218,64218,64218,64218,64382
2026-05-25 10:11:48,65865,64218,64218,64218,64218,64382
2026-05-25 10:11:58,65865,64218,64218,64218,64218,64382
2026-05-25 10:12:08,65865,64218,64218,64218,64218,64382
2026-05-25 10:12:18,65865,64218,64218,64218,64218,64382
2026-05-25 10:12:28,37941,35034,35034,35034,35034,35038
2026-05-25 10:12:38,62621,59714,59716,59714,59714,59718
2026-05-25 10:12:48,62623,59716,59716,59716,59716,59720
2026-05-25 10:12:59,62623,59716,59716,59716,59716,59720
2026-05-25 10:13:09,24761,19534,19534,19534,19534,19418
2026-05-25 10:13:19,34721,31934,31934,19534,19534,19418
2026-05-25 10:13:29,75821,73054,73054,73054,73054,73058
2026-05-25 10:13:39,75461,42114,42114,42114,42114,41878
2026-05-25 10:13:49,41101,35156,36734,36774,35954,35918
2026-05-25 10:13:59,75521,72776,72716,72716,72716,72580
2026-05-25 10:14:09,80881,78076,78076,78136,78076,77940
2026-05-25 10:14:19,79561,80676,79016,75494,76854,76698
2026-05-25 10:14:29,75521,72716,72776,72776,72776,72640
2026-05-25 10:14:39,45561,42456,44316,42656,40736,40520
2026-05-25 10:14:50,73121,76796,66536,77516,71896,74080
2026-05-25 10:15:00,75521,72776,72716,72776,72716,72640
2026-05-25 10:15:10,47221,44516,44514,44514,44514,44358
2026-05-25 10:15:20,75521,72776,72716,72776,72716,72640
2026-05-25 10:15:30,80881,78076,78076,78076,78076,77940
2026-05-25 10:15:40,79601,75596,76356,80256,80516,79460
2026-05-25 10:15:50,75521,72776,72776,72716,72776,72640
2026-05-25 10:16:00,46241,43556,43554,43554,43554,43398
2026-05-25 10:16:10,75521,72716,72776,72776,72776,72580
2026-05-25 10:16:20,56281,52216,53336,52396,52096,55020
2026-05-25 10:16:31,75061,72316,68316,72316,69656,68180
2026-05-25 10:16:41,75521,72716,72776,72776,72776,72640
2026-05-25 10:16:51,68021,64176,65396,64616,65076,65220
2026-05-25 10:17:01,71061,66456,64296,68316,67876,68180
2026-05-25 10:17:11,75521,72776,72716,72776,72776,72640
2026-05-25 10:17:21,46801,44036,44034,44034,44034,43978
2026-05-25 10:17:31,37201,34634,37734,34754,34354,37318
2026-05-25 10:17:41,65705,64238,64238,64258,64238,64262
2026-05-25 10:17:51,65705,64258,64258,64258,64238,64262
2026-05-25 10:18:01,65705,64258,64258,64258,64238,64262
2026-05-25 10:18:11,65705,64258,64258,64258,64238,64262
2026-05-25 10:18:21,65705,64258,64258,64258,64238,64262
2026-05-25 10:18:31,65705,64258,64258,64258,64238,64262
2026-05-25 10:18:41,65705,64258,64258,64258,64238,64262
2026-05-25 10:18:51,65705,64258,64258,64258,64238,64262
2026-05-25 10:19:01,65705,64258,64258,64258,64238,64262
2026-05-25 10:19:11,65705,64258,64258,64258,64238,64262
2026-05-25 10:19:21,65705,64258,64258,64258,64238,64262
2026-05-25 10:19:32,65705,64258,64258,64258,64238,64262
2026-05-25 10:19:42,65705,64258,64258,64258,64238,64262
2026-05-25 10:19:52,65705,64258,64258,64258,64238,64262
2026-05-25 10:20:02,65705,64258,64258,64258,64238,64262
2026-05-25 10:20:12,65705,64258,64258,64258,64238,64262
2026-05-25 10:20:22,37321,34514,34514,34514,34514,34458
2026-05-25 10:20:32,60601,57774,57774,57774,57774,57718
2026-05-25 10:20:42,60603,57776,57774,57774,57774,57718
2026-05-25 10:20:52,60603,57776,57776,57776,57776,57720
2026-05-25 10:21:02,25885,19536,19536,19536,19536,19440
2026-05-25 10:21:12,34507,31760,31760,31760,19536,19440
2026-05-25 10:21:22,76407,73660,73720,73660,73720,73544
2026-05-25 10:21:32,65367,58820,58820,58822,58822,56186
2026-05-25 10:21:43,72967,80222,80222,80222,80222,80106
2026-05-25 10:21:53,49767,47820,47820,47822,47822,47686
2026-05-25 10:22:03,72967,80222,80222,80222,80222,80266
2026-05-25 10:22:13,41585,34778,34778,34780,34780,34624
2026-05-25 10:22:23,72967,80222,80222,80222,80222,80266
2026-05-25 10:22:33,46947,48302,49942,51142,47822,48046
2026-05-25 10:22:43,72967,80362,80362,80362,80362,80266
2026-05-25 10:22:53,51267,53902,54802,55602,51462,52986
2026-05-25 10:23:03,77247,70560,70520,69982,75302,70946
2026-05-25 10:23:13,72967,80362,80362,80362,80362,80126
2026-05-25 10:23:24,71247,67560,63600,67702,68322,65306
2026-05-25 10:23:34,72967,80222,80222,80222,80222,80126
2026-05-25 10:23:44,60627,59000,58680,58682,58682,58726
2026-05-25 10:23:54,72967,80362,80362,80362,80362,80126
2026-05-25 10:24:04,45507,44160,44160,44162,44162,44006
2026-05-25 10:24:14,72967,80222,80222,80222,80222,80126
2026-05-25 10:24:24,42705,44138,44138,44140,44140,44004
2026-05-25 10:24:34,72967,80362,80362,80362,80362,80126
2026-05-25 10:24:44,41585,33980,33522,33962,34322,32586
2026-05-25 10:24:54,72967,80222,80222,80222,80222,80126
2026-05-25 10:25:04,35961,32874,32874,32874,32874,33098
2026-05-25 10:25:14,65865,64218,64218,64198,64218,64282
2026-05-25 10:25:25,65865,64218,64218,64198,64218,64282
2026-05-25 10:25:35,65865,64218,64218,64218,64218,64282
2026-05-25 10:25:45,65865,64218,64218,64218,64218,64282
2026-05-25 10:25:55,65865,64218,64218,64218,64218,64282
2026-05-25 10:26:05,65865,64218,64218,64218,64218,64282
2026-05-25 10:26:15,65865,64218,64218,64218,64218,64282
2026-05-25 10:26:25,65865,64218,64218,64218,64218,64282
2026-05-25 10:26:35,65865,64218,64218,64218,64218,64282
2026-05-25 10:26:45,65865,64218,64218,64218,64218,64282
2026-05-25 10:26:55,65865,64218,64218,64218,64218,64282
2026-05-25 10:27:05,65865,64218,64218,64218,64218,64282
2026-05-25 10:27:15,65865,64218,64218,64218,64218,64282
2026-05-25 10:27:25,65865,64218,64218,64218,64218,64282
2026-05-25 10:27:36,65865,64218,64218,64218,64218,64282
2026-05-25 10:27:46,37241,34354,34354,34354,34354,34558
2026-05-25 10:27:56,59841,57314,57314,57314,57314,57238
2026-05-25 10:28:06,59843,57316,57316,57316,57316,57240
2026-05-25 10:28:16,22423,19536,19536,19536,19536,19420
2026-05-25 10:28:26,34467,31720,19536,19536,19536,19420
2026-05-25 10:28:36,34467,31720,31720,31720,31720,19420
2026-05-25 10:28:46,38745,78962,78962,78962,78962,78886
2026-05-25 10:28:56,44427,48002,45162,49062,49422,48066
2026-05-25 10:29:06,72067,79502,79502,79502,79502,79426
2026-05-25 10:29:16,69827,69762,70762,70442,69002,67686
2026-05-25 10:29:26,68125,79502,79502,79502,79502,79406
2026-05-25 10:29:36,77887,79822,79822,79822,79822,79706
2026-05-25 10:29:46,79567,79662,79662,78242,79662,79426
2026-05-25 10:29:56,77887,79662,79662,79662,79662,79586
2026-05-25 10:30:06,76807,76802,74802,79502,76022,74746
2026-05-25 10:30:17,78447,79822,79822,79822,79822,79586
2026-05-25 10:30:27,46907,45042,45042,45042,45042,44926
2026-05-25 10:30:37,72527,79662,79662,79662,79662,79586
2026-05-25 10:30:47,46727,44702,45022,45022,45022,44926
2026-05-25 10:30:57,72527,79822,79822,79822,79822,79586
2026-05-25 10:31:07,46107,44422,44422,44422,44422,44306
2026-05-25 10:31:17,72527,79662,79662,79662,79662,79586
2026-05-25 10:31:27,57607,59902,59342,58762,60442,59306
2026-05-25 10:31:37,72527,79822,79822,79822,79822,79586
2026-05-25 10:31:47,59687,60302,59942,60982,59942,61106
2026-05-25 10:31:58,72527,79662,79662,79662,79662,79586
2026-05-25 10:32:08,55227,52582,51502,54002,56282,54306
2026-05-25 10:32:18,21465,18598,18598,18598,18598,18502
2026-05-25 10:32:28,65063,64256,64276,64276,63616,40998
2026-05-25 10:32:38,65825,64298,64298,64298,64298,64282
2026-05-25 10:32:48,65825,64298,64298,64298,64298,64282
2026-05-25 10:32:58,65825,64298,64298,64298,64298,64282
2026-05-25 10:33:08,65825,64298,64298,64298,64298,64282
2026-05-25 10:33:18,65825,64298,64298,64298,64298,64282
2026-05-25 10:33:28,65825,64298,64298,64298,64298,64282
2026-05-25 10:33:38,65825,64298,64298,64298,64298,64282
2026-05-25 10:33:48,65825,64298,64298,64298,64298,64282
2026-05-25 10:33:59,65825,64298,64298,64298,64298,64282
2026-05-25 10:34:09,65825,64298,64298,64298,64298,64282
2026-05-25 10:34:19,65825,64298,64298,64298,64298,64282
2026-05-25 10:34:29,65825,64298,64298,64298,64298,64282
2026-05-25 10:34:39,65825,64298,64298,64298,64298,64282
2026-05-25 10:34:50,65825,64298,64298,64298,64298,64282
2026-05-25 10:35:00,65825,64298,64298,64298,64298,64282
2026-05-25 10:35:10,65825,64298,64298,64298,64298,64282
2026-05-25 10:35:20,65825,64298,64298,64298,64298,64282
2026-05-25 10:35:30,65825,64298,64298,64298,64298,64282
2026-05-25 10:35:40,65825,64298,64298,64298,64298,64282
2026-05-25 10:35:50,65825,64298,64298,64298,64298,64282
2026-05-25 10:36:00,65825,64298,64298,64298,64298,64282
2026-05-25 10:36:11,65825,64298,64298,64298,64298,64282
2026-05-25 10:36:21,65825,64298,64298,64298,64298,64282
2026-05-25 10:36:31,65825,64298,64298,64298,64298,64282
2026-05-25 10:36:41,65825,64298,64298,64298,64298,64282
2026-05-25 10:36:51,37861,34974,34974,34974,34974,34918
2026-05-25 10:37:01,62221,59334,59334,59334,59334,59280
2026-05-25 10:37:11,62223,59336,59336,59336,59336,59280
2026-05-25 10:37:21,22381,19574,19574,19574,19574,19418
2026-05-25 10:37:32,34681,19574,19574,19574,19574,19418
2026-05-25 10:37:42,34681,31914,31914,31914,19574,19418
2026-05-25 10:37:52,78101,75394,75394,75394,75394,75278
2026-05-25 10:38:02,47121,51514,51514,51514,51514,51198
2026-05-25 10:38:12,75021,72194,72136,72196,72196,72020
2026-05-25 10:38:22,39961,38516,38556,37196,37616,36300
2026-05-25 10:38:32,75021,72196,72196,72196,72196,72020
2026-05-25 10:38:42,75021,72196,72196,72196,72196,72020
2026-05-25 10:38:52,44861,42196,42196,42534,42054,42558
2026-05-25 10:39:02,75021,72196,72136,72136,72196,72080
2026-05-25 10:39:12,77101,74536,73776,74356,73916,73860
2026-05-25 10:39:22,79141,76316,79276,76314,78276,76258
2026-05-25 10:39:33,75021,72196,72136,72136,72196,72080
2026-05-25 10:39:43,47061,44236,44236,44234,44234,44178
2026-05-25 10:39:53,75021,72136,72136,72196,72136,72080
2026-05-25 10:40:03,42561,39736,39736,39734,39734,39698
2026-05-25 10:40:13,75021,72196,72196,72196,72136,72020
2026-05-25 10:40:23,69581,66376,66496,65916,67696,66880
2026-05-25 10:40:33,73221,76316,77996,76314,76316,76258
2026-05-25 10:40:43,74961,72136,72196,72136,72196,72020
2026-05-25 10:40:53,77021,74036,73976,73676,74596,73860
2026-05-25 10:41:03,74501,76196,77516,70076,71936,73100
2026-05-25 10:41:14,75021,72136,72196,72196,72136,72080
2026-05-25 10:41:24,47381,44556,44556,44554,44554,44498
2026-05-25 10:41:34,75021,72196,72196,72136,72196,72080
2026-05-25 10:41:44,35961,32874,32874,32874,32874,32758
2026-05-25 10:41:54,65705,64258,64258,64238,64258,64262
2026-05-25 10:42:04,65705,64258,64258,64238,64258,64262
2026-05-25 10:42:14,65705,64258,64258,64258,64258,64262
2026-05-25 10:42:24,65705,64258,64258,64258,64258,64262
2026-05-25 10:42:34,65705,64258,64258,64258,64258,64262
2026-05-25 10:42:44,65705,64258,64258,64258,64258,64262
2026-05-25 10:42:54,65705,64258,64258,64258,64258,64262
2026-05-25 10:43:04,65705,64258,64258,64258,64258,64262
2026-05-25 10:43:14,65705,64258,64258,64258,64258,64262
2026-05-25 10:43:25,65705,64258,64258,64258,64258,64262
2026-05-25 10:43:35,65705,64258,64258,64258,64258,64262
2026-05-25 10:43:45,65705,64258,64258,64258,64258,64262
2026-05-25 10:43:55,65705,64258,64258,64258,64258,64262
2026-05-25 10:44:05,65705,64258,64258,64258,64258,64262
2026-05-25 10:44:15,65705,64258,64258,64258,64258,64262
2026-05-25 10:44:25,65705,64258,64258,64258,64258,64262
2026-05-25 10:44:35,65705,64258,64258,64258,64258,64262
2026-05-25 10:44:45,65705,64258,64258,64258,64258,64262
2026-05-25 10:44:55,36401,33874,33874,33874,33874,33518
2026-05-25 10:45:05,56961,54894,54894,54894,54894,54078
2026-05-25 10:45:15,56963,54896,54896,54896,54896,54080
2026-05-25 10:45:26,22423,19536,19536,19536,19536,19420
2026-05-25 10:45:36,34285,31538,31538,19536,19536,19420
2026-05-25 10:45:46,72447,69640,69640,69640,69640,69604
2026-05-25 10:45:56,63467,79182,79182,79182,79182,79046
2026-05-25 10:46:06,64247,79182,79182,79182,79182,79046
2026-05-25 10:46:16,64187,79182,79182,79182,79182,79046
2026-05-25 10:46:26,59827,79182,79182,79182,79182,79046
2026-05-25 10:46:36,47247,79182,79182,79182,79182,79046
2026-05-25 10:46:46,47247,79182,79182,79182,79182,79046
2026-05-25 10:46:56,46727,79182,79182,79182,79182,79046
2026-05-25 10:47:06,52127,79182,79182,79182,79182,79046
2026-05-25 10:47:16,39607,79182,79182,79182,79182,79046
2026-05-25 10:47:26,37345,79182,79182,79182,79182,79046
2026-05-25 10:47:36,41505,79182,79182,79182,79182,79046
2026-05-25 10:47:46,41505,79182,79182,79182,79182,79046
2026-05-25 10:47:56,41505,79182,79182,79182,79182,79046
2026-05-25 10:48:06,79527,79182,79182,79182,79182,79046
2026-05-25 10:48:16,79527,79182,79182,79182,79182,79046
2026-05-25 10:48:26,79527,79182,79182,79182,79182,79046
2026-05-25 10:48:37,35981,32854,32854,32854,32854,32758
2026-05-25 10:48:47,65705,64258,64278,64278,64278,64242
2026-05-25 10:48:57,65705,64258,64278,64278,64278,64242
2026-05-25 10:49:07,65705,64298,64298,64298,64278,64242
2026-05-25 10:49:17,65705,64298,64298,64298,64278,64242
2026-05-25 10:49:27,65705,64298,64298,64298,64278,64242
2026-05-25 10:49:37,65705,64298,64298,64298,64278,64242
2026-05-25 10:49:47,65985,64298,64298,64298,64298,64242
2026-05-25 10:49:57,65985,64298,64298,64298,64298,64242
2026-05-25 10:50:07,65985,64298,64298,64298,64298,64242
2026-05-25 10:50:17,65985,64298,64298,64298,64298,64242
2026-05-25 10:50:27,65985,64298,64298,64298,64298,64242
2026-05-25 10:50:37,65985,64298,64298,64298,64298,64242
2026-05-25 10:50:48,65985,64298,64298,64298,64298,64242
2026-05-25 10:50:58,36881,33834,33834,33834,33834,33958
2026-05-25 10:51:08,58861,55054,55054,55054,55054,55998
2026-05-25 10:51:18,58863,55056,55056,55056,55056,56000
2026-05-25 10:51:28,22383,19516,19516,19516,19516,19420
2026-05-25 10:51:38,34367,31620,31620,19516,19516,19420
2026-05-25 10:51:48,71787,69060,69260,69060,69060,68944
2026-05-25 10:51:58,64967,80102,80102,80102,80102,79906
2026-05-25 10:52:08,37047,80122,80122,80122,80122,80026
2026-05-25 10:52:19,80827,80122,80122,80122,80122,81206
2026-05-25 10:52:29,80847,80122,80122,80122,80122,81206
2026-05-25 10:52:39,80847,80122,80122,80122,80122,81206
2026-05-25 10:52:49,80847,80122,80122,80122,80122,81206
2026-05-25 10:52:59,80827,80122,80122,80122,80122,81206
2026-05-25 10:53:09,80847,80122,80122,80122,80122,81206
2026-05-25 10:53:19,80847,80122,80122,80122,80122,81206
2026-05-25 10:53:29,80687,80122,80122,80122,80122,81206
2026-05-25 10:53:39,47607,80122,80122,80122,80122,81206
2026-05-25 10:53:50,47387,80122,80122,80122,80122,81206
2026-05-25 10:54:00,47087,80122,80122,80122,80122,81206
2026-05-25 10:54:10,46787,80122,80122,80122,80122,81206
2026-05-25 10:54:20,41545,80122,80122,80122,80122,81206
2026-05-25 10:54:30,37405,80122,80122,80122,80122,81206
2026-05-25 10:54:40,29405,26618,26618,26618,30774,30678
2026-05-25 10:54:50,65703,64256,64278,64296,64296,64242
2026-05-25 10:55:00,65705,64258,64278,64298,64298,64242
2026-05-25 10:55:10,65705,64298,64298,64298,64298,64242
2026-05-25 10:55:20,65705,64298,64298,64298,64298,64242
2026-05-25 10:55:30,65705,64298,64298,64298,64298,64242
2026-05-25 10:55:40,65705,64298,64298,64298,64298,64242
2026-05-25 10:55:50,65705,64298,64298,64298,64298,64242
2026-05-25 10:56:01,65705,64298,64298,64298,64298,64242
2026-05-25 10:56:11,65705,64298,64298,64298,64298,64242
2026-05-25 10:56:21,65705,64298,64298,64298,64298,64242
2026-05-25 10:56:31,65705,64298,64298,64298,64298,64242
2026-05-25 10:56:41,38561,35394,35394,35394,35394,35618
2026-05-25 10:56:51,64563,61414,61414,61414,61414,61638
2026-05-25 10:57:01,64563,61416,61416,61416,61416,61640
2026-05-25 10:57:11,64563,61416,61416,61416,61416,61640
2026-05-25 10:57:21,22401,19554,19554,19554,19554,19438
2026-05-25 10:57:31,34921,32114,19554,19554,19554,19438
2026-05-25 10:57:41,34921,32114,32114,32114,32114,19438
2026-05-25 10:57:51,50561,51574,51054,51696,49356,50340
2026-05-25 10:58:01,76221,78814,71074,77496,75936,73420
2026-05-25 10:58:11,77601,74816,74816,74756,74816,74740
2026-05-25 10:58:21,58901,60076,60596,60356,61576,60160
2026-05-25 10:58:31,37801,39194,39194,39196,39196,39180
2026-05-25 10:58:41,76321,70356,70436,70356,74356,70340
2026-05-25 10:58:51,77601,74816,74756,74816,74756,74800
2026-05-25 10:59:02,37641,37154,39194,36636,38216,39180
2026-05-25 10:59:12,71241,72276,77296,79896,69676,68940
2026-05-25 10:59:22,77601,74756,74756,74816,74756,74740
2026-05-25 10:59:32,77601,74756,74756,74816,74816,74740
2026-05-25 10:59:42,46541,43834,43834,43836,43836,43740
2026-05-25 10:59:52,77601,74816,74756,74816,74756,74740
2026-05-25 11:00:02,77601,74756,74756,74756,74756,74740
2026-05-25 11:00:12,46261,43494,43494,43496,43496,43540
2026-05-25 11:00:22,77601,74816,74816,74816,74296,74800
2026-05-25 11:00:32,77601,74816,74756,74816,74816,74740
2026-05-25 11:00:42,79681,80116,80176,80116,80176,80160
2026-05-25 11:00:52,47301,44594,44594,44596,44596,44500
2026-05-25 11:01:03,77601,74756,74816,74816,74816,74800
2026-05-25 11:01:13,77601,74816,74816,74816,74816,74740
2026-05-25 11:01:23,47161,44454,44454,44456,44456,44360
2026-05-25 11:01:33,76221,73514,70854,70856,70856,70160
2026-05-25 11:01:43,77601,74816,74756,74816,74816,74740
2026-05-25 11:01:53,63041,63636,62296,60116,62356,60280
2026-05-25 11:02:03,35981,33194,33194,33194,33194,32798
2026-05-25 11:02:13,65705,64218,64218,64358,64218,64282
2026-05-25 11:02:23,65705,64218,64218,64358,64218,64282
2026-05-25 11:02:33,65705,64218,64218,64358,64218,64282
2026-05-25 11:02:43,65705,64218,64218,64358,64218,64282
2026-05-25 11:02:53,65705,64218,64218,64358,64218,64282
2026-05-25 11:03:04,65705,64218,64218,64358,64218,64282
2026-05-25 11:03:14,65705,64218,64218,64358,64218,64282
2026-05-25 11:03:24,65705,64218,64218,64358,64218,64282
2026-05-25 11:03:34,65705,64218,64218,64358,64218,64282
2026-05-25 11:03:44,65705,64218,64218,64358,64218,64282
2026-05-25 11:03:54,65705,64218,64218,64358,64218,64282
2026-05-25 11:04:04,37201,34354,34354,34334,34354,34358
2026-05-25 11:04:14,59981,57154,57154,57134,57154,57158
2026-05-25 11:04:24,59983,57156,57156,57136,57156,57160
2026-05-25 11:04:34,22403,19536,19536,19516,19536,19440
2026-05-25 11:04:44,34467,31700,19536,19516,19536,19440
2026-05-25 11:04:54,34467,31700,31700,31700,31700,19440
2026-05-25 11:05:04,43707,78622,78622,78622,78622,78466
2026-05-25 11:05:15,42745,44060,44060,44060,44060,43984
2026-05-25 11:05:25,72187,79262,79262,79262,79262,79266
2026-05-25 11:05:35,53827,44082,44082,44082,44082,44006
2026-05-25 11:05:45,43147,79262,79262,79262,79262,79266
2026-05-25 11:05:55,53347,57702,57182,56902,56342,78786
2026-05-25 11:06:05,72187,79482,79482,79482,79482,69446
2026-05-25 11:06:15,53707,38860,38860,38860,38860,78926
2026-05-25 11:06:25,44187,79262,79262,79262,79262,69446
2026-05-25 11:06:35,45527,44062,44062,44062,44062,79106
2026-05-25 11:06:45,67785,79322,79322,79322,79322,69106
2026-05-25 11:06:55,53707,79262,79262,79262,79262,79046
2026-05-25 11:07:05,53827,79262,79262,79262,79262,69546
2026-05-25 11:07:16,57627,63182,61182,62222,61642,79126
2026-05-25 11:07:26,67785,79322,79322,79322,79322,69166
2026-05-25 11:07:36,53707,62362,61362,61262,60962,79266
2026-05-25 11:07:46,81147,79102,79102,79102,79102,79266
2026-05-25 11:07:56,72187,79482,79482,79482,79482,79266
2026-05-25 11:08:06,68227,59782,58442,58422,58422,79266
2026-05-25 11:08:16,44187,79262,79262,79262,79262,79266
2026-05-25 11:08:26,81147,79102,74462,79102,78482,79266
2026-05-25 11:08:36,35981,32854,32854,32854,32854,33098
2026-05-25 11:08:46,65825,64278,64278,64298,64278,64322
2026-05-25 11:08:56,65825,64278,64278,64298,64278,64322
2026-05-25 11:09:06,65825,64298,64278,64298,64298,64322
2026-05-25 11:09:16,65825,64298,64278,64298,64298,64322
2026-05-25 11:09:26,65825,64298,64278,64298,64298,64322
2026-05-25 11:09:37,65825,64298,64278,64298,64298,64322
2026-05-25 11:09:47,65825,64298,64278,64298,64298,64322
2026-05-25 11:09:57,65825,64298,64278,64298,64298,64322
2026-05-25 11:10:07,65825,64298,64278,64298,64298,64322
2026-05-25 11:10:17,65825,64298,64278,64298,64298,64322
2026-05-25 11:10:27,65825,64298,64278,64298,64298,64322
2026-05-25 11:10:37,65825,64298,64278,64298,64298,64322
2026-05-25 11:10:47,65825,64298,64278,64298,64298,64322
2026-05-25 11:10:57,65825,64298,64278,64298,64298,64322
2026-05-25 11:11:07,63161,60254,60254,60254,60254,60198
2026-05-25 11:11:17,63161,60254,60254,60254,60254,60198
2026-05-25 11:11:27,63163,60256,60256,60256,60256,60200
2026-05-25 11:11:37,22381,19574,19574,19574,19574,19418
2026-05-25 11:11:47,34781,23214,19574,19574,19574,19418
2026-05-25 11:11:58,34781,32014,32014,32014,19574,19418
2026-05-25 11:12:08,78941,78474,78514,78454,78414,78340
2026-05-25 11:12:18,67221,69616,65394,64514,69614,64400
2026-05-25 11:12:28,75921,73216,73216,73216,73156,73120
2026-05-25 11:12:38,37641,36194,35454,37414,38036,38480
2026-05-25 11:12:48,75461,72756,72696,72756,72756,72600
2026-05-25 11:12:58,80881,76896,77416,76916,78576,77000
2026-05-25 11:13:09,79961,69614,70094,77776,69614,72038
2026-05-25 11:13:19,75921,73216,73216,73216,73156,73120
2026-05-25 11:13:29,43001,40254,40254,40254,40254,40178
2026-05-25 11:13:39,75921,73216,73216,73216,73216,73060
2026-05-25 11:13:49,78361,78576,78516,78516,80436,78480
2026-05-25 11:13:59,51921,49234,49234,49234,49234,49098
2026-05-25 11:14:10,75921,73216,73216,73216,73156,73120
2026-05-25 11:14:20,73921,74456,74496,74376,74416,74280
2026-05-25 11:14:30,74861,70894,69614,71474,77274,73058
2026-05-25 11:14:40,75921,73156,73216,73156,73156,73120
2026-05-25 11:14:51,37721,39834,39834,39834,39834,39758
2026-05-25 11:15:01,75921,73216,73216,73216,73216,73060
2026-05-25 11:15:11,75921,73156,73216,73216,73216,73120
2026-05-25 11:15:21,46901,44274,44274,44274,44274,44138
2026-05-25 11:15:31,75921,73216,73156,73216,73216,73120
2026-05-25 11:15:41,60461,59976,61696,59396,60776,58960
2026-05-25 11:15:51,73401,66156,65516,76236,72636,74200
2026-05-25 11:16:01,35981,33194,33194,33194,33194,32798
2026-05-25 11:16:11,65705,64218,64218,64218,64358,64282
2026-05-25 11:16:21,65705,64218,64218,64218,64358,64282
2026-05-25 11:16:31,65705,64218,64218,64218,64358,64282
2026-05-25 11:16:41,65705,64218,64218,64218,64358,64282
2026-05-25 11:16:51,65705,64218,64218,64218,64358,64282
2026-05-25 11:17:01,65705,64218,64218,64218,64358,64282
2026-05-25 11:17:11,65705,64218,64218,64218,64358,64282
2026-05-25 11:17:21,65705,64218,64218,64218,64358,64282
2026-05-25 11:17:31,65705,64218,64218,64218,64358,64282
2026-05-25 11:17:41,65705,64218,64218,64218,64358,64282
2026-05-25 11:17:52,65705,64218,64218,64218,64358,64282
2026-05-25 11:18:02,36981,34174,34174,34174,34134,34178
2026-05-25 11:18:12,59321,56514,56514,56514,56494,56518
2026-05-25 11:18:22,59323,56516,56516,56516,56496,56520
2026-05-25 11:18:32,22403,19536,19536,19536,19516,19440
2026-05-25 11:18:42,34387,31660,31660,19536,19516,19440
2026-05-25 11:18:52,72047,69360,69300,69300,69360,69204
2026-05-25 11:19:02,47087,80642,80642,80642,80642,80566
2026-05-25 11:19:12,71527,78602,78602,78602,78602,78486
2026-05-25 11:19:22,71547,80682,80682,80682,80682,80566
2026-05-25 11:19:32,81167,80682,80682,80682,80682,80566
2026-05-25 11:19:42,81187,80682,80682,80682,80682,80566
2026-05-25 11:19:52,67685,80682,80682,80682,80682,80566
2026-05-25 11:20:03,71547,80682,80682,80682,80682,80566
2026-05-25 11:20:13,71547,80682,80682,80682,80682,80566
2026-05-25 11:20:23,71547,80682,80682,80682,80682,80566
2026-05-25 11:20:33,71547,80682,80682,80682,80682,80566
2026-05-25 11:20:43,81067,80682,80682,80682,80682,80566
2026-05-25 11:20:53,81187,80682,80682,80682,80682,80566
2026-05-25 11:21:03,67145,80682,80682,80682,80682,80566
2026-05-25 11:21:13,71547,80682,80682,80682,80682,80566
2026-05-25 11:21:23,71547,80682,80682,80682,80682,80566
2026-05-25 11:21:33,35981,32854,32854,32854,32854,32758
2026-05-25 11:21:43,65705,64298,64278,64258,64278,64222
2026-05-25 11:21:53,65705,64298,64278,64258,64278,64222
2026-05-25 11:22:03,65705,64298,64278,64278,64278,64242
2026-05-25 11:22:14,65705,64298,64278,64278,64278,64242
2026-05-25 11:22:24,65705,64298,64278,64278,64278,64242
2026-05-25 11:22:34,65705,64298,64278,64278,64278,64242
2026-05-25 11:22:44,65705,64298,64278,64278,64278,64242
2026-05-25 11:22:54,65705,64298,64278,64278,64278,64242
2026-05-25 11:23:04,65705,64298,64278,64278,64278,64242
2026-05-25 11:23:14,8480,5554,5554,5554,5552,5554
2026-05-25 11:23:26,8480,5554,5554,5554,5552,5554
2026-05-25 11:23:36,8480,5554,5554,5554,5552,5554
2026-05-25 11:23:46,8480,5554,5554,5554,5552,5554
2026-05-25 11:23:56,8480,5974,5974,5974,5972,5974
2026-05-25 11:24:06,14521,11872,11912,11912,11870,12010
2026-05-25 11:24:17,42895,30326,28826,28046,28884,27410
2026-05-25 11:24:27,51635,50326,50306,50306,50326,50290
2026-05-25 11:24:37,55439,54130,54110,54110,54110,54034
2026-05-25 11:24:47,55439,54130,54110,54110,54110,54034
2026-05-25 11:24:57,55439,54130,54110,54110,54110,54034
2026-05-25 11:25:07,55439,54130,54110,54110,54110,54034
2026-05-25 11:25:17,55439,54130,54110,54110,54110,54034
2026-05-25 11:25:27,55439,54130,54110,54110,54110,54034
2026-05-25 11:25:38,55439,54130,54110,54110,54110,54034
2026-05-25 11:25:48,55439,54130,54110,54110,54110,54034
2026-05-25 11:25:58,55439,54130,54110,54110,54110,54034
2026-05-25 11:26:08,55439,54130,54110,54110,54110,54034
2026-05-25 11:26:18,55439,54130,54110,54110,54110,54034
2026-05-25 11:26:28,17715,13186,13790,14650,18270,18754
2026-05-25 11:26:39,61535,57966,56686,56686,57966,54850
2026-05-25 11:26:49,61535,57966,56686,56688,57966,54850
2026-05-25 11:26:59,61537,57968,56688,56688,57968,54852
2026-05-25 11:27:09,61553,57986,56706,56706,57986,9268
2026-05-25 11:27:19,12131,9304,9324,9324,9304,9268
2026-05-25 11:27:29,25031,22204,22204,9324,9304,9268
2026-05-25 11:27:39,25031,22204,22204,22204,22204,9268
2026-05-25 11:27:49,70361,67514,67534,67534,67514,67418
2026-05-25 11:28:00,80881,78034,78054,78054,78034,77938
2026-05-25 11:28:10,80881,78034,78054,78054,78034,77938
2026-05-25 11:28:20,80881,78034,78054,78054,78034,77938
2026-05-25 11:28:30,80881,78034,78054,78054,78034,77938
2026-05-25 11:28:40,80881,78034,78054,78054,78034,77938
2026-05-25 11:28:50,80881,78034,78054,78054,78034,77938
2026-05-25 11:29:00,80881,78034,78054,78054,78034,77938
2026-05-25 11:29:10,80881,78034,78054,78054,78034,77938
2026-05-25 11:29:20,80881,78034,78054,78054,78034,77938
2026-05-25 11:29:30,80881,78034,78054,78054,78034,77938
2026-05-25 11:29:40,80881,78034,78054,78054,78034,77938
2026-05-25 11:29:50,80881,78034,78054,78054,78034,77938
2026-05-25 11:30:00,80881,78034,78054,78054,78034,77938
2026-05-25 11:30:10,80881,78034,78054,78054,78034,77938
2026-05-25 11:30:21,80881,78034,78054,78054,78034,77938
2026-05-25 11:30:31,35681,33174,33154,33154,33174,33098
2026-05-25 11:30:41,65683,64176,64236,64236,64156,64220
2026-05-25 11:30:51,65685,64178,64238,64238,64158,64222
2026-05-25 11:31:01,65705,64178,64238,64238,64158,64222
2026-05-25 11:31:11,8480,5554,5554,5554,5552,5554
2026-05-25 11:31:21,8480,5554,5554,5554,5552,5554
2026-05-25 11:31:31,8480,5554,5554,5554,5552,5554
2026-05-25 11:31:41,8480,5554,5554,5554,5552,5554
2026-05-25 11:31:52,8480,5554,5554,5554,5552,5554
2026-05-25 11:32:02,8480,5554,5554,5554,5552,5554
2026-05-25 11:32:12,8480,5554,5554,5554,5552,5554
2026-05-25 11:32:22,8480,5554,5554,5554,5552,5554
2026-05-25 11:32:32,8480,5554,5554,5554,5552,5554
2026-05-25 11:32:42,8480,5554,5554,5554,5552,5554
2026-05-25 11:32:53,8480,5554,5554,5554,5552,5554
2026-05-25 11:33:03,8480,5569,5570,5569,5568,5569
2026-05-25 11:33:13,8480,5974,5974,5974,5972,5974
2026-05-25 11:33:23,14421,11672,11672,11672,11670,11590
2026-05-25 11:33:33,48235,53246,38846,49166,53246,53210
2026-05-25 11:33:44,51635,50326,50326,50326,50326,50070
2026-05-25 11:33:54,55419,54110,54130,54090,54090,54034
2026-05-25 11:34:04,55419,54110,54130,54090,54090,54034
2026-05-25 11:34:14,55419,54110,54130,54130,54090,54034
2026-05-25 11:34:24,55439,54110,54130,54130,54110,54034
2026-05-25 11:34:34,55439,54110,54130,54130,54110,54034
2026-05-25 11:34:44,55439,54110,54130,54130,54110,54034
2026-05-25 11:34:54,55439,54110,54130,54130,54110,54034
2026-05-25 11:35:04,55439,54110,54130,54130,54110,54034
2026-05-25 11:35:14,55439,54110,54130,54130,54110,54034
2026-05-25 11:35:24,55439,54110,54130,54130,54110,54034
2026-05-25 11:35:34,55439,54110,54130,54130,54110,54034
2026-05-25 11:35:44,55439,54110,54130,54130,54110,54034
2026-05-25 11:35:55,55439,54110,54130,54130,54110,54034
2026-05-25 11:36:05,48395,52066,53886,55906,45146,58310
2026-05-25 11:36:15,62115,58406,58406,58406,58406,58430
2026-05-25 11:36:25,62117,58408,58408,58408,58408,58432
2026-05-25 11:36:35,62117,58410,58410,58410,58410,58434
2026-05-25 11:36:45,12131,9304,9304,9304,9304,9188
2026-05-25 11:36:55,25071,9304,9304,9304,9304,9188
2026-05-25 11:37:05,25071,22244,22244,9304,9304,9188
2026-05-25 11:37:15,25071,22244,22244,22244,22244,9188
2026-05-25 11:37:25,79401,76574,76574,76574,76574,76498
2026-05-25 11:37:35,79701,78654,78654,78654,78654,78578
2026-05-25 11:37:45,79701,78654,78654,78654,78654,78578
2026-05-25 11:37:56,79701,78654,78654,78654,78654,78578
2026-05-25 11:38:06,79701,78654,78654,78654,78654,78578
2026-05-25 11:38:16,79701,78654,78654,78654,78654,78578
2026-05-25 11:38:26,79701,78654,78654,78654,78654,78578
2026-05-25 11:38:36,79701,78654,78654,78654,78654,78578
2026-05-25 11:38:46,79701,78654,78654,78654,78654,78578
2026-05-25 11:38:56,79701,78654,78654,78654,78654,78578
2026-05-25 11:39:07,79701,78654,78654,78654,78654,78578
2026-05-25 11:39:17,79701,78654,78654,78654,78654,78578
2026-05-25 11:39:27,79701,78654,78654,78654,78654,78578
2026-05-25 11:39:37,79701,78654,78654,78654,78654,78578
2026-05-25 11:39:47,79701,78654,78654,78654,78654,78578
2026-05-25 11:39:57,79701,78654,78654,78654,78654,78578
2026-05-25 11:40:07,35921,33174,33174,33174,33174,33098
2026-05-25 11:40:17,65685,64258,64256,64258,64258,64222
2026-05-25 11:40:28,65685,64258,64258,64258,64258,64222
2026-05-25 11:40:38,65685,64258,64258,64258,64258,64222
2026-05-25 11:40:48,65685,64258,64258,64258,64258,64222
2026-05-25 11:40:58,65685,64258,64258,64258,64258,64222
2026-05-25 11:41:08,65685,64258,64258,64258,64258,64222
2026-05-25 11:41:18,65685,64258,64258,64258,64258,64222
2026-05-25 11:41:28,65685,64258,64258,64258,64258,64222
2026-05-25 11:41:38,65685,64258,64258,64258,64258,64222
2026-05-25 11:41:48,65685,64258,64258,64258,64258,64222
2026-05-25 11:41:58,65685,64258,64258,64258,64258,64222
2026-05-25 11:42:08,37021,34134,34134,34134,34134,34038
2026-05-25 11:42:18,59541,56314,56314,56314,56314,56218
2026-05-25 11:42:28,59543,56316,56316,56316,56316,56220
2026-05-25 11:42:38,21943,19556,19556,19556,19556,19480
2026-05-25 11:42:49,34467,31600,25578,19556,19556,19480
2026-05-25 11:42:59,63367,60400,55120,56620,54780,53424
2026-05-25 11:43:09,53767,80282,80282,80282,80282,80086
2026-05-25 11:43:19,71127,78302,78302,78302,78302,78306
2026-05-25 11:43:29,71127,80382,80382,80382,80382,80386
2026-05-25 11:43:39,80647,80382,80382,80382,80382,80386
2026-05-25 11:43:49,80767,80382,80382,80382,80382,80386
2026-05-25 11:44:00,80867,80382,80382,80382,80382,80386
2026-05-25 11:44:10,80867,80382,80382,80382,80382,80386
2026-05-25 11:44:20,80867,80382,80382,80382,80382,80386
2026-05-25 11:44:30,80867,80382,80382,80382,80382,80386
2026-05-25 11:44:40,80867,80382,80382,80382,80382,80386
2026-05-25 11:44:51,80867,80382,80382,80382,80382,80386
2026-05-25 11:45:01,80867,80382,80382,80382,80382,80386
2026-05-25 11:45:11,80867,80382,80382,80382,80382,80386
2026-05-25 11:45:21,80867,80382,80382,80382,80382,80386
2026-05-25 11:45:31,35721,32854,32854,32854,32854,32718
2026-05-25 11:45:41,65705,64218,64218,64178,64198,64162
2026-05-25 11:45:51,65705,64218,64218,64178,64198,64162
2026-05-25 11:46:01,65705,64218,64218,64198,64218,64162
2026-05-25 11:46:11,65705,64218,64218,64198,64218,64162
2026-05-25 11:46:21,65705,64218,64218,64198,64218,64162
2026-05-25 11:46:31,65705,64218,64218,64198,64218,64162
2026-05-25 11:46:41,65705,64218,64218,64198,64218,64162
2026-05-25 11:46:51,65705,64218,64218,64198,64218,64162
2026-05-25 11:47:01,65705,64218,64218,64198,64218,64162
2026-05-25 11:47:11,65705,64218,64218,64198,64218,64162
2026-05-25 11:47:21,65705,64218,64218,64198,64218,64162
2026-05-25 11:47:31,62701,59814,59814,59814,59814,59738
2026-05-25 11:47:41,62701,59814,59814,59814,59816,59738
2026-05-25 11:47:51,62703,59816,59816,59816,59816,59740
2026-05-25 11:48:01,21921,19574,19574,19574,19574,19458
2026-05-25 11:48:11,34741,24474,19574,19574,19574,19458
2026-05-25 11:48:22,34741,31934,31934,31934,20914,19458
2026-05-25 11:48:32,49041,48814,46694,50074,49014,47858
2026-05-25 11:48:42,71061,73496,72396,72036,74216,67780
2026-05-25 11:48:52,75521,72796,72796,72796,72736,72620
2026-05-25 11:49:02,46941,44276,44276,44276,44276,44038
2026-05-25 11:49:12,75521,72796,72736,72796,72796,72620
2026-05-25 11:49:22,76301,73596,72116,72556,73616,74480
2026-05-25 11:49:32,46881,44216,44216,44216,44216,43978
2026-05-25 11:49:42,75521,72796,72736,72796,72796,72620
2026-05-25 11:49:53,58421,55296,54396,55876,53636,53720
2026-05-25 11:50:03,75061,68876,69396,71616,72336,68160
2026-05-25 11:50:13,75521,72796,72796,72796,72796,72560
2026-05-25 11:50:23,56841,54154,54156,54156,54156,53918
2026-05-25 11:50:33,75521,72796,72736,72796,72796,72620
2026-05-25 11:50:43,62061,60616,58696,58816,59516,58480
2026-05-25 11:50:53,71061,67836,73636,77816,72396,77700
2026-05-25 11:51:03,75521,72796,72736,72736,72796,72620
2026-05-25 11:51:13,46441,43956,43956,43956,43956,43498
2026-05-25 11:51:23,75521,72796,72796,72736,72796,72620
2026-05-25 11:51:33,75521,72796,72736,72796,72796,72620
2026-05-25 11:51:44,46621,43956,43956,43956,43956,43838
2026-05-25 11:51:54,75521,72796,72796,72796,72796,72560
2026-05-25 11:52:04,56381,51456,54716,50756,50996,51680
2026-05-25 11:52:14,72121,68336,68336,68336,68336,72160
2026-05-25 11:52:24,35721,32854,32854,32854,32854,32718
2026-05-25 11:52:34,65723,64218,64218,64198,64178,64202
2026-05-25 11:52:44,65725,64218,64218,64198,64178,64202
2026-05-25 11:52:54,65725,64218,64218,64198,64218,64202
2026-05-25 11:53:04,65725,64218,64218,64198,64218,64202
2026-05-25 11:53:14,65725,64218,64218,64198,64218,64202
2026-05-25 11:53:24,65725,64218,64218,64198,64218,64202
2026-05-25 11:53:34,8480,5554,5554,5554,5552,5554
2026-05-25 11:53:45,8480,5554,5554,5554,5552,5554
2026-05-25 11:53:55,8480,5554,5554,5554,5552,5554
2026-05-25 11:54:05,8480,5554,5554,5554,5552,5554
2026-05-25 11:54:15,8480,5974,5974,5974,5972,5974
2026-05-25 11:54:25,8899,5974,5974,5974,5972,5974
2026-05-25 11:54:35,14421,11672,11672,11672,11670,11590
2026-05-25 11:54:45,51635,50326,50326,50326,50326,50070
2026-05-25 11:54:56,53575,56566,56706,54346,56686,50710
2026-05-25 11:55:06,55419,54130,54130,54110,54110,54034
2026-05-25 11:55:16,55419,54130,54130,54130,54110,54034
2026-05-25 11:55:26,55419,54130,54130,54130,54110,54034
2026-05-25 11:55:36,55419,54130,54130,54130,54110,54034
2026-05-25 11:55:46,55439,54130,54130,54130,54110,54034
2026-05-25 11:55:56,55439,54130,54130,54130,54110,54034
2026-05-25 11:56:06,55439,54130,54130,54130,54110,54034
2026-05-25 11:56:16,55439,54130,54130,54130,54110,54034
2026-05-25 11:56:26,55439,54130,54130,54130,54110,54034
2026-05-25 11:56:36,55439,54130,54130,54130,54110,54034
2026-05-25 11:56:46,55439,54130,54130,54130,54110,54034
2026-05-25 11:56:56,55439,54130,54130,54130,54110,54034
2026-05-25 11:57:06,55439,54130,54130,54130,54110,54034
2026-05-25 11:57:16,55439,54130,54130,54130,54110,54034
2026-05-25 11:57:26,55439,54130,54130,54130,54110,54034
2026-05-25 11:57:36,26455,23446,23446,23446,23446,23570
2026-05-25 11:57:46,55175,52186,52186,52186,52186,52290
2026-05-25 11:57:56,55177,52188,52188,52188,52186,52290
2026-05-25 11:58:07,55181,52194,52194,52194,52194,52298
2026-05-25 11:58:17,12133,9306,9306,9306,9306,9190
2026-05-25 11:58:27,24697,21850,21850,9306,9306,9190
2026-05-25 11:58:37,24697,21850,21850,21850,21850,18132
2026-05-25 11:58:47,75927,73100,73100,73100,73100,73024
2026-05-25 11:58:57,75927,73100,73100,73100,73100,73024
2026-05-25 11:59:07,75927,73100,73100,73100,73100,73024
2026-05-25 11:59:17,75927,73100,73100,73100,73100,73024
2026-05-25 11:59:27,75927,73100,73100,73100,73100,73024
2026-05-25 11:59:37,75927,73100,73100,73100,73100,73024
2026-05-25 11:59:47,75927,73100,73100,73100,73100,73024
2026-05-25 11:59:57,75927,73100,73100,73100,73100,73024
2026-05-25 12:00:07,75927,73100,73100,73100,73100,73024
2026-05-25 12:00:18,75927,73100,73100,73100,73100,73024
2026-05-25 12:00:28,75927,73100,73100,73100,73100,73024
2026-05-25 12:00:38,75927,73100,73100,73100,73100,73024
2026-05-25 12:00:48,75927,73100,73100,73100,73100,73024
2026-05-25 12:00:58,29425,26618,26618,26618,26618,26482
2026-05-25 12:01:08,8480,5554,5554,5554,5552,5554
2026-05-25 12:01:23,8480,5554,5554,5554,5552,5554
2026-05-25 12:01:33,8480,5554,5554,5554,5552,5554
2026-05-25 12:01:43,8480,5554,5554,5554,5552,5554
2026-05-25 12:01:53,8480,5974,5974,5974,5972,5974
2026-05-25 12:02:04,11841,9192,9192,9192,9190,9330
2026-05-25 12:02:14,14421,11672,11672,11672,11670,11590
2026-05-25 12:02:24,51635,50326,50326,50326,50326,50070
2026-05-25 12:02:35,55417,54128,54128,54128,54088,54034
2026-05-25 12:02:45,55419,54130,54130,54130,54090,54034
2026-05-25 12:02:55,55419,54130,54130,54130,54110,54034
2026-05-25 12:03:05,55419,54130,54130,54130,54110,54034
2026-05-25 12:03:15,55419,54130,54130,54130,54110,54034
2026-05-25 12:03:25,55419,54130,54130,54130,54110,54034
2026-05-25 12:03:35,55419,54130,54130,54130,54110,54034
2026-05-25 12:03:45,55419,54130,54130,54130,54110,54034
2026-05-25 12:03:55,55419,54130,54130,54130,54110,54034
2026-05-25 12:04:05,55419,54130,54130,54130,54110,54034
2026-05-25 12:04:15,55419,54130,54130,54130,54110,54034
2026-05-25 12:04:25,55419,54130,54130,54130,54110,54034
2026-05-25 12:04:35,55419,54130,54130,54130,54110,54034
2026-05-25 12:04:46,55915,53026,53026,53026,53026,53030
2026-05-25 12:04:56,55915,53026,53026,53026,53026,53030
2026-05-25 12:05:06,55917,53028,53028,53028,53028,53032
2026-05-25 12:05:16,55933,53046,9306,53046,53046,53050
2026-05-25 12:05:26,12133,9306,9306,9306,9306,9190
2026-05-25 12:05:36,12133,9306,9306,9306,9306,9190
2026-05-25 12:05:46,12133,9306,9306,9306,9306,9190
2026-05-25 12:05:56,12133,9306,9306,9306,9306,9190
2026-05-25 12:06:06,12133,9306,9306,9306,9306,9190
2026-05-25 12:06:16,12133,9306,9306,9306,9306,9190
2026-05-25 12:06:26,12133,9306,9306,9306,9306,9190
2026-05-25 12:06:36,12133,9306,9306,9306,9306,9190
2026-05-25 12:06:46,12133,9306,9306,9306,9306,9190
2026-05-25 12:06:56,12133,9306,9306,9306,9306,9190
2026-05-25 12:07:06,12133,9306,9306,9306,9306,9190
2026-05-25 12:07:17,12133,9306,9306,9306,9306,9190
2026-05-25 12:07:27,12133,9306,9306,9306,9306,9190
2026-05-25 12:07:37,12133,9306,9306,9306,9306,9190
2026-05-25 12:07:47,12133,9306,9306,9306,9306,9190
2026-05-25 12:07:58,12133,9306,9306,9306,9306,9190
2026-05-25 12:08:08,14895,9306,9306,9306,9306,9190
2026-05-25 12:08:18,24757,21930,21930,9306,9306,9190
2026-05-25 12:08:28,24757,21930,21930,21930,21930,21774
2026-05-25 12:08:38,76867,74020,74020,74020,74020,73964
2026-05-25 12:08:48,76867,74020,74020,74020,74020,73964
2026-05-25 12:08:59,76867,74020,74020,74020,74020,73964
2026-05-25 12:09:09,76867,74020,74020,74020,74020,73964
2026-05-25 12:09:19,76867,74020,74020,74020,74020,73964
2026-05-25 12:09:29,76867,74020,74020,74020,74020,73964
2026-05-25 12:09:39,76867,74020,74020,74020,74020,73964
2026-05-25 12:09:49,76867,74020,74020,74020,74020,73964
2026-05-25 12:09:59,76867,74020,74020,74020,74020,73964
2026-05-25 12:10:09,76867,74020,74020,74020,74020,73964
2026-05-25 12:10:19,76867,74020,74020,74020,74020,73964
2026-05-25 12:10:29,76867,74020,74020,74020,74020,73964
2026-05-25 12:10:39,76867,74020,74020,74020,74020,73964
2026-05-25 12:10:49,76867,74020,74020,74020,74020,73964
2026-05-25 12:10:59,36001,33174,33174,33174,33174,33098
2026-05-25 12:11:10,36001,33174,33174,33174,33174,33098
2026-05-25 12:11:20,40603,64316,37394,64336,64316,64320
2026-05-25 12:11:30,65805,64318,64318,64338,64318,64322
2026-05-25 12:11:40,65805,64338,64318,64338,64318,64322
2026-05-25 12:11:50,65805,64338,64318,64338,64318,64322
2026-05-25 12:12:00,65805,64338,64318,64338,64318,64322
2026-05-25 12:12:10,65805,64338,64318,64338,64318,64322
2026-05-25 12:12:20,65805,64338,64318,64338,64318,64322
2026-05-25 12:12:30,65789,64338,64318,64320,64318,64304
2026-05-25 12:12:40,8480,5554,5554,5554,5552,5554
2026-05-25 12:12:50,8480,5554,5554,5554,5552,5554
2026-05-25 12:13:00,8480,5554,5554,5554,5552,5554
2026-05-25 12:13:10,8480,5554,5554,5554,5552,5554
2026-05-25 12:13:21,8480,5974,5974,5974,5972,5974
2026-05-25 12:13:31,9105,6312,6234,6198,6280,6294
2026-05-25 12:13:41,14421,11672,11672,11672,11670,11590
2026-05-25 12:13:52,51635,50326,50326,50326,50326,50070
2026-05-25 12:14:02,56675,55366,54806,50346,55346,54710
2026-05-25 12:14:12,55439,54090,54130,54130,54090,54034
2026-05-25 12:14:22,55439,54130,54130,54130,54090,54034
2026-05-25 12:14:33,55439,54130,54130,54130,54090,54034
2026-05-25 12:14:43,55439,54130,54130,54130,54110,54034
2026-05-25 12:14:53,55439,54130,54130,54130,54110,54034
2026-05-25 12:15:03,55439,54130,54130,54130,54110,54034
2026-05-25 12:15:13,55439,54130,54130,54130,54110,54034
2026-05-25 12:15:23,55439,54130,54130,54130,54110,54034
2026-05-25 12:15:33,55439,54130,54130,54130,54110,54034
2026-05-25 12:15:43,55439,54130,54130,54130,54110,54034
2026-05-25 12:15:53,55439,54130,54130,54130,54110,54034
2026-05-25 12:16:03,55439,54130,54130,54130,54110,54034
2026-05-25 12:16:13,55439,54130,54130,54130,54110,54034
2026-05-25 12:16:23,26735,25726,25726,25726,25726,23850
2026-05-25 12:16:33,57095,56106,56106,56106,56106,54230
2026-05-25 12:16:43,57097,56108,56108,56108,56108,54232
2026-05-25 12:16:54,57097,56108,56108,56108,56108,54232
2026-05-25 12:17:04,12131,9304,9304,9304,9304,9188
2026-05-25 12:17:14,12131,9304,9304,9304,9304,9188
2026-05-25 12:17:24,12131,9304,9304,9304,9304,9188
2026-05-25 12:17:34,12131,9304,9304,9304,9304,9188
2026-05-25 12:17:44,12131,9304,9304,9304,9304,9188
2026-05-25 12:17:54,12131,9304,9304,9304,9304,9188
2026-05-25 12:18:04,24831,9304,9304,9304,9304,9188
2026-05-25 12:18:14,24831,21984,21984,9304,9304,9188
2026-05-25 12:18:24,24831,21984,21984,21984,21984,10448
2026-05-25 12:18:34,76303,73456,73456,73456,73456,73360
2026-05-25 12:18:44,78383,75536,75536,75536,75536,75440
2026-05-25 12:18:55,78383,75536,75536,75536,75536,75440
2026-05-25 12:19:05,78383,75536,75536,75536,75536,75440
2026-05-25 12:19:15,78383,75536,75536,75536,75536,75440
2026-05-25 12:19:25,78383,75536,75536,75536,75536,75440
2026-05-25 12:19:35,78383,75536,75536,75536,75536,75440
2026-05-25 12:19:45,78383,75536,75536,75536,75536,75440
2026-05-25 12:19:55,78383,75536,75536,75536,75536,75440
2026-05-25 12:20:05,78383,75536,75536,75536,75536,75440
2026-05-25 12:20:15,78383,75536,75536,75536,75536,75440
2026-05-25 12:20:25,78383,75536,75536,75536,75536,75440
2026-05-25 12:20:35,78383,75536,75536,75536,75536,75440
2026-05-25 12:20:45,8480,5554,5554,5554,5552,5554
2026-05-25 12:21:01,8480,5554,5554,5554,5552,5554
2026-05-25 12:21:11,8480,5554,5554,5554,5552,5554
2026-05-25 12:21:21,8480,5554,5554,5554,5552,5554
2026-05-25 12:21:31,8480,5974,5974,5974,5972,5974
2026-05-25 12:21:41,9129,6288,6270,6282,6292,6276
2026-05-25 12:21:51,14421,11672,11672,11672,11670,11590
2026-05-25 12:22:01,51635,50326,50326,50326,50326,50070
2026-05-25 12:22:11,57555,53126,54926,52246,55966,55150
2026-05-25 12:22:21,55419,54110,54110,54130,54070,53994
2026-05-25 12:22:31,55419,54130,54130,54130,54110,54014
2026-05-25 12:22:41,55419,54130,54130,54130,54110,54014
2026-05-25 12:22:52,55419,54130,54130,54130,54110,54014
2026-05-25 12:23:02,55419,54130,54130,54130,54110,54014
2026-05-25 12:23:12,55419,54130,54130,54130,54110,54014
2026-05-25 12:23:22,55419,54130,54130,54130,54110,54014
2026-05-25 12:23:32,55419,54130,54130,54130,54110,54014
2026-05-25 12:23:42,55419,54130,54130,54130,54110,54014
2026-05-25 12:23:52,55419,54130,54130,54130,54110,54014
2026-05-25 12:24:02,55419,54130,54130,54130,54110,54014
2026-05-25 12:24:12,55419,54130,54130,54130,54110,54014
2026-05-25 12:24:22,55419,54130,54130,54130,54110,54014
2026-05-25 12:24:33,55419,54130,54130,54130,54110,54014
2026-05-25 12:24:43,55419,54130,54130,54130,54110,54014
2026-05-25 12:24:53,55419,54130,54130,54130,54110,54014
2026-05-25 12:25:03,55419,54130,54130,54130,54110,54014
2026-05-25 12:25:13,55419,54130,54130,54130,54110,54014
2026-05-25 12:25:23,26675,23506,23506,23506,23506,23790
2026-05-25 12:25:33,55855,52706,52706,52706,52706,52990
2026-05-25 12:25:43,55857,52708,52708,52708,52708,52992
2026-05-25 12:25:53,55871,52722,52722,52722,52722,53006
2026-05-25 12:26:03,8480,5554,5554,5554,5552,5554
2026-05-25 12:26:18,8480,5554,5554,5554,5552,5554
2026-05-25 12:26:29,8480,5554,5554,5554,5552,5554
2026-05-25 12:26:39,8480,5554,5554,5554,5552,5554
2026-05-25 12:26:49,8480,5554,5554,5554,5552,5554
2026-05-25 12:26:59,8480,5554,5554,5554,5552,5554
2026-05-25 12:27:09,8480,5554,5554,5554,5552,5554
2026-05-25 12:27:19,8480,5554,5554,5554,5552,5554
2026-05-25 12:27:29,8480,5554,5554,5554,5552,5554
2026-05-25 12:27:39,8480,5554,5554,5554,5552,5554
2026-05-25 12:27:49,8480,5554,5554,5554,5552,5554
2026-05-25 12:27:59,8480,5554,5554,5554,5552,5554
2026-05-25 12:28:09,8480,5554,5554,5554,5552,5554
2026-05-25 12:28:19,8480,5554,5554,5554,5552,5554
2026-05-25 12:28:29,8480,5554,5554,5554,5552,5554
2026-05-25 12:28:39,8480,5554,5554,5554,5552,5554
2026-05-25 12:28:50,8480,5554,5554,5554,5552,5554
2026-05-25 12:29:00,8480,5554,5554,5554,5552,5554
2026-05-25 12:29:10,8480,5554,5554,5554,5552,5554
2026-05-25 12:29:20,8480,5554,5554,5554,5552,5554
2026-05-25 12:29:30,8480,5554,5554,5554,5552,5554
2026-05-25 12:29:40,8480,5554,5554,5554,5552,5554
2026-05-25 12:29:50,8480,5974,5974,5974,5972,5974
2026-05-25 12:30:00,8480,6393,6393,6393,6391,6393
2026-05-25 12:30:10,20903,18449,18449,18429,18467,18565
2026-05-25 12:30:20,61733,60499,60757,60351,60519,59887
2026-05-25 12:30:30,76223,75491,76751,76831,76591,76039
2026-05-25 12:30:40,35631,33998,34854,35424,34580,34586
2026-05-25 12:30:53,8480,5554,5554,5554,5552,5554
2026-05-25 12:31:03,8480,5554,5554,5554,5552,5554
2026-05-25 12:31:13,8480,5554,5554,5554,5552,5554
2026-05-25 12:31:23,8480,5554,5554,5554,5552,5554
2026-05-25 12:31:33,8480,5554,5554,5554,5552,5554
2026-05-25 12:31:43,8480,5554,5554,5554,5552,5554
2026-05-25 12:31:54,8480,5554,5554,5554,5552,5554
2026-05-25 12:32:04,8480,5554,5554,5554,5552,5554
2026-05-25 12:32:14,8480,5554,5554,5554,5552,5554
2026-05-25 12:32:24,8480,5554,5554,5554,5552,5554
2026-05-25 12:32:34,8480,5554,5554,5554,5552,5554
2026-05-25 12:32:44,8480,5554,5554,5554,5552,5554
2026-05-25 12:32:54,8480,5554,5554,5554,5552,5554
2026-05-25 12:33:04,8480,5554,5554,5554,5552,5554
2026-05-25 12:33:15,8480,5554,5554,5554,5552,5554
2026-05-25 12:33:25,8480,5554,5554,5554,5552,5554
2026-05-25 12:33:35,8480,5554,5554,5554,5552,5554
2026-05-25 12:33:45,8480,5554,5554,5554,5552,5554
2026-05-25 12:33:55,8480,5554,5554,5554,5552,5554
2026-05-25 12:34:05,8480,5554,5554,5554,5552,5554
2026-05-25 12:34:15,8480,5554,5554,5554,5552,5554
2026-05-25 12:34:25,8480,5554,5554,5554,5552,5554
2026-05-25 12:34:36,8480,5554,5554,5554,5552,5554
2026-05-25 12:34:46,8480,5554,5554,5554,5552,5554
2026-05-25 12:34:56,8480,5554,5554,5554,5552,5554
2026-05-25 12:35:06,8480,5554,5554,5554,5552,5554
2026-05-25 12:35:16,8480,5554,5554,5554,5552,5554
2026-05-25 12:35:26,8480,5554,5554,5554,5552,5554
2026-05-25 12:35:36,8480,5554,5554,5554,5552,5554
2026-05-25 12:35:46,8480,5554,5554,5554,5552,5554
2026-05-25 12:35:56,8480,5554,5554,5554,5552,5554
2026-05-25 12:36:06,8480,5554,5554,5554,5552,5554
2026-05-25 12:36:16,8480,5554,5554,5554,5552,5554
2026-05-25 12:36:26,8480,5554,5554,5554,5552,5554
2026-05-25 12:36:36,8480,5554,5554,5554,5552,5554
2026-05-25 12:36:46,8480,5554,5554,5554,5552,5554
2026-05-25 12:36:56,8480,5554,5554,5554,5552,5554
2026-05-25 12:37:06,8480,5974,5974,5974,5972,5974
2026-05-25 12:37:16,17921,23452,22132,19952,23450,21630
2026-05-25 12:37:26,52115,50586,50586,50586,50584,50530
2026-05-25 12:37:36,49095,47506,47506,47506,47666,47610
2026-05-25 12:37:46,52899,51410,51430,51430,51450,51314
2026-05-25 12:37:57,52899,51410,51430,51430,51450,51314
2026-05-25 12:38:07,52899,51430,51430,51430,51470,51314
2026-05-25 12:38:17,52899,51430,51430,51430,51470,51314
2026-05-25 12:38:27,52899,51430,51430,51430,51470,51314
2026-05-25 12:38:37,52899,51430,51430,51430,51470,51314
2026-05-25 12:38:47,52899,51430,51430,51430,51470,51314
2026-05-25 12:38:57,52899,51430,51430,51430,51470,51314
2026-05-25 12:39:07,52899,51430,51430,51430,51470,51314
2026-05-25 12:39:17,52899,51430,51430,51430,51470,51314
2026-05-25 12:39:27,52899,51430,51430,51430,51470,51314
2026-05-25 12:39:37,52899,51430,51430,51430,51470,51314
2026-05-25 12:39:47,52899,51430,51430,51430,51470,51314
2026-05-25 12:39:58,52899,51430,51430,51430,51470,51314
2026-05-25 12:40:08,52899,51430,51430,51430,51470,51314
2026-05-25 12:40:18,52899,51430,51430,51430,51470,51314
2026-05-25 12:40:28,52899,51430,51430,51430,51470,51314
2026-05-25 12:40:38,52899,51430,51430,51430,51470,51314
2026-05-25 12:40:48,52899,51430,51430,51430,51470,51314
2026-05-25 12:40:58,52899,51430,51430,51430,51470,51314
2026-05-25 12:41:08,52899,51430,51430,51430,51470,51314
2026-05-25 12:41:18,56835,55086,55086,55086,54226,53990
2026-05-25 12:41:28,56835,55086,55088,55086,54226,53992
2026-05-25 12:41:38,56837,55088,55088,55088,54228,53992
2026-05-25 12:41:48,12111,9304,9304,9304,9304,9248
2026-05-25 12:41:59,24811,9304,9304,9304,9304,9248
2026-05-25 12:42:09,24811,21984,21984,9304,9304,9248
2026-05-25 12:42:19,55373,52526,52526,56186,57306,57158
2026-05-25 12:42:29,77963,75116,75116,75116,75116,75040
2026-05-25 12:42:39,77963,75116,75116,75116,75116,75040
2026-05-25 12:42:49,77963,75116,75116,75116,75116,75040
2026-05-25 12:42:59,77963,75116,75116,75116,75116,75040
2026-05-25 12:43:09,77963,75116,75116,75116,75116,75040
2026-05-25 12:43:19,77963,75116,75116,75116,75116,75040
2026-05-25 12:43:29,77963,75116,75116,75116,75116,75040
2026-05-25 12:43:40,77963,75116,75116,75116,75116,75040
2026-05-25 12:43:50,77963,75116,75116,75116,75116,75040
2026-05-25 12:44:00,77963,75116,75116,75116,75116,75040
2026-05-25 12:44:10,77963,75116,75116,75116,75116,75040
2026-05-25 12:44:20,77963,75116,75116,75116,75116,75040
2026-05-25 12:44:30,77963,75116,75116,75116,75116,75040
2026-05-25 12:44:41,77963,75116,75116,75116,75116,75040
2026-05-25 12:44:51,35961,33174,33174,33174,33174,33058
2026-05-25 12:45:01,35961,33174,33174,33174,33174,33058
2026-05-25 12:45:11,43981,41194,33434,37816,37914,37660
2026-05-25 12:45:21,63165,61698,61698,61678,61678,61702
2026-05-25 12:45:31,63165,61698,61698,61678,61678,61702
2026-05-25 12:45:41,8480,5554,5554,5554,5552,5554
2026-05-25 12:45:53,8480,5554,5554,5554,5552,5554
2026-05-25 12:46:03,8480,5554,5554,5554,5552,5554
2026-05-25 12:46:13,8480,5554,5554,5554,5552,5554
2026-05-25 12:46:23,8480,5974,5974,5974,5972,5974
2026-05-25 12:46:34,14961,12312,12152,12272,12150,12150
2026-05-25 12:46:44,52115,49206,50586,50586,49684,49910
2026-05-25 12:46:54,49095,47506,47506,47506,47666,47610
2026-05-25 12:47:04,52899,51390,51430,51430,51470,51314
2026-05-25 12:47:15,52899,51390,51430,51430,51470,51314
2026-05-25 12:47:25,52899,51430,51430,51430,51470,51314
2026-05-25 12:47:35,52919,51430,51430,51430,51470,51314
2026-05-25 12:47:45,52919,51430,51430,51430,51470,51314
2026-05-25 12:47:55,52919,51430,51430,51430,51470,51314
2026-05-25 12:48:05,52919,51430,51430,51430,51470,51314
2026-05-25 12:48:15,52919,51430,51430,51430,51470,51314
2026-05-25 12:48:25,52919,51430,51430,51430,51470,51314
2026-05-25 12:48:35,52919,51430,51430,51430,51470,51314
2026-05-25 12:48:45,52919,51430,51430,51430,51470,51314
2026-05-25 12:48:55,52919,51430,51430,51430,51470,51314
2026-05-25 12:49:05,52919,51430,51430,51430,51470,51314
2026-05-25 12:49:16,52919,51430,51430,51430,51470,51314
2026-05-25 12:49:26,52919,51430,51430,51430,51470,51314
2026-05-25 12:49:36,52919,51430,51430,51430,51470,51314
2026-05-25 12:49:46,52919,51430,51430,51430,51470,51314
2026-05-25 12:49:56,52919,51430,51430,51430,51470,51314
2026-05-25 12:50:06,52919,51430,51430,51430,51470,51314
2026-05-25 12:50:16,52919,51430,51430,51430,51470,51314
2026-05-25 12:50:26,57855,56146,56146,56146,55246,55010
2026-05-25 12:50:36,57855,56146,56146,56146,55246,55010
2026-05-25 12:50:46,57857,56148,56148,56148,55248,55012
2026-05-25 12:50:56,57871,56164,56164,12866,55264,55028
2026-05-25 12:51:06,12111,9304,9304,9304,9304,9248
2026-05-25 12:51:16,12111,9304,9304,9304,9304,9248
2026-05-25 12:51:26,12111,9304,9304,9304,9304,9248
2026-05-25 12:51:36,12111,9304,9304,9304,9304,9248
2026-05-25 12:51:46,12111,9304,9304,9304,9304,9248
2026-05-25 12:51:56,12111,9304,9304,9304,9304,9248
2026-05-25 12:52:06,12111,9304,9304,9304,9304,9248
2026-05-25 12:52:17,12111,9304,9304,9304,9304,9248
2026-05-25 12:52:27,12111,9304,9304,9304,9304,9248
2026-05-25 12:52:37,12111,9304,9304,9304,9304,9248
2026-05-25 12:52:47,12111,9304,9304,9304,9304,9248
2026-05-25 12:52:57,12111,9304,9304,9304,9304,9248
2026-05-25 12:53:07,24911,9304,9304,9304,9304,9248
2026-05-25 12:53:17,24911,22064,22064,9304,9304,9248
2026-05-25 12:53:27,24911,22064,22064,22064,22064,21908
2026-05-25 12:53:37,78843,76016,76016,76016,76016,75920
2026-05-25 12:53:47,78843,76016,76016,76016,76016,75920
2026-05-25 12:53:57,78843,76016,76016,76016,76016,75920
2026-05-25 12:54:07,78843,76016,76016,76016,76016,75920
2026-05-25 12:54:17,78843,76016,76016,76016,76016,75920
2026-05-25 12:54:28,78843,76016,76016,76016,76016,75920
2026-05-25 12:54:38,78843,76016,76016,76016,76016,75920
2026-05-25 12:54:48,78843,76016,76016,76016,76016,75920
2026-05-25 12:54:58,78843,76016,76016,76016,76016,75920
2026-05-25 12:55:08,78843,76016,76016,76016,76016,75920
2026-05-25 12:55:18,78843,76016,76016,76016,76016,75920
2026-05-25 12:55:28,78843,76016,76016,76016,76016,75920
2026-05-25 12:55:38,8480,5554,5554,5554,5552,5554
2026-05-25 12:55:51,8480,5554,5554,5554,5552,5554
2026-05-25 12:56:01,8480,5554,5554,5554,5552,5554
2026-05-25 12:56:11,8480,5554,5554,5554,5552,5554
2026-05-25 12:56:21,8480,5974,5974,5974,5972,5974
2026-05-25 12:56:31,12301,9652,9652,9492,9650,9790
2026-05-25 12:56:41,14421,11672,11672,11672,11670,11590
2026-05-25 12:56:51,49095,47506,47506,47506,47666,47610
2026-05-25 12:57:01,52899,51430,51430,51430,51450,51314
2026-05-25 12:57:11,52899,51430,51430,51430,51450,51314
2026-05-25 12:57:21,52899,51430,51430,51430,51470,51314
2026-05-25 12:57:31,52919,51430,51430,51430,51470,51314
2026-05-25 12:57:41,52919,51430,51430,51430,51470,51314
2026-05-25 12:57:52,52919,51430,51430,51430,51470,51314
2026-05-25 12:58:02,52919,51430,51430,51430,51470,51314
2026-05-25 12:58:12,52919,51430,51430,51430,51470,51314
2026-05-25 12:58:22,52919,51430,51430,51430,51470,51314
2026-05-25 12:58:32,52919,51430,51430,51430,51470,51314
2026-05-25 12:58:42,52919,51430,51430,51430,51470,51314
2026-05-25 12:58:52,52919,51430,51430,51430,51470,51314
2026-05-25 12:59:02,58255,56546,56546,56546,55686,55430
2026-05-25 12:59:12,58255,56546,56546,56546,55686,55430
2026-05-25 12:59:23,58257,56548,56548,56548,55688,55432
2026-05-25 12:59:33,58267,56560,56562,56560,55700,55444
2026-05-25 12:59:43,12111,9304,9304,9304,9304,9248
2026-05-25 12:59:53,12111,9304,9304,9304,9304,9248
2026-05-25 13:00:03,12111,9304,9304,9304,9304,9248
2026-05-25 13:00:13,12111,9304,9304,9304,9304,9248
2026-05-25 13:00:24,12111,9304,9304,9304,9304,9248
2026-05-25 13:00:34,12111,9304,9304,9304,9304,9248
2026-05-25 13:00:44,12111,9304,9304,9304,9304,9248
2026-05-25 13:00:54,12111,9304,9304,9304,9304,9248
2026-05-25 13:01:04,12111,9304,9304,9304,9304,9248
2026-05-25 13:01:14,12111,9304,9304,9304,9304,9248
2026-05-25 13:01:24,12111,9304,9304,9304,9304,9248
2026-05-25 13:01:34,12111,9304,9304,9304,9304,9248
2026-05-25 13:01:44,12111,9304,9304,9304,9304,9248
2026-05-25 13:01:54,12111,9304,9304,9304,9304,9248
2026-05-25 13:02:04,12111,9304,9304,9304,9304,9248
2026-05-25 13:02:14,12111,9304,9304,9304,9304,9248
2026-05-25 13:02:24,17511,9304,9304,9304,9304,9248
2026-05-25 13:02:34,24931,22084,22084,9304,9304,9248
2026-05-25 13:02:45,24931,22084,22084,22084,22084,9248
2026-05-25 13:02:55,77401,74574,74574,74574,74574,74478
2026-05-25 13:03:05,79481,76654,76654,76654,76654,76558
2026-05-25 13:03:15,79481,76654,76654,76654,76654,76558
2026-05-25 13:03:25,79481,76654,76654,76654,76654,76558
2026-05-25 13:03:35,79481,76654,76654,76654,76654,76558
2026-05-25 13:03:45,79481,76654,76654,76654,76654,76558
2026-05-25 13:03:55,79481,76654,76654,76654,76654,76558
2026-05-25 13:04:05,79481,76654,76654,76654,76654,76558
2026-05-25 13:04:15,79481,76654,76654,76654,76654,76558
2026-05-25 13:04:25,79481,76654,76654,76654,76654,76558
2026-05-25 13:04:36,79481,76654,76654,76654,76654,76558
2026-05-25 13:04:46,79481,76654,76654,76654,76654,76558
2026-05-25 13:04:56,79481,76654,76654,76654,76654,76558
2026-05-25 13:05:06,79481,76654,76654,76654,76654,76558
2026-05-25 13:05:16,79481,76654,76654,76654,76654,76558
2026-05-25 13:05:26,35961,32854,32854,32854,32854,32738
2026-05-25 13:05:37,35961,32854,32854,32854,32854,32738
2026-05-25 13:05:47,63205,61598,38154,61578,61578,61482
2026-05-25 13:05:57,63205,61598,61578,61578,61578,61482
2026-05-25 13:06:07,63205,61598,61578,61598,61578,61482
2026-05-25 13:06:17,63205,61598,61578,61598,61578,61482
2026-05-25 13:06:27,63205,61598,61578,61598,61578,61482
2026-05-25 13:06:37,63205,61598,61578,61598,61578,61482
2026-05-25 13:06:47,63205,61598,61578,61598,61578,61482
2026-05-25 13:06:57,63205,61598,61578,61598,61578,61482
2026-05-25 13:07:08,63205,61598,61578,61598,61578,61482
2026-05-25 13:07:18,63205,61598,61578,61598,61578,61482
2026-05-25 13:07:28,63205,61598,61578,61598,61578,61482
2026-05-25 13:07:38,63205,61598,61578,61598,61578,61482
2026-05-25 13:07:48,63205,61598,61578,61598,61578,61482
2026-05-25 13:07:58,63205,61598,61578,61598,61578,61482
2026-05-25 13:08:08,37601,35074,35074,35074,35074,34958
2026-05-25 13:08:18,62001,59474,59474,59474,59474,59358
2026-05-25 13:08:28,62003,59476,59476,59476,59476,59360
2026-05-25 13:08:38,62003,59476,59476,59476,59476,59360
2026-05-25 13:08:48,22441,19554,19554,19554,19554,19458
2026-05-25 13:08:58,22441,19554,19554,19554,19554,19458
2026-05-25 13:09:09,22441,19554,19554,19554,19554,19458
2026-05-25 13:09:19,22441,19554,19554,19554,19554,19458
2026-05-25 13:09:29,22441,19554,19554,19554,19554,19458
2026-05-25 13:09:39,22441,19554,19554,19554,19554,19458
2026-05-25 13:09:49,22441,19554,19554,19554,19554,19458
2026-05-25 13:09:59,22441,19554,19554,19554,19554,19458
2026-05-25 13:10:09,22441,19554,19554,19554,19554,19458
2026-05-25 13:10:19,22441,19554,19554,19554,19554,19458
2026-05-25 13:10:29,22441,19554,19554,19554,19554,19458
2026-05-25 13:10:39,22441,19554,19554,19554,19554,19458
2026-05-25 13:10:50,22441,19554,19554,19554,19554,19458
2026-05-25 13:11:00,22441,19554,19554,19554,19554,19458
2026-05-25 13:11:10,22441,19554,19554,19554,19554,19458
2026-05-25 13:11:20,22441,19554,19554,19554,19554,19458
2026-05-25 13:11:30,34701,31894,31894,19554,19554,19458
2026-05-25 13:11:40,37941,35014,36294,35254,36294,36098
2026-05-25 13:11:51,74921,35314,35314,35314,35314,35318
2026-05-25 13:12:01,60161,57736,56696,58036,56016,57020
2026-05-25 13:12:11,66221,63776,64356,67696,65316,67680
2026-05-25 13:12:22,74981,72096,72156,72096,72096,41778
2026-05-25 13:12:32,46821,44016,44016,44016,44014,43978
2026-05-25 13:12:42,74981,72156,72156,72156,72096,72140
2026-05-25 13:12:52,74981,72156,72096,72096,72156,41778
2026-05-25 13:13:02,62461,58876,58876,63856,63856,58838
2026-05-25 13:13:12,74981,72096,72156,72096,72156,72140
2026-05-25 13:13:22,42561,39716,39016,39716,39716,51298
2026-05-25 13:13:32,74981,72156,72096,72096,72156,37618
2026-05-25 13:13:42,76901,75496,74916,75396,74596,75400
2026-05-25 13:13:52,41861,39016,39016,39016,39016,51298
2026-05-25 13:14:02,74981,72156,72156,72096,72156,43378
2026-05-25 13:14:13,80341,81076,80716,80616,79576,80300
2026-05-25 13:14:23,71621,68816,66996,64416,65596,73958
2026-05-25 13:14:33,74981,72096,72096,72096,72156,41778
2026-05-25 13:14:43,46181,43176,43176,43176,43176,43158
2026-05-25 13:14:53,79101,76296,76296,76296,76296,72920
2026-05-25 13:15:03,74981,72156,72156,72096,72156,41778
2026-05-25 13:15:13,46381,43576,43576,43576,43576,43498
2026-05-25 13:15:23,74981,72156,72156,72156,72096,72140
2026-05-25 13:15:33,80341,77516,77516,77456,77516,51298
2026-05-25 13:15:43,35961,32834,32834,32834,32834,32738
2026-05-25 13:15:53,63145,61558,61558,61538,61558,61482
2026-05-25 13:16:04,63145,61558,61558,61538,61558,61502
2026-05-25 13:16:14,63305,61558,61558,61558,61558,61502
2026-05-25 13:16:24,63305,61558,61558,61558,61558,61502
2026-05-25 13:16:34,63305,61558,61558,61558,61558,61502
2026-05-25 13:16:44,63305,61558,61558,61558,61558,61502
2026-05-25 13:16:54,63305,61558,61558,61558,61558,61502
2026-05-25 13:17:04,63305,61558,61558,61558,61558,61502
2026-05-25 13:17:14,63305,61558,61558,61558,61558,61502
2026-05-25 13:17:24,63305,61558,61558,61558,61558,61502
2026-05-25 13:17:34,63305,61558,61558,61558,61558,61502
2026-05-25 13:17:44,8480,5554,5554,5554,5552,5554
2026-05-25 13:17:57,8480,5554,5554,5554,5552,5554
2026-05-25 13:18:08,8480,5554,5554,5554,5552,5554
2026-05-25 13:18:18,8480,5554,5554,5554,5552,5554
2026-05-25 13:18:28,8480,5974,5974,5974,5972,5974
2026-05-25 13:18:38,8505,5974,5974,5974,5972,5974
2026-05-25 13:18:48,14421,11672,11672,11672,11670,11590
2026-05-25 13:18:58,49095,47506,47506,47506,47666,47610
2026-05-25 13:19:09,52897,51428,51428,51388,51468,51312
2026-05-25 13:19:19,52899,51430,51430,51390,51470,51314
2026-05-25 13:19:29,52899,51430,51430,51430,51470,51314
2026-05-25 13:19:39,52899,51430,51430,51430,51470,51314
2026-05-25 13:19:49,52899,51430,51430,51430,51470,51314
2026-05-25 13:19:59,52899,51430,51430,51430,51470,51314
2026-05-25 13:20:09,52899,51430,51430,51430,51470,51314
2026-05-25 13:20:19,52899,51430,51430,51430,51470,51314
2026-05-25 13:20:29,52899,51430,51430,51430,51470,51314
2026-05-25 13:20:39,52899,51430,51430,51430,51470,51314
2026-05-25 13:20:49,52899,51430,51430,51430,51470,51314
2026-05-25 13:21:00,52899,51430,51430,51430,51470,51314
2026-05-25 13:21:10,52899,51430,51430,51430,51470,51314
2026-05-25 13:21:20,52899,51430,51430,51430,51470,51314
2026-05-25 13:21:30,55895,53046,53046,53046,53026,53310
2026-05-25 13:21:40,55895,53046,53046,53046,53026,53310
